-6.293843,-16.781567,11.482719,10.096513,17.177188,-24.932113,-7.131228,10.377752,2.992370,7.154955,16.358526,-29.903670,-1.067109,9.291356,22.660487,10.952621,-30.337514,-17.380392,15.384710
-7.023072,-13.981537,9.568627,7.771969,18.106691,-43.077958,-0.220951,-3.011856,5.192294,7.046998,15.839963,-25.696757,2.348959,13.076921,22.981079,13.078508,-25.098238,-16.282353,19.492103
-5.637537,-18.315984,7.133288,7.349325,17.053254,-24.897505,0.347295,-5.841428,4.339925,7.003815,14.068208,-20.956970,-0.044877,10.483711,20.165698,11.842527,-24.378759,-16.941176,17.352117
-7.168917,-22.292027,8.380865,6.254292,14.078843,-17.364614,-0.525368,3.784665,3.706737,8.342489,12.966262,-22.190997,3.759380,12.353689,19.909224,7.640192,-27.312016,-17.819608,13.589883
-3.668620,-15.527153,12.456855,8.348302,11.848035,-25.439689,5.380331,11.182238,6.426200,8.882277,13.117510,-24.294453,5.415656,7.590784,17.985672,3.569696,-26.906157,-20.298039,4.046235
1.168597,-13.197528,14.020600,8.233036,8.997559,-27.354635,5.004883,9.249622,8.877775,10.112993,12.879835,-19.750988,7.162509,5.408057,14.727291,-1.753262,-19.822065,-18.792157,-5.065965
-1.067704,-16.859968,11.610895,4.256336,6.890684,-23.005631,2.437629,9.887663,8.609888,9.119783,10.956832,-20.900877,8.132982,9.011185,14.814725,-2.033417,-23.308766,-17.662745,9.189105
-3.863081,-17.419974,10.747845,7.138003,14.450645,-30.100160,-0.007858,12.772717,7.181155,8.752728,10.546304,-19.498573,10.850309,10.659632,13.497383,1.336690,-30.761822,-20.894118,14.728908
-1.748318,-16.199161,10.012970,3.776059,10.546731,-28.473610,-9.353475,-13.275990,10.574395,10.005035,12.836622,-14.253956,12.959472,13.448310,17.088014,2.844587,-15.874159,-14.509804,9.724102
-2.915084,-13.432731,12.867018,7.041947,11.971969,-25.508904,-1.682155,-3.594415,9.137545,9.508431,15.645502,-24.098131,2.258381,8.685405,21.051698,5.629664,-31.186130,-17.835294,16.610025
-6.901534,-14.429541,13.704433,8.598047,14.574578,-31.034562,-2.341726,3.655207,8.423178,10.220951,16.552987,-24.995605,0.395071,6.991348,21.640421,5.316548,-32.163882,-19.262745,21.200641
0.828290,-15.415152,7.987793,0.529381,4.226108,-21.898192,-3.742046,-0.570657,10.119799,6.291295,9.552392,-10.103136,5.583871,6.574350,15.555001,-1.522545,-12.055390,-15.890196,14.055848
2.043671,-14.395941,8.252689,0.913603,3.110704,-31.369100,-12.174411,0.011902,10.777340,7.932250,7.867063,-4.045182,9.077577,9.949432,13.380804,-1.959258,-8.531792,-16.078431,15.367453
-0.362783,-12.682322,12.200504,4.006592,5.961181,-31.346029,-8.764935,0.076631,10.014267,10.890288,9.725246,-10.075090,6.903716,9.942916,14.202686,-1.110552,-13.586587,-17.396078,11.501671
5.276585,-14.653544,9.431907,3.987381,3.358572,-17.618402,0.732891,8.186221,7.213626,6.464027,8.104738,-7.130251,4.509880,4.925902,13.701396,-4.447700,-18.051041,-22.039216,8.170886
5.422431,-11.943114,13.969329,4.986358,1.127764,-27.804532,-9.475242,6.947127,8.017288,9.422065,10.870405,-6.877836,7.447181,7.173785,15.088685,-5.296407,-14.508995,-22.760784,8.291691
3.040284,-9.680690,16.507210,6.657725,6.890684,-16.626322,2.183948,17.118791,6.832090,8.860685,10.589517,-12.346822,2.698329,3.622782,10.763607,-4.975051,-26.795468,-27.717647,2.493019
-0.216938,-13.835935,10.388952,2.604181,9.555261,-36.963973,-1.935836,-3.575921,8.301411,8.148165,9.660426,-4.634150,9.633982,9.962463,13.409949,1.781643,-11.926253,-20.047059,9.793133
1.606134,-15.515953,9.372091,0.125948,7.820188,-40.713115,-12.275883,-15.180865,10.874754,10.890288,10.114168,-4.802426,12.998291,14.471260,16.481804,5.044633,-6.318013,-16.219608,11.346349
4.644587,-14.866346,9.004654,2.162325,8.563790,-26.985489,-5.771496,-1.042252,9.551553,9.573205,10.157382,-5.223117,8.857603,8.366140,14.301778,0.899977,-19.157931,-21.474510,8.533303
4.644587,-11.058305,10.764935,1.470726,0.260227,-33.457084,-1.316854,-1.310414,9.689555,9.853895,10.308629,-4.101274,8.948180,9.017700,15.473396,-6.219272,-9.878508,-19.121569,6.168963
8.849805,-9.647089,9.867704,1.240192,0.632029,-24.297642,-5.883116,0.529732,11.028992,9.443656,9.898100,-6.344961,8.844663,10.262181,17.157961,-7.809567,-13.641932,-17.003922,-2.995010
5.179355,-10.352697,6.859846,1.758892,4.040208,-31.588281,-3.802930,2.767498,10.769223,6.787900,7.715816,-1.464942,11.691386,11.226490,14.540764,-4.291142,-10.671778,-14.603922,-6.481117
-3.085237,-10.263096,12.747387,7.906447,8.811658,-34.714488,3.655299,22.149142,9.405432,7.673152,10.351843,-13.945449,7.783612,9.148013,11.486397,-4.521859,-20.689128,-21.929412,-1.838727
-1.894163,-14.093538,10.807660,4.736614,10.670665,-33.814694,-1.753185,0.520485,8.601770,8.212940,13.117510,-13.917403,12.247791,8.522515,15.718212,1.542687,-16.612085,-22.447059,10.000229
0.342138,-12.368719,10.406043,2.277592,8.687724,-42.835706,-12.651331,-10.723827,10.614984,10.328908,13.549645,-2.951385,13.308843,9.975494,18.329580,-0.953994,-8.716274,-17.960784,11.467155
-5.394461,-20.455207,10.440223,6.849836,13.892943,-32.326574,-1.996719,8.694804,6.929503,9.918669,14.608377,-10.299458,12.221912,10.425071,17.944869,-4.076905,-21.334813,-20.376471,4.477684
-2.234470,-15.762356,9.611353,5.043992,8.625757,-23.386313,-15.573739,-7.496635,8.220233,10.350500,14.219455,-14.955108,15.935592,14.803555,19.262211,1.501488,-19.803616,-18.086275,9.844907
2.019364,-3.005417,16.678111,8.982269,9.679194,-47.046281,-37.623713,-4.204715,14.941772,16.309758,15.775143,-14.618555,15.275669,19.390539,18.621027,-0.492561,-21.187228,-16.188235,6.842023
-1.067704,-13.141527,12.183413,4.486870,3.296605,-34.910597,6.222553,-0.903548,10.712398,10.285725,10.200595,-10.944518,12.972412,12.848875,13.019409,-7.694209,-11.132982,-17.066667,0.732708
-0.678782,-12.794324,11.875792,6.869047,10.856565,-31.461387,11.539712,1.963012,9.040131,8.277714,11.777890,-14.029587,7.201328,6.724208,15.129488,-4.357061,-24.046693,-18.164706,4.391394
-1.237858,-13.791135,12.405585,5.677958,9.245426,-36.733257,-5.456931,-1.892973,10.184741,10.307317,12.728588,-11.701762,13.554696,11.389380,16.324422,-3.170520,-11.686427,-17.568627,1.543832
-1.626780,-13.399130,12.294499,5.428214,5.589380,-30.146304,5.694896,-1.504601,9.129427,8.752728,11.993957,-14.983154,5.726207,8.841779,14.383383,-1.242390,-11.889357,-15.905882,2.958984
-2.574777,-9.176684,15.037461,11.518135,17.115221,-40.643900,-10.094224,4.284001,10.347097,11.084611,15.861570,-20.424094,6.256733,10.770397,16.254475,4.031128,-27.976150,-15.435294,3.908171
-3.182467,-10.173495,13.473716,5.236103,7.882155,-39.674891,-17.400244,-8.606271,10.890990,10.890288,14.154635,-11.028656,15.870893,13.546044,14.733120,-1.827420,-3.034241,-14.650980,3.010758
-4.543694,-11.909514,14.071870,8.271458,14.574578,-34.241520,0.438621,-6.747631,6.190784,8.364080,17.503685,-12.655329,4.794553,9.258778,22.083421,3.956970,-18.235523,-11.058824,-10.001740
-4.713848,-13.074327,14.123140,6.696147,12.591638,-33.434012,9.966888,-2.595743,5.151705,7.694743,15.861570,-16.722011,4.458122,10.750851,21.319829,2.407874,-17.774319,-9.129412,-13.470588
-6.075074,-11.741512,11.525444,6.311925,18.850294,-40.978439,3.878538,3.461021,2.692012,5.427634,13.203937,-20.648463,1.067933,7.186816,15.251896,3.248341,-16.446052,-9.364706,13.261982
-9.794141,-20.164004,7.611810,9.078325,25.914519,-24.309178,2.569543,13.142596,-1.172061,0.396811,12.296452,-22.920195,0.576226,6.541772,14.051133,7.722591,-22.312566,-13.239216,14.107622
-5.929229,-15.616754,10.679484,9.424125,20.089631,-25.012863,2.082475,17.035569,0.930449,-0.337301,11.497002,-18.629145,0.446830,4.482841,10.996765,3.495537,-19.674479,-16.094118,10.259098
-3.838773,-10.274296,9.688258,9.059113,24.179446,-45.085191,-4.036316,10.590433,0.386557,0.137713,13.679286,-17.759716,-2.412833,2.808331,16.207843,10.548867,-20.541543,-10.368627,17.162280
-9.016297,-18.338384,6.458228,5.216892,17.487022,-34.714488,2.488365,2.009247,2.010117,2.016175,13.031083,-19.638804,5.726207,7.883986,18.755093,9.444724,-12.295216,-11.545098,13.089403
-3.547082,-14.530343,5.919890,-0.911452,12.219837,-28.069856,-1.976425,-10.908766,5.655009,3.808270,10.762371,-18.012131,10.449180,9.995041,17.991501,8.464179,-10.044541,-10.321569,13.141176
-4.203388,-16.859968,6.210422,-1.353307,12.529671,-37.044724,-6.339742,-13.081804,7.424689,6.377661,11.064866,-14.814878,12.661860,14.353979,18.475303,11.735409,-9.527993,-10.384314,12.865049
-8.530144,-13.858335,10.465858,3.334203,11.848035,-39.432639,1.270695,1.491417,7.140566,6.939040,9.984527,-17.815808,11.665507,13.389670,15.834791,4.294804,-11.317464,-13.239216,6.634928
-4.252003,-14.183139,8.927749,3.199725,9.245426,-24.516823,7.186542,6.577249,4.307454,4.844663,8.493660,-19.554665,8.754086,8.014298,13.829633,0.001831,-12.940902,-13.317647,5.513161
-3.547082,-15.179950,10.337682,4.563714,3.792340,-23.363241,11.265736,8.842756,5.297826,6.464027,9.552392,-17.675578,6.502586,7.792767,14.459159,0.356146,-23.511696,-13.960784,8.084596
4.717510,-5.357443,10.124056,1.201770,1.561532,-26.743236,-2.077897,-3.622156,10.647456,5.773098,7.024399,-10.720150,7.913008,10.470680,14.365896,-0.368963,-17.257771,-14.070588,6.531380
-1.748318,-20.052003,8.098878,1.816526,6.828717,0.019867,-5.132219,-7.653834,8.090349,4.456016,6.030488,-12.402914,11.756085,11.089662,12.465660,1.180133,-18.918105,-17.066667,11.260060
-9.283680,-11.259907,15.293812,6.465614,7.014618,-35.406638,-5.436637,9.314351,7.960464,7.543603,9.163470,-17.367071,11.924300,15.806958,16.027146,1.155413,-15.615885,-13.913725,0.767224
-2.088624,-11.741512,9.568627,5.524269,4.164141,-45.212085,-10.002899,10.544198,7.010681,6.053788,11.064866,-8.083818,10.850309,15.715740,19.932540,1.468528,-8.181277,-13.176471,-3.288396
-2.890776,-10.744701,9.098650,4.121859,0.198260,-33.364797,0.550240,9.564019,3.227787,5.168536,10.049348,-12.571191,4.600458,11.102693,19.407935,-2.527810,-15.154681,-6.792157,7.049119
-1.116320,-14.978347,9.790799,2.834714,1.623499,-45.431266,6.496529,2.684276,4.956878,6.118563,10.049348,-11.028656,7.421302,14.080323,20.958434,-2.058137,-11.631083,-8.250980,7.601373
2.699977,-14.888746,4.988479,1.413092,1.685466,-20.813825,4.213397,3.368551,3.950271,2.728695,6.592264,-10.748196,7.757733,11.180880,14.954620,-0.385443,-20.154131,-11.215686,12.778759
-1.432319,-0.059785,13.866789,3.507103,-2.094514,-37.102403,13.142977,7.400229,3.633677,5.384451,7.197253,-19.638804,0.498589,11.128756,12.483146,-0.649119,-20.504646,-12.345098,15.678096
2.067979,-14.149538,9.807889,2.219959,-0.049607,-21.148363,8.302739,0.520485,2.489067,3.613947,8.385626,-10.692103,4.742794,9.832151,13.963699,-0.492561,-19.988098,-13.600000,14.314717
3.429206,-9.747890,11.901427,2.469703,-2.156481,-31.576745,11.174411,6.114900,3.187198,3.505989,6.678691,-9.682444,5.493294,8.633280,11.585489,-6.087434,-13.143832,-13.772549,12.140215
1.217212,-24.364050,9.286641,3.046036,-2.776150,-4.779034,9.682765,7.668391,1.433753,3.462806,5.447105,-7.915541,6.567285,10.438102,9.906752,-6.779583,-11.132982,-17.929412,7.618631
8.801190,24.972488,13.285725,1.278614,-5.874495,6.987503,-6.451362,1.648615,8.009171,2.404822,2.270909,-16.076951,5.920302,5.447150,4.019516,-11.163195,-23.087388,-23.184314,0.922545
2.894438,2.370642,17.925689,7.771969,-0.359442,-44.473793,12.666056,5.033005,7.051270,5.427634,8.169558,-17.002472,5.389776,14.086839,12.558923,-4.785534,-14.066239,-28.000000,7.446052
3.575051,-13.757534,10.320592,8.233036,4.659876,-42.028199,19.434272,14.807050,1.758465,1.217288,8.428840,-12.487053,4.315785,10.190509,13.415778,-2.494850,-13.365209,-25.050980,8.947494
2.383978,13.089158,13.473716,4.851881,2.800870,-41.601373,5.918135,4.607645,2.773190,1.778668,8.947402,-22.022721,6.489647,8.300984,13.928725,-4.184024,-25.504097,-5.772549,9.862165
-0.921859,-37.109789,6.381323,6.446403,9.121492,-28.415930,4.233692,2.795239,-1.902663,2.469596,12.512520,-14.197864,10.746792,13.057374,19.396277,1.954681,-7.701625,-11.733333,12.951339
2.481209,-13.589532,9.636988,8.386725,10.112963,-24.378393,7.815671,11.422660,0.638209,2.275273,10.956832,-21.517891,11.225559,11.324224,14.989593,2.070039,-16.353811,-37.647059,10.276356
-1.724010,-17.968780,10.645304,7.579858,11.724102,-25.658869,-4.442206,3.793912,2.537774,5.859464,12.490913,-21.125246,19.028168,29.528817,19.670237,2.292515,-38.989700,-8.250980,-6.878050
-3.425544,-16.770367,13.858244,13.861891,18.912261,-30.123232,8.038911,21.353902,1.920821,7.781109,17.482078,-10.439689,2.853605,22.843809,25.166934,4.912795,-14.103136,-68.235294,-15.765896
-1.748318,-11.170306,14.618753,12.401846,10.670665,-29.777157,13.366217,20.771344,-0.384634,8.428855,19.685969,-10.776242,-4.237324,16.217441,31.188235,6.132296,-25.522545,-74.243137,4.529458
-2.331701,-19.402396,7.321279,0.952026,-2.466316,-39.697963,-0.190509,-3.298512,2.294240,4.844663,10.632731,-4.914611,14.589868,13.819699,16.161212,-6.787823,-21.242573,22.541176,7.290730
-5.783383,-24.576852,5.911345,3.238148,8.935592,-28.035248,-10.916152,4.108309,2.107530,3.354849,9.098650,-6.625422,8.974060,9.929885,9.994186,-2.915084,4.640192,-2.807843,11.536187
-1.164935,3.849058,16.447395,6.734569,6.580850,-60.220188,-24.919356,2.545571,8.049760,9.983444,12.555734,-6.485191,2.232502,23.019730,18.323751,-2.016938,-10.524193,-13.396078,8.498787
-4.981231,21.870054,19.865415,3.468681,-2.652216,-50.576242,-5.801938,-3.529686,8.634241,7.867475,9.444358,-9.401984,2.775967,10.848585,13.701396,-6.029755,-19.213275,-3.200000,7.049119
0.925521,-0.070985,4.475776,0.106737,2.924804,-31.830533,-1.976425,-0.274754,4.274983,4.477607,9.638819,-6.933928,6.204974,5.616556,17.035554,-1.975738,-11.299016,-13.113725,11.915862
-4.252003,-15.952758,7.210193,5.754803,5.775280,-50.830030,0.590829,5.125475,3.528145,6.140154,12.598947,-6.401053,9.336370,11.135271,17.775830,-1.250629,-6.816114,-7.607843,8.222660
-2.112932,-27.578485,9.303731,9.078325,9.307393,-28.242893,11.742657,5.560082,0.946685,8.018616,15.299794,-13.412573,3.371191,11.943206,18.446159,3.594415,-26.813916,-18.054902,9.724102
3.429206,-29.896910,6.629129,8.405936,5.899214,-10.039368,4.101778,5.911467,2.383536,8.320897,13.895354,-11.168887,6.010880,13.774090,17.933211,-4.208743,-22.091188,-24.705882,5.547677
-9.891371,-2.714214,14.567483,7.848814,1.499565,-31.599817,-9.678187,0.206088,4.388632,9.335698,12.620554,-10.860380,6.036759,13.278904,17.915724,-6.235752,-11.225223,-10.400000,5.047196
-1.286473,18.790021,19.797055,6.273503,-0.483375,-97.204028,-3.823224,-4.093751,10.777340,12.919890,13.960174,-9.037385,13.554696,13.285420,20.911803,-4.777295,-16.409155,-1.788235,8.757656
-3.571389,-39.047410,1.151751,-0.027741,-2.838117,-8.470497,5.603571,1.870542,2.424125,4.369650,8.947402,-3.456214,16.970764,14.412619,19.297185,-6.054475,-4.952850,-13.929412,7.411536
1.411673,12.103548,4.125429,-3.850752,-4.077455,-47.749966,-10.479820,-1.994690,9.981796,6.248112,7.002792,0.862882,13.580575,15.774380,16.714961,-7.035019,-11.132982,-4.752941,3.355917
-0.460014,-15.784756,10.303502,5.082414,3.544472,-65.157519,10.108949,9.980133,9.884382,9.184558,11.302541,-3.736675,17.203677,20.178927,17.770001,-4.291142,-14.711925,-18.760784,-1.528084
-2.234470,-31.173724,4.783398,0.529381,3.234638,-15.645777,-4.016022,-1.966949,5.776776,8.083391,10.935225,-3.372076,5.363897,22.661372,19.244724,-0.929274,-11.335912,-15.796078,5.961868
2.554131,21.567651,19.079271,3.122881,1.313664,-89.325063,-3.214389,-7.385672,13.391272,12.358511,11.993957,1.031159,10.772671,10.965866,13.654765,-5.568322,-9.841611,-7.513725,1.164157
8.825498,-10.117494,11.465629,5.178470,-0.669276,-16.084138,3.726329,-3.095079,13.066560,15.554055,17.525292,3.471168,14.809842,24.146929,26.373526,-4.200504,-9.767819,-82.870588,-17.215564
3.186130,-2.389410,21.856413,14.956924,3.792340,-43.827787,-73.707332,-1.208698,14.884947,19.246204,20.096498,2.377371,17.242496,31.190295,28.640986,-3.508354,-16.833463,-25.803922,-10.105287
-8.092607,-35.900175,21.993133,22.775845,10.422797,-32.730327,-30.794614,6.586496,3.739208,8.709545,11.216114,-7.074159,14.654566,6.457069,4.736477,-8.682994,-5.598535,25.960784,-8.206912
10.235340,24.031678,10.645304,-4.138918,-3.519753,-54.429206,16.836576,-18.287846,16.143206,9.573205,6.765118,-1.717357,11.199680,11.819409,8.752621,-8.559396,-14.527443,-17.427451,-3.253880
1.703365,-3.979828,7.970703,-5.906340,-2.032547,-64.430762,9.926299,-9.253559,13.310094,8.428855,9.465965,2.181048,29.082277,20.472129,17.006409,-6.318151,-22.792218,-2.352941,-2.304692
-0.654475,-11.192706,2.835126,-4.446296,-2.900084,16.077729,-31.301976,-3.270771,6.239490,3.613947,7.910277,1.676219,20.606806,12.842359,13.876265,-6.647745,-5.930602,-13.600000,-5.635477
0.876905,39.499046,16.652476,-1.852796,1.313664,-93.927855,-30.124895,-7.357931,15.826612,12.574426,11.929137,-0.090684,9.866896,16.627924,16.038804,-1.159991,-12.664179,-0.172549,6.220737
3.818128,-32.551339,15.695430,5.677958,11.662135,-49.341909,8.302739,-0.792584,9.437903,10.264134,13.636072,-0.399191,10.707973,13.161624,12.529778,3.413138,-16.981048,-25.458824,7.307988
2.821515,-28.720897,15.661250,4.160281,11.971969,-21.644404,-27.780880,-1.116228,7.603281,7.889067,13.895354,-3.792767,21.111452,20.745785,14.873014,2.811627,-13.199176,-27.043137,-0.112932
-8.505837,-22.012024,2.476234,1.758892,16.185718,-37.379263,-27.354696,-1.569329,3.438849,6.377661,16.164065,-9.345892,13.399420,24.094804,23.424079,9.848478,-20.559991,1.647059,7.981048
-2.453239,24.782086,19.566339,3.641581,14.760479,-55.652003,-40.048905,-8.550790,10.071092,9.357290,16.099245,-1.044251,13.593515,10.959350,16.942290,9.823758,-25.227375,-23.121569,6.617670
-4.033234,-3.431022,22.309300,8.079347,15.566049,-97.446281,5.755779,-4.019776,7.083742,8.104982,14.068208,-4.718288,21.422004,16.582315,13.887922,6.824445,-19.360861,-11.027451,4.512200
-2.501854,-25.696864,2.074617,4.947936,16.991287,-42.305058,-3.985580,-0.644633,4.120745,3.592355,12.577340,-2.783108,2.672450,15.650584,16.796567,9.609522,-15.689677,-8.250980,12.934081
2.092287,-1.941405,10.252232,6.869047,16.371618,-72.125154,9.175402,2.157198,8.195880,3.657130,10.697551,3.471168,4.432242,5.668681,11.025910,7.912108,-10.671778,-20.878431,3.735592
0.658137,-25.036057,-4.599069,-1.468574,13.521141,-12.277317,-25.842756,-8.023713,4.486046,0.655909,10.783978,1.900587,13.192386,13.402701,18.725948,10.540627,-16.169329,-10.949020,16.661799
2.383978,19.910033,24.402838,12.401846,8.130022,-38.129091,-90.003815,-12.702678,14.722591,12.660792,18.000641,1.003113,10.798550,13.383154,19.821790,3.627375,-20.486198,-1.129412,1.319478
2.651362,-16.591165,21.719692,8.598047,9.679194,-92.878096,0.063172,-11.898192,13.358801,14.906310,16.877089,-2.502647,13.593515,16.478065,20.148211,6.173495,-3.975097,-10.541176,-5.721767
-1.237858,-12.234318,-7.512932,-11.266239,6.023148,-20.975326,-0.271687,-13.877043,7.286687,3.721904,7.132433,-4.213458,13.451179,15.331319,16.924804,6.560769,-17.663630,1.317647,11.622477
2.918746,28.814130,10.081331,-1.622263,6.085115,-68.122225,-22.169451,-12.536233,14.365408,10.501640,10.524697,1.199435,11.367895,15.572396,16.178698,6.527810,-11.501946,-28.501961,10.431678
-1.116320,-13.298329,9.824979,2.642603,12.715572,-95.058366,-20.099413,-2.910140,11.183230,13.416495,15.839963,-3.792767,18.627039,30.265080,25.493355,12.353399,-17.350011,-14.603922,15.971481
-2.064317,-33.492149,17.917144,5.159258,10.298863,-25.197436,-22.778286,7.779355,4.518517,9.206149,15.148547,-12.402914,3.267674,8.164157,20.014145,6.865644,-29.950103,3.858824,13.814237
-7.363378,-0.026184,37.886931,10.596002,14.140810,-30.284733,-85.528878,-9.558709,7.035035,15.467689,18.519203,-6.541283,0.977356,12.992218,23.820447,9.667201,-17.239322,-13.349020,18.922591
7.002426,23.146868,16.772107,5.966125,7.944121,-86.521859,-13.747234,-2.151888,11.467353,10.523232,11.453788,-0.034592,9.401068,16.686564,15.485054,-0.138247,-26.057542,-11.921569,4.822843
3.088899,-22.460029,-10.572061,-3.235996,6.085115,-35.452781,36.420768,6.457038,6.215137,2.534371,9.163470,-1.016205,5.674449,17.507530,20.678645,3.891051,-26.906157,-23.686275,5.685740
-3.279698,-23.602441,2.117342,0.394903,6.209049,-41.809018,-11.027771,0.437263,6.588556,3.268482,9.206683,-3.708629,10.733852,17.924529,17.956527,1.616846,-13.586587,6.086275,14.625360
12.252873,13.156359,16.302129,3.353414,3.792340,-75.689723,-8.734493,2.471595,16.053910,7.824292,10.157382,-1.296666,5.622690,8.568124,14.744778,-2.906844,-12.332113,-21.882353,8.671366
-0.800320,15.429984,11.610895,1.797314,2.738903,-63.877043,-16.010071,-6.331518,16.646509,8.558404,7.218860,1.143343,25.174502,16.823392,13.899580,-3.121080,-40.244175,1.317647,8.119112
17.819318,-7.160662,-2.266270,0.952026,2.491035,-52.710369,3.320439,-2.170382,19.455268,9.270924,7.197253,12.698329,34.452232,31.418341,19.372961,-2.214694,-6.816114,-92.345098,7.359762
5.398123,8.508309,30.461280,17.319890,9.431327,-24.170748,-70.155795,-6.830854,16.459800,19.051881,19.469902,2.040818,-3.810315,48.182986,43.982773,9.494163,-16.372259,-116.784314,8.429755
-6.075074,17.121202,23.907225,2.008637,-6.308263,-60.127901,-13.310903,-16.854566,13.123384,10.609598,6.073701,-1.913680,14.162860,19.670710,12.961120,-7.603571,-47.641886,37.678431,2.613825
10.818723,2.729046,-1.403220,-3.658640,-2.466316,-68.549050,-29.333410,-4.306432,14.308583,9.227741,8.018311,2.181048,23.052399,14.907805,9.644450,-5.255207,-15.615885,36.015686,-0.216480
0.852598,-11.831113,24.889906,25.503822,11.538201,-62.285100,-56.203326,15.630030,7.838697,15.402914,19.794003,-10.103136,-6.100633,11.943206,21.040040,2.622110,-15.080888,3.905882,0.767224
-0.946166,-9.243885,6.629129,3.372625,7.882155,-68.606729,37.770352,9.175647,6.815854,5.967422,7.737423,-8.336233,6.321431,10.542351,10.728634,-5.502403,-21.685328,-5.976471,7.463310
1.314443,-1.067796,-0.975967,-4.138918,10.670665,-41.036118,-1.550240,-7.626093,8.195880,3.721904,7.218860,-8.728878,6.088518,17.689967,17.029725,0.570382,-12.701076,-11.686275,17.145022
-3.060929,-25.192859,6.244602,6.523247,9.989029,-67.245502,1.382315,6.568002,7.384100,6.982223,14.802838,-7.775311,7.951827,34.917220,33.170077,8.052186,-12.885557,-49.725490,22.011765
-2.672007,-10.016693,-1.599756,-0.719341,6.394949,-55.709682,3.685740,5.005264,4.031449,2.901427,8.083131,-9.570260,3.345312,24.993957,23.272526,1.641566,-30.134585,9.160784,17.973404
-1.772625,-4.304631,11.448539,-0.085374,4.907744,-53.794736,-22.128862,-15.781918,8.244587,8.126574,9.185077,-5.559670,6.062638,9.102403,16.627527,2.959945,-16.446052,22.713725,20.596612
2.991669,5.226673,17.917144,2.296803,9.493294,-75.482078,-12.407797,-8.402838,12.725612,12.855116,10.805585,-6.373007,3.461769,21.306126,20.241474,3.487297,-23.714626,-12.690196,16.402930
3.283360,-6.533455,11.345998,2.488914,12.095903,-39.051957,-13.483406,-0.348730,9.973678,10.998245,7.326894,-7.803357,5.506233,17.227359,10.746120,-0.929274,-33.233875,-2.996078,13.469078
-1.335088,-9.927092,24.676280,5.716381,8.749691,-65.330556,-17.664073,-2.808423,12.814908,15.921111,11.885924,-7.130251,17.320134,25.280644,17.606790,-1.629664,-32.366812,-15.717647,14.055848
13.735637,13.749966,15.883421,2.508125,8.377890,-61.327626,-16.223163,1.297230,13.001617,10.998245,9.984527,-10.355550,4.807492,9.806088,13.421607,-3.681392,-23.991348,-12.439216,10.586999
2.092287,-12.503120,13.627527,2.277592,1.375631,-58.224491,-20.190738,-0.764843,11.597238,12.164187,12.901442,-4.073228,19.688090,26.603311,19.093172,-2.387732,-14.472099,-21.098039,12.399084
-3.814466,7.612299,17.190814,6.388769,9.865095,-71.086931,0.600977,4.385718,11.296880,11.667582,12.382879,-12.963836,4.665156,21.892531,16.167041,-2.981003,-23.585489,-16.643137,7.049119
-1.918471,12.965957,2.587320,2.757870,12.343771,-24.586038,-14.812696,1.103044,7.635752,5.751507,9.682033,-9.289799,-0.070756,18.536995,13.806317,1.435569,-22.164981,-25.019608,9.413458
-5.807691,41.884672,11.721981,0.759915,1.065797,-42.247379,-37.116350,-12.980087,10.265919,7.370871,9.487572,-1.156435,8.741146,31.913527,16.242817,-4.563058,-19.508446,-19.733333,3.770108
-0.824628,22.900465,24.513924,10.211780,9.803128,-101.368460,-27.831617,-2.207370,9.592142,11.861906,15.170153,-4.914611,5.014527,20.889128,20.317250,-1.151751,-20.486198,-2.274510,10.932158
1.606134,-47.660304,7.056382,3.737636,1.251698,-51.083818,22.539330,-0.265507,0.045609,6.248112,12.296452,-0.763790,15.223911,16.934157,21.669566,0.150149,-21.427054,-4.094118,16.679057
6.978119,-2.557412,10.653849,3.622370,6.704784,-48.280613,-25.447013,2.776745,6.905150,10.739147,13.873747,-6.905882,1.727855,16.588830,20.801053,2.045319,-10.837812,-13.333333,4.046235
-0.071092,-15.123949,31.059434,21.411856,12.219837,-69.771847,-69.039597,10.941817,10.550042,18.339361,18.821698,-0.763790,23.557046,23.840696,22.182513,3.610895,-38.344015,-2.149020,-1.131151
4.279973,13.391562,17.652247,1.739681,-0.049607,-70.440925,-8.227131,-10.215244,14.746944,15.683604,11.885924,1.704265,29.069337,33.294835,17.262882,-1.802701,-40.133486,-31.482353,1.733669
4.425818,1.575433,23.215076,-5.791073,4.659876,-74.813001,-22.900053,-15.855894,9.989914,15.532464,14.802838,-9.486122,2.025467,36.982666,26.548394,6.626688,-25.670130,-7.043137,15.332937
11.450721,-23.400839,-3.231861,-6.540307,2.119234,-21.494438,3.543679,-11.195422,3.016724,2.404822,7.715816,0.722652,3.202976,10.848585,20.894316,2.951705,-8.513344,-6.243137,11.846830
8.995651,4.364263,4.484321,7.771969,10.050996,-51.764431,-18.283055,-3.076585,6.840208,6.787900,14.457130,-2.670924,-3.758556,23.573556,30.955077,7.228199,1.411765,-60.800000,13.520851
0.026139,-19.671199,12.978103,7.503014,6.828717,-43.908537,-8.196689,-1.412131,1.693523,4.326467,11.518608,-9.317845,8.094163,22.107546,21.354803,4.517281,-30.282170,2.039216,9.896681
7.683040,4.577066,1.963531,-0.488808,4.226108,-52.318151,5.684749,5.338155,6.142077,2.923018,6.657084,-7.242435,-1.196506,2.319661,6.473503,-0.962234,-3.476997,3.168627,8.636851
-3.085237,3.367453,22.642557,10.672847,5.961181,-75.770474,-14.985199,15.130694,7.343511,10.544823,11.324147,-10.383597,22.263081,22.772137,17.956527,-2.239414,-41.627787,-14.572549,12.796017
1.873518,3.781857,0.416876,-5.464485,-7.175799,-34.564523,10.636606,-3.982788,7.725048,6.377661,4.798901,-1.072297,33.442939,23.325963,12.535607,-7.793088,-48.545846,-3.921569,7.670405
9.919341,-2.131807,8.346685,2.738659,2.429068,-52.421973,-3.823224,-5.323598,4.080156,11.451667,12.166812,-8.139910,-14.692561,15.709224,18.801724,0.306706,-6.705425,-4.847059,12.226505
2.554131,0.645823,21.531701,7.118791,6.209049,-51.602930,-4.908980,-3.723873,6.361257,14.107424,13.808927,-12.290730,1.973709,19.019150,17.729198,2.696269,-26.813916,-25.301961,11.018448
0.974136,10.893935,11.252003,6.715358,0.446128,-48.880476,2.823224,-5.656489,9.462257,16.460899,17.784573,-3.287938,5.221561,34.936767,33.962814,4.245365,-7.424903,-101.803922,12.019409
1.751980,2.605844,1.091936,1.624414,1.995300,-52.156649,-22.829023,-14.117464,4.648402,10.782330,16.877089,-6.877836,11.807843,40.533669,40.234760,4.838636,-27.145983,-26.603922,11.052964
0.731060,11.879545,20.668650,2.354437,-0.235508,-67.649256,-31.910811,-18.306340,7.035035,8.990234,13.744106,-11.140841,9.517525,14.301854,15.368475,0.562142,-14.896407,23.890196,15.212131
10.089494,35.523003,24.035401,4.217914,-1.846647,-109.708858,-15.766537,-12.323552,14.048814,13.891508,15.926390,-10.047044,21.590219,27.561105,28.536065,2.358434,-27.090639,-26.023529,5.133486
7.464271,-14.026337,12.943923,12.728435,4.783810,-61.869810,-63.986267,-7.986725,11.288762,10.652781,16.272099,0.189776,30.233906,30.343267,24.059434,5.827420,-29.304417,14.368627,-3.892424
2.238132,-19.928801,15.823606,14.822446,0.755962,-53.171801,-11.311894,-9.142596,6.004074,7.737926,12.490913,-4.297597,5.454475,16.842939,10.961791,-0.476081,-5.783017,9.725490,1.336736
2.870130,-5.839048,-5.889372,-8.000351,0.941863,-47.819181,30.170062,-3.159808,6.994446,5.211719,8.212772,-7.719219,19.532815,25.762799,20.993408,-0.179446,-33.602838,-11.262745,2.941726
-0.435706,-11.002304,11.499809,3.430259,4.535943,-60.174044,-7.780652,-0.431952,7.010681,10.501640,14.781231,-8.728878,11.070283,15.722255,21.459724,4.162966,-31.536645,2.415686,13.658915
17.843626,20.022034,21.770962,3.199725,-4.697124,-82.495857,-9.607156,-19.018357,13.212680,12.941482,14.608377,-5.026795,10.397421,20.035584,20.795224,1.073014,-32.385260,-13.380392,10.863127
4.620279,-4.618235,19.703059,2.143114,0.570062,-30.330877,-24.462730,-4.269444,5.257237,8.407263,13.117510,-7.102205,0.563287,18.914900,18.743435,2.177157,-13.402106,-18.337255,8.395239
-1.772625,42.478279,12.832837,2.181537,-1.226978,-76.554910,5.035325,-3.446464,10.412039,11.019837,12.534127,-11.168887,13.140627,25.749767,17.700053,-0.986954,-47.586542,-17.082353,6.911055
8.533806,11.745144,-1.035782,-1.968063,0.755962,-44.046967,-10.966888,-8.985397,9.088838,8.040208,12.706981,-2.446555,15.547402,28.746944,21.692882,1.435569,-30.872511,-24.596078,6.738476
1.119982,-9.579889,26.299840,6.273503,3.296605,-34.033875,-28.065003,-4.667063,4.072038,8.450446,15.623896,-7.635080,-4.431418,6.391913,17.117159,2.638590,-5.469398,-7.545098,10.241840
8.606729,5.013870,20.549020,6.888258,6.952651,-92.624308,1.260548,-8.550790,15.039185,14.819944,21.414511,1.676219,28.551751,35.132235,32.558038,8.628977,-64.337469,-48.658824,7.135409
2.894438,-21.709621,-5.479210,1.509148,10.670665,-42.235843,-6.481804,0.936599,2.432242,1.929808,14.133028,-10.187274,8.870542,30.414939,30.074907,10.169833,-22.884459,-17.741176,12.847791
6.613504,33.305379,7.423819,-4.311818,-5.626627,-61.823667,-23.691539,-3.686885,11.434882,2.080949,4.453193,-9.093477,4.885130,15.129335,5.400977,-5.831998,5.451911,13.254902,4.736553
6.735042,0.029816,22.044404,8.405936,-3.519753,-45.327443,-47.537575,4.616892,10.347097,7.414054,11.821103,-2.839200,14.434592,30.838453,19.850935,-3.285878,-30.614237,-9.490196,6.168963
1.581827,19.383627,13.764248,3.641581,-1.846647,-49.480339,-8.257572,-2.641978,5.362768,0.958190,9.271504,-7.635080,4.225208,2.730144,11.393133,-2.033417,-10.653330,2.619608,7.739437
12.860563,10.602731,5.253376,-4.004440,0.384161,-94.620005,11.935454,-14.561318,14.146227,10.091402,14.738018,-2.783108,15.961471,37.608164,24.164355,2.308995,-22.515496,-28.000000,6.583154
8.290730,-22.124025,4.475776,1.585992,1.251698,-23.663172,-3.681163,-6.507210,3.601205,5.146944,12.361273,-12.963836,9.064637,25.254582,18.382040,3.446098,-53.194781,16.109804,13.227466
9.190112,39.342245,12.952468,3.103670,7.138552,-58.282170,-0.210803,-8.744976,14.211170,9.486839,13.700893,-2.362417,9.802197,13.500435,20.031632,5.959258,-1.318563,-74.541176,-12.832044
12.739025,-3.453422,25.693141,24.524056,17.734890,-56.967086,-49.556878,10.377752,12.563256,16.655222,25.757473,-6.597375,-3.435065,43.765408,48.389456,12.378119,-26.223575,-97.239216,-6.998856
2.213825,-17.162371,25.129168,18.972045,1.065797,-55.075212,-5.081483,14.353948,5.086763,4.823072,12.534127,-13.496712,3.772320,13.096468,10.075792,-3.533074,-60.592493,34.494118,9.430716
12.787640,-3.307820,-5.393759,-10.094362,-7.237766,-37.944518,49.591897,2.970932,8.894011,-0.510033,3.372854,-6.120592,7.641276,22.531060,5.389319,-5.873198,-34.377661,-6.039216,3.787366
24.941451,48.996750,12.943923,-3.120729,-6.803998,-39.455711,-25.944228,-4.759533,20.672938,7.262913,6.721904,-0.371145,0.835019,14.464744,9.796002,-3.854429,-35.318517,-29.631373,2.717372
-0.046784,-13.264729,29.828946,6.331136,3.296605,-61.985168,-32.154345,-7.505882,12.847379,10.609598,11.669856,-9.149569,7.188388,17.044923,10.798581,3.198901,-1.466148,2.400000,10.466194
0.487984,-24.700053,-0.642710,0.913603,1.685466,-30.446235,0.347295,-9.059373,9.324254,6.399252,10.459876,1.311620,16.996643,33.939879,20.130724,4.368963,-49.874113,-5.082353,13.555367
9.579034,48.100740,33.793851,8.482780,-5.750561,-121.752255,-9.008469,-8.578531,20.177752,14.776761,13.592859,0.834836,15.715618,15.142367,15.310185,-2.758526,-49.339117,2.258824,-0.458091
0.852598,-32.439338,8.867933,1.835737,0.755962,-30.769238,-8.206836,-9.456992,2.448478,5.643549,13.225544,-9.373938,0.925597,13.871824,19.337987,5.390707,10.340673,-6.007843,12.865049
7.926116,29.262135,11.260548,1.317037,1.499565,-74.489998,-36.730755,-17.696040,13.090913,9.508431,12.101991,2.405417,5.467414,24.589990,18.586053,5.506065,-16.962600,-12.549020,16.005997
5.811353,-1.258198,26.530556,10.499947,9.431327,-94.123964,-14.295186,1.583886,10.306508,12.509651,15.559075,-12.066361,8.961120,31.835340,19.099001,8.719615,-22.386358,-28.988235,12.416342
6.030121,-34.343359,-7.683833,3.699214,8.068055,-6.809339,-0.860227,-1.754269,4.031449,4.477607,13.311971,-10.383597,11.186740,31.731090,31.491341,12.987869,-21.666880,-57.427451,14.038590
9.214420,5.170672,20.839551,6.580880,3.358572,-84.468482,1.950561,0.187594,11.743359,8.299306,11.605035,-10.439689,3.487648,7.564721,15.187778,6.643168,-28.418906,-1.756863,13.400046
9.287343,11.666743,9.833524,6.004547,3.420539,-42.155093,-9.698482,7.011856,12.676905,8.579995,11.993957,-6.429099,12.428946,29.607004,16.009659,3.660334,-20.965850,-63.968627,1.181415
8.387961,57.856046,23.479973,14.687968,7.448386,-60.681621,-49.922179,12.116182,17.239109,13.438087,15.667109,-7.214389,2.995941,38.266239,32.750393,6.890364,-33.104738,-81.615686,-18.561685
0.731060,9.381918,27.949035,15.494835,9.679194,-92.474342,12.057221,18.764752,10.241566,9.227741,9.898100,-15.039246,-2.645747,4.215702,8.432029,8.324102,-48.896361,15.184314,-0.406317
5.762737,-24.711254,-8.273442,-2.659663,11.786069,-17.918334,18.703670,-7.256214,6.101488,3.160525,4.647654,-5.307256,-1.636454,11.441505,2.731319,8.933852,-20.283268,2.996078,11.898604
11.134722,-4.607034,17.190814,6.139025,6.147082,-23.259419,-56.883192,-2.050172,10.736751,9.659571,11.648249,-4.830472,5.493294,20.778363,14.622370,7.772030,-21.629984,-18.305882,10.328130
6.832273,10.087526,34.007477,16.513024,-2.900084,-103.260334,-51.708095,3.562737,16.305562,15.424506,14.608377,-3.119661,24.540459,25.358831,16.435172,1.855802,-44.837766,6.666667,13.710689
4.620279,-25.506462,12.439765,-0.200641,5.031678,-61.962097,20.428702,1.879789,7.197391,6.507210,6.721904,-1.605173,6.864897,14.725368,11.976028,3.586175,-12.590387,-13.066667,13.072145
0.074754,7.869902,3.279469,-10.709117,-2.838117,-51.533715,-3.478218,-9.401511,10.330861,6.053788,2.314122,-6.064500,6.968414,20.967315,12.098436,4.616159,-0.322362,-2.462745,12.295537
8.679652,34.335790,20.848096,4.179492,1.065797,-118.764477,-18.831006,-12.305058,20.234577,17.864347,11.929137,-0.904021,16.608453,29.997940,18.434501,8.942092,-35.687480,-20.078431,13.538109
12.009796,-9.165484,15.832151,3.680003,4.721843,-82.126711,2.681163,2.638041,11.629709,14.539254,13.938567,0.582422,15.366247,34.441581,31.170748,10.647745,-3.624582,-90.541176,11.708766
4.450126,-14.619944,6.945296,-0.988296,-3.457786,-38.244450,-28.531777,-10.492653,7.863050,8.083391,10.783978,-0.118730,17.410712,36.063966,23.552316,5.679103,-37.606088,-1.129412,14.470039
0.779675,0.130617,27.812314,4.851881,-2.156481,-73.140307,-4.523384,-1.652552,8.220233,9.681163,10.719158,-8.308186,10.669154,34.135348,15.012909,3.454337,-66.994003,19.215686,12.191989
-3.474159,-3.632624,10.021515,3.756847,3.420539,-64.269261,2.955138,11.256214,2.984253,1.497978,5.619959,-16.637873,-6.307668,10.802976,10.314778,6.288853,6.134493,3.247059,16.126802
0.390753,-6.645457,7.389639,5.043992,7.820188,-16.718608,-8.186542,-2.734447,7.936110,4.671931,8.731334,-11.337163,-1.015351,11.024506,17.513527,11.232776,-26.408057,-23.356863,14.780682
9.311650,56.926436,28.119936,6.984314,-0.111574,-103.964019,-15.401236,1.528405,19.244205,13.718776,11.043259,-13.047974,6.826078,30.173861,25.056184,4.616159,-41.129686,-46.917647,7.152667
3.818128,-31.856931,6.945296,9.001480,7.634287,-54.567636,15.588464,17.349966,5.500771,6.269703,12.382879,-7.242435,-2.244617,17.383734,19.740185,7.112840,-15.818814,-35.529412,18.629206
-1.019089,0.433021,20.728466,4.928725,1.313664,-6.520943,-29.384146,3.553491,7.513985,11.494850,9.185077,-12.991882,-2.542229,31.744121,18.813382,0.825818,-39.543145,-28.250980,9.844907
2.870130,58.012848,29.632410,8.463569,-1.722713,-109.305104,-27.750439,-0.801831,16.946868,12.013046,4.626047,-9.121523,12.221912,9.890791,1.804517,-4.126345,-37.513848,21.647059,12.347311
4.061204,-15.706355,7.176013,0.721492,0.570062,-43.493248,7.612726,-6.211307,9.007660,7.889067,6.311376,-6.737606,6.877836,17.409796,12.459831,2.770428,-18.586038,-0.549020,8.481529
7.051041,51.046372,30.982528,14.150057,-1.660746,-73.843992,-76.315175,-2.188876,17.458289,14.236973,11.432181,-6.625422,0.744442,22.400748,16.942290,1.040055,-22.607736,-2.792157,-1.338247
-1.748318,-29.504906,21.001907,19.721279,6.518883,-102.879652,10.240864,19.587732,5.939132,8.601587,14.111421,-9.486122,9.621042,13.519982,17.466896,5.629664,-26.629435,1.176471,17.248569
7.634424,-21.608820,14.823835,2.623392,-0.173541,-40.194003,-8.359045,0.992081,9.876265,10.911879,11.734676,-10.607965,10.009232,25.906142,21.984329,4.385443,-33.861112,-20.219608,14.228428
6.103044,-5.659846,12.217594,5.658747,4.473976,-41.220691,-16.669642,5.421378,9.032013,7.198138,7.413321,-6.597375,12.571283,19.234165,12.308278,1.147173,-25.061341,-14.368627,6.928313
-0.071092,-15.101549,1.288472,0.068315,2.614969,-66.749462,24.203479,7.529686,5.517006,6.701534,5.706386,-12.150500,0.602106,26.766201,16.650843,4.121767,-13.475898,-4.172549,10.017487
10.575647,42.735882,20.950637,2.546548,-4.263355,-82.830396,-16.202869,-15.559991,19.106203,14.949493,8.385626,0.105638,13.024170,20.928222,14.733120,1.155413,-54.578393,-10.337255,14.711650
4.207050,-6.443854,11.927062,5.639536,3.420539,-76.243442,9.997330,2.619547,9.161898,14.388113,11.561822,-11.673716,13.697032,31.652903,18.784237,1.814603,-39.506249,-20.439216,15.574548
0.366445,-8.829480,17.840238,6.772992,0.446128,-47.507713,-46.208286,2.619547,9.299901,16.072251,14.586770,-15.151431,2.555993,26.095094,23.051026,2.078279,-7.886107,-4.360784,8.257176
-0.265553,12.977157,19.583429,6.100603,2.057267,-81.942138,-13.300755,1.842802,14.974243,16.201801,11.410575,-14.366140,16.297902,30.232502,18.521935,-1.324788,-29.857862,-18.149020,9.120073
-7.630762,-15.370352,16.840467,8.329091,3.482506,-52.987228,7.643168,14.363195,8.163409,15.057450,8.774548,-18.236500,1.016175,28.232212,15.502541,-2.231174,-31.924056,-8.188235,9.292653
-1.432319,22.687663,47.201038,11.306813,2.924804,-49.065049,-36.172656,-6.294530,14.998596,20.606470,11.950744,-12.430961,-3.577401,17.852857,10.711147,-3.879149,-25.596338,-29.050980,7.411536
3.720897,43.463890,35.998474,15.129824,10.360830,-107.782376,7.074922,7.797848,18.805844,23.866789,19.232227,-12.430961,-2.386954,39.373892,33.280827,1.353170,-21.851362,-121.741176,6.824765
4.911971,-5.850248,-7.683833,0.260426,-2.838117,-14.203799,12.747234,6.494026,5.979721,8.169757,7.024399,-10.411643,-2.335195,18.497902,20.777737,-6.293431,-22.995148,-18.933333,6.738476
6.054429,18.722820,26.897993,13.881102,4.535943,-104.771527,-13.666056,6.336828,15.883436,16.417716,9.984527,-13.861311,6.942535,7.897017,-0.818509,-3.244678,-38.583841,41.458824,0.042390
-4.981231,-14.059937,19.241627,13.612146,5.093645,-61.466056,26.141604,17.054063,9.754498,12.336919,8.342412,-13.356481,6.683742,13.096468,6.386069,-3.475395,-32.034745,3.027451,-11.296086
2.748592,8.429908,11.123827,7.791180,1.685466,-39.721035,-43.813535,-6.109590,12.611963,13.178988,9.444358,-12.683375,4.652216,25.547784,15.228580,1.311971,-23.714626,2.509804,9.879423
-0.484321,-9.131884,44.868238,29.403677,7.138552,-104.102449,-44.219425,-2.891646,14.146227,20.865568,19.253834,-7.046113,9.905715,18.947478,18.376211,6.544289,-33.344564,-3.607843,15.453742
1.800595,6.749889,12.926833,-0.296696,-8.229236,-52.179721,38.440070,-3.169055,11.597238,12.315328,6.721904,-10.972564,16.323781,30.493126,14.354238,-7.554131,-10.431952,-54.415686,-4.375647
-2.574777,11.868345,7.919432,3.718425,5.279545,-96.846418,0.438621,-3.141314,13.805280,18.576867,14.197848,-13.805219,13.593515,60.751583,38.806668,9.955596,-63.175235,-34.258824,15.022293
-0.119707,-35.429770,9.542992,8.636469,7.014618,-52.087434,2.031739,-2.891646,4.055802,9.724346,7.564569,-6.316915,15.935592,10.503258,15.502541,9.073930,-60.334218,35.780392,21.942733
-2.258778,-8.941482,19.540703,14.322957,9.679194,-38.936599,-46.563439,-1.624811,4.688991,14.215381,11.216114,-19.246159,-2.322255,17.794217,21.092500,10.837263,-1.742870,-14.305882,12.657954
-1.237858,13.055558,31.905394,15.206668,6.766751,-116.330419,0.712596,3.618219,7.075624,14.755169,11.518608,-17.254887,-7.756909,16.269566,23.056855,8.357061,-28.584939,7.278431,11.726024
12.179950,-4.528634,3.356374,3.142092,0.198260,-58.651316,23.168460,11.718563,10.809812,12.725566,9.314717,-6.288869,14.641627,21.605844,21.757000,1.765164,-23.327214,-58.886275,5.426871
-12.832593,-9.837491,16.028687,11.863935,9.741161,-21.609796,-32.438468,6.050172,8.390707,17.691615,13.463218,-18.825467,6.929595,42.214694,31.543801,5.275349,-38.583841,-40.109804,5.202518
7.464271,92.811627,41.920195,7.541436,-0.793210,-121.752255,-14.335775,-13.442435,27.094118,22.528115,7.434928,-10.607965,4.458122,17.136141,4.957977,-3.706111,-36.628336,-30.933333,-1.062119
6.394736,-20.152804,13.960784,11.422080,1.375631,-73.601740,0.986572,-5.351339,15.144717,19.203021,13.636072,-3.932998,13.308843,38.598535,27.620920,5.283589,-11.686427,-57.898039,5.789288
-4.276310,-49.306722,0.186160,3.065248,4.102174,-15.126665,2.214389,-6.118837,4.096391,9.141375,6.765118,-6.597375,8.184741,24.987442,15.129488,1.855802,-32.901808,23.090196,11.605219
4.620279,58.684855,14.584573,5.351369,-4.449256,-67.153216,-41.956588,-10.955001,20.851530,18.317769,7.931884,-5.812085,15.586221,32.760555,13.130159,-5.016251,-26.684779,-18.745098,-10.950927
3.599359,21.522850,29.059892,5.389792,-8.786938,-84.249302,-13.026780,-10.964248,17.320287,18.922332,8.580087,-6.373007,21.564340,29.554879,19.885908,-7.273976,-29.950103,-0.094118,-14.557839
7.926116,-23.456840,30.239109,14.495857,3.420539,-55.421286,-36.020447,-0.108309,13.764691,17.302968,11.432181,3.358984,13.567636,9.486824,13.520699,0.438544,-47.069993,12.721569,10.500710
4.766125,-10.061494,14.900740,17.550423,5.651347,-65.711238,4.345312,11.746304,10.996521,16.029068,12.145205,-6.793698,3.267674,22.465904,19.705211,1.064775,-8.384207,-59.466667,5.910094
6.540581,5.338674,5.330282,-6.367407,-1.226978,-73.509453,45.228580,-2.253605,11.248173,15.575647,10.049348,-10.103136,5.985000,37.288899,29.346288,-0.047608,-2.609934,-71.874510,-3.823392
-4.568002,-20.712810,4.484321,-2.486763,0.074327,-41.670588,-1.864805,-4.158480,7.359747,14.344930,12.815015,-7.915541,19.468116,35.646967,34.172656,6.618448,-65.315221,1.709804,12.122957
4.061204,4.913069,19.933776,0.010681,-6.865965,-52.387366,-5.162661,-3.520439,10.160388,9.767529,5.619959,-9.121523,27.633036,5.818540,4.905516,-3.137560,-60.463355,31.827451,16.144060
5.714122,-0.104585,21.480430,7.483803,4.350042,-83.268757,-1.012436,13.336782,8.715419,11.926680,9.379538,-8.869108,4.264027,13.832731,9.591989,1.114214,6.577249,-31.921569,7.515084
-1.967086,22.766064,12.311589,5.466636,3.296605,-39.467247,2.681163,6.641978,7.205509,13.114214,11.561822,-19.554665,-12.091691,30.473579,24.939605,2.045319,-30.116136,-43.717647,4.477684
0.342138,33.114977,40.228275,10.807324,-0.979110,-82.265141,-58.354543,-14.431861,13.342565,17.173419,14.133028,-13.833265,17.307195,22.518029,15.514199,-0.467842,-38.141085,13.474510,10.656031
7.512886,23.886076,16.421759,4.256336,-4.077455,-83.557153,8.799954,1.907530,11.581003,9.918669,8.515267,-8.476463,5.234501,11.513176,9.574502,-5.626001,-14.084688,-6.101961,2.889952
12.179950,7.589899,11.713436,1.547570,-4.449256,-42.801099,-5.162661,8.463630,11.865126,10.544823,8.839368,-7.663127,-0.368368,14.542931,10.349752,-7.298695,-17.626734,-13.003922,0.853513
-1.724010,-21.228016,21.531701,13.650568,7.944121,-58.997391,-25.619516,9.490043,10.517571,14.841535,14.284276,-5.615763,17.126040,25.228519,16.650843,1.188373,-23.290318,-9.976471,-5.894347
4.984894,2.549844,11.209277,4.794247,2.986770,-67.649256,5.705043,1.944518,13.074678,14.755169,11.021653,-9.990951,7.602457,23.169589,15.117830,-2.091096,-14.010895,-11.435294,-13.643168
-2.161547,-14.418341,39.826658,17.857801,8.811658,-72.113619,-17.034943,5.328908,9.567788,18.360952,17.827787,-9.261753,12.403067,22.693950,18.003159,1.344930,-41.756924,-17.145098,1.958022
2.845823,67.275349,8.278325,0.759915,-0.855177,-46.861707,9.023194,-1.476860,11.037110,7.737926,8.342412,-4.998749,8.754086,14.582025,11.841962,-3.664912,-72.380865,-19.105882,-1.010346
8.485191,-5.928649,19.583429,18.145968,5.589380,-71.732937,-44.442664,4.339483,6.580438,12.725566,16.596201,-4.606104,18.937591,18.791104,15.339330,4.336004,-0.285466,-28.172549,5.858320
-1.918471,-41.869841,22.146944,23.659556,16.123751,-53.771664,7.612726,10.655161,-1.553597,12.682383,20.161318,-17.058564,1.469062,47.120943,32.534722,13.210346,-24.323415,-70.996078,4.218814
13.443946,14.645975,2.262608,-3.850752,7.200519,-55.236713,17.343938,-1.809751,5.784894,5.427634,7.218860,-12.346822,-3.680919,24.622568,13.205936,4.253605,-40.502449,4.627451,-2.477272
-0.289860,-0.373388,31.042344,9.289647,11.042466,-63.046464,-15.807126,3.118883,4.964996,9.551614,10.892012,-11.449348,8.922301,-2.221714,4.888029,5.324788,-22.441703,9.568627,7.187182
1.751980,25.913298,11.217823,8.098558,13.397208,-87.721584,26.243076,12.430579,6.897032,8.666361,12.663767,-12.487053,-2.283436,12.197314,12.687160,7.013962,-33.916457,-28.266667,5.599451
1.119982,-7.194263,-1.454490,4.275547,10.732631,-23.190204,-15.898451,8.389654,2.935546,5.945830,10.978439,-9.710491,0.045701,17.116594,13.130159,6.091096,-28.400458,-0.894118,6.082673
6.807965,51.830381,15.157092,2.123903,6.580850,-65.019089,-14.011063,-1.643305,12.059953,9.206149,7.478141,-11.056703,-0.122515,13.663325,8.968292,3.495537,-28.326665,-13.349020,-3.719844
13.711330,-31.039322,9.440452,6.235080,11.724102,-83.453330,16.613336,6.937881,11.930068,12.574426,13.376791,1.984726,36.393179,29.326833,20.381369,12.831312,-73.044999,-15.168627,-0.665187
3.161822,-22.045624,3.125658,0.433326,-0.297475,-35.175921,-5.152514,1.778073,2.554009,5.427634,7.650996,-9.654398,25.096864,21.807828,16.306935,8.134585,-32.348363,6.650980,2.665599
12.763333,2.045838,21.770962,5.581903,3.854307,-65.722774,-14.741665,6.114900,9.210605,11.170977,13.290364,4.761288,10.112749,19.885725,25.201907,12.468757,-22.976699,-66.305882,11.587961
4.547356,18.980423,28.837720,5.774014,-2.218448,-56.471046,-10.134813,6.235111,10.306508,12.531243,12.923049,-0.062638,9.892775,26.049485,27.113802,7.912108,-58.341817,-44.078431,0.301259
5.932891,22.833265,-5.060502,-7.942718,-10.769879,-74.582284,17.526589,0.992081,7.570809,3.203708,0.196658,-12.487053,4.923949,24.205570,4.654871,-3.557794,11.613596,26.698039,-15.869444
6.564889,-28.810498,15.421988,7.445380,4.659876,-43.850858,-47.425956,-1.966949,6.377493,10.998245,10.265415,-3.063569,10.759731,21.397345,17.169619,13.333944,-24.876860,12.643137,13.072145
10.405493,30.079744,32.007935,19.068101,3.420539,-86.221927,-52.712673,7.705379,9.405432,13.092622,12.966262,-10.832334,2.219562,9.030732,15.176120,11.512932,-26.020645,-10.996078,10.811353
-2.161547,-17.823178,8.731212,3.334203,7.634287,-34.022339,26.253223,1.713344,3.187198,13.438087,15.537469,-9.654398,-1.636454,46.371649,37.582589,18.277867,-17.792767,-112.156863,13.313756
-3.304005,32.689372,29.794766,-1.199619,2.243168,-79.946441,1.362020,-8.809705,7.359747,17.475700,13.787320,-19.470527,1.171450,38.500801,31.741985,13.803616,-56.109590,-30.525490,9.499748
0.463676,-0.250187,-7.282216,-3.389685,-2.094514,-61.027695,13.406806,-0.505928,1.173983,2.275273,4.301946,-11.056703,14.913359,9.949432,15.082856,9.873198,-28.418906,29.992157,12.709728
-6.682765,3.311452,-4.248722,-5.195529,5.155612,-23.686244,-12.762951,-15.569238,2.359182,1.130922,5.058183,-13.216251,5.182742,11.930175,14.855528,16.629892,-21.666880,11.717647,25.808515
7.367041,18.510018,18.344396,5.562692,10.050996,-110.274113,-20.322652,-2.142641,11.662181,7.219730,8.839368,-10.383597,14.525170,12.653407,8.606897,10.021515,-24.175830,19.654902,14.418265
1.460288,-20.320806,4.877394,-2.582818,1.313664,-50.218631,-8.896849,-7.348684,4.640284,4.715114,8.169558,-4.045182,14.395773,22.387716,24.566552,11.710689,-22.773770,-4.941176,23.012726
11.961181,1.810636,8.167239,-3.581796,-4.263355,-77.570062,-1.925689,-7.663081,10.160388,7.586786,9.422751,-3.820813,16.763729,15.455116,16.930632,7.870909,-38.842115,16.486275,15.194873
7.099657,-6.757458,1.690089,-7.750607,1.623499,-70.256352,-0.596399,1.408194,8.877775,7.543603,9.638819,-4.830472,18.212970,19.989975,20.218158,9.131609,-17.958801,-14.823529,17.680018
-1.262165,2.426642,14.610208,-13.014450,4.412009,-60.993088,-15.888304,-10.779309,10.338979,12.380102,10.459876,-7.775311,13.891127,30.356298,19.874250,11.018540,-32.532845,4.988235,7.566857
9.530419,-17.498375,7.868162,-12.803128,11.662135,-47.957610,-39.592279,-3.714626,16.800748,15.942702,17.482078,9.837629,19.972763,32.232792,26.169512,16.448615,-47.088441,-15.513725,0.318517
-2.526162,21.881254,15.507439,-15.511894,0.632029,-74.962966,-40.130083,-4.389654,11.954421,13.394903,13.052689,-13.468666,27.594217,33.829114,24.933776,6.783246,-26.131334,-1.882353,9.499748
6.589197,-1.605402,1.322652,-20.525994,-0.483375,-73.486381,32.980850,-2.142641,7.229862,10.307317,11.172900,-13.833265,17.553048,29.906722,22.456474,7.327077,-39.229526,-12.705882,17.265827
2.894438,5.573877,35.998474,-3.043885,12.405737,-37.160082,-98.781186,-6.507210,10.395804,19.613260,22.062715,-6.316915,0.278614,27.241840,36.294392,20.947585,-20.965850,-46.258824,25.463355
-19.735958,7.298695,59.266651,10.307836,12.095903,-91.736049,-58.719844,0.132113,6.702205,21.794003,21.241657,-24.546868,6.554345,41.204776,27.976486,14.405127,-26.278920,-23.733333,15.867933
-2.720623,1.172229,-18.741131,-28.460182,6.828717,-39.674891,82.397955,9.822934,4.494163,3.462806,7.629389,-11.982223,5.545052,28.160540,25.382605,13.457542,-73.044999,-29.960784,16.316640
4.693202,24.681285,1.604639,-23.753460,0.755962,-62.804211,13.315480,8.269444,9.989914,6.226520,8.450446,-11.084749,19.079927,12.151705,16.318593,4.517281,-52.014099,11.419608,8.257176
0.317830,-31.016922,20.224308,-7.231907,10.422797,-82.957290,6.384909,17.858549,9.478492,16.892729,21.954681,-6.541283,10.604456,36.689464,40.176471,13.300984,-14.748821,-78.368627,16.679057
6.151659,19.977234,12.935378,-18.528038,-1.722713,-65.445914,-20.383536,0.714672,13.034089,11.365301,11.518608,-6.513237,11.432593,23.338994,25.505013,4.237125,-17.995697,-14.870588,5.340581
-1.335088,-10.095094,8.688487,-17.567483,-2.094514,-77.823850,7.957733,-12.869123,11.857008,11.192569,9.120256,-3.820813,20.878538,23.404150,6.829068,2.605631,-46.461204,60.925490,8.774914
-6.609842,-31.868132,-7.350576,-18.086183,10.670665,-58.143740,-2.554818,-1.153216,7.822461,10.350500,13.916960,-0.763790,19.804547,28.512383,23.628092,12.641794,-33.713527,9.866667,23.168048
-5.467384,20.346838,7.628901,-21.063905,-6.865965,-65.226734,-13.077516,-3.575921,7.984817,8.947051,8.234379,-10.579919,18.601160,18.602152,15.356817,-0.789197,-2.019593,10.588235,12.468116
-2.137240,-15.963958,1.373922,-18.086183,-1.165011,-70.648569,-5.182956,-4.186221,7.205509,12.855116,15.818357,-2.727016,17.747143,33.503334,29.521157,9.131609,-24.323415,-3.623529,20.993545
5.689815,-19.301595,19.173266,-11.189395,0.136294,-81.457633,-13.696498,8.657816,8.260822,12.833524,14.305882,-5.840131,6.528466,23.951461,24.059434,5.209430,-12.276768,-2.713725,17.766308
2.748592,13.581964,7.722896,-21.448127,-2.528283,-25.070542,-11.809110,-9.281300,11.386175,9.227741,9.163470,-5.812085,4.923949,37.960006,31.951827,6.239414,-20.928954,-43.435294,5.530419
-4.227695,32.330968,9.132830,-17.164050,5.589380,-69.091234,-25.781872,-11.371115,13.212680,9.119783,7.867063,-7.466804,10.138628,32.975570,23.937026,7.689631,-26.463401,8.909804,0.784482
6.564889,4.129061,14.353857,-20.602838,-4.015488,-79.704189,-5.122072,4.089815,12.603845,9.335698,6.268162,-5.223117,12.364248,24.694240,15.158633,3.849851,-33.104738,16.549020,17.904372
8.120577,13.525963,28.273747,-1.526207,-1.660746,-68.076081,-97.989700,-9.780636,15.298955,15.964294,18.432776,2.237140,35.539162,31.001343,31.089143,8.942092,-41.240375,-7.749020,19.716457
-1.578164,-20.063203,31.589227,0.183581,0.508095,-76.843305,2.001297,5.745022,3.016724,12.077821,15.083726,-7.242435,0.045701,20.960800,17.723369,5.192950,-8.992996,-11.184314,11.898604
2.870130,-34.970565,-17.391012,-31.322637,-2.528283,-15.714992,47.684215,8.667063,2.383536,5.578775,7.867063,2.293233,14.978058,41.237354,26.297749,6.124056,-18.346212,-54.274510,8.723140
5.859968,31.367758,30.153658,-8.864851,2.119234,-97.792355,-42.808957,-0.293248,14.560235,16.827955,16.877089,-1.521035,16.737850,23.527947,26.146197,3.948730,-35.244724,-10.603922,9.154589
14.003021,18.532418,15.524529,-19.277272,-7.857435,-36.779400,9.855268,0.354040,10.769223,5.406043,3.416068,-0.623560,1.766674,2.019944,3.011109,-8.773632,-12.627283,1.349020,0.042390
12.690410,-5.032639,-2.821698,-20.007294,-10.893812,-40.124788,-7.121080,-3.557427,14.974243,8.320897,7.218860,18.896513,36.988403,29.216068,17.717540,-7.669490,-43.675532,-4.439216,-0.561639
6.394736,-9.467887,17.028458,-12.149950,-6.432197,-91.159258,5.532540,-1.818997,13.870222,13.913100,13.420005,9.669352,14.525170,20.654566,19.133974,0.191348,-33.750423,11.231373,9.327169
9.530419,-10.106294,1.032120,-21.467338,-5.998428,-51.118425,1.382315,-4.158480,10.160388,6.010605,3.804990,3.975998,12.079576,21.768734,14.266804,-2.816205,26.261433,-16.439216,1.975280
2.578439,6.324285,15.721065,-19.680705,-6.122362,-45.304372,-16.202869,-3.918059,11.028992,6.852674,3.113573,5.181979,11.587869,24.772427,13.293370,-1.374228,-17.036393,5.270588,3.977203
13.200870,35.097398,19.403983,-15.396628,-3.705653,-51.949004,-10.144961,-1.254932,18.050889,12.596017,8.234379,10.679011,21.072633,32.969055,20.072435,1.592126,-3.108034,-104.862745,-2.408240
20.079927,-10.901503,9.730983,-11.708095,-0.359442,-107.009476,16.633631,1.528405,11.597238,15.597238,18.238315,13.876265,14.421653,69.300053,53.629679,8.892653,-13.973999,-110.870588,1.371252
12.277180,-27.813687,-5.453574,-18.143816,-6.989899,-26.500984,-17.593042,-2.984115,3.138491,0.483177,6.484230,17.129610,28.461173,13.350576,11.503883,1.583886,-71.808972,87.074510,-4.082261
10.988876,1.743435,19.822690,-1.218830,-3.643687,-45.777340,-46.005341,5.014511,9.308019,4.261692,6.203342,16.007767,25.717967,-6.372152,-5.312627,-4.282902,5.525704,14.666667,-6.532891
12.593179,9.818723,-0.480354,-19.853605,-9.654475,-69.160449,18.784848,-1.402884,9.584024,4.844663,4.777295,12.473960,-6.294728,33.855177,15.793988,-1.563745,17.148043,-33.082353,1.958022
20.177157,37.908629,-3.539483,-32.187137,-16.780667,-67.395468,5.989166,-6.932570,17.393347,4.758297,-0.559579,21.420661,19.726909,9.903822,3.465766,-6.178073,-16.833463,9.129412,0.611902
20.930694,-14.306340,14.097505,-14.781872,-4.201389,-70.717784,-31.951400,-7.774044,11.134524,7.975433,8.234379,25.262974,15.469764,10.392493,15.543343,0.924697,31.223987,-25.192157,7.860243
33.157427,-14.955947,14.687114,-15.473472,-10.398077,-61.546807,-31.870222,-19.314260,16.346151,9.162966,7.759030,38.248310,30.518578,27.059403,13.427436,-1.176471,-30.226825,-8.250980,2.941726
38.626642,-1.773404,16.661021,-24.617960,-18.763607,-39.259602,1.341726,-14.931197,17.255344,6.809491,2.854292,41.109010,21.706676,18.517449,15.286870,-3.211719,-33.178531,-43.403922,-0.872282
27.931289,5.181872,-22.312963,-29.267048,-11.327581,-27.596887,3.543679,-5.693477,6.856443,-3.252155,-2.115267,33.845075,7.589517,27.222293,19.367132,-0.871595,18.494759,-45.929412,-1.528084
42.418631,12.663554,6.124971,-26.481437,-17.958038,-60.035615,-51.860304,-12.351293,17.344640,4.067369,-0.365118,44.053849,23.686442,21.918593,7.511055,-7.364614,-3.440101,0.015686,0.145937
39.914946,-11.954314,10.064240,-25.136660,-16.470832,-41.716732,-32.276112,-12.878370,8.593652,-0.920272,-1.034928,48.176623,16.763729,12.607797,5.791516,-6.095674,15.635294,-8.690196,-0.250996
47.620462,27.223713,-0.805066,-24.445060,-13.620356,-101.645319,-1.966278,-13.155779,15.006714,0.353628,-1.294209,51.009277,14.589868,4.671794,7.942397,-6.384070,17.295628,-22.494118,0.197711
56.492744,-10.106294,-3.043870,-29.612848,-21.799985,-13.453971,-24.432288,-20.146487,15.006714,-0.725948,-4.967361,57.431830,9.206973,8.731014,2.469017,-13.643397,11.263081,-13.866667,-4.703548
57.805356,-16.042359,-11.324025,-30.534981,-18.639673,-14.711376,10.768521,-8.809705,14.738827,-1.114595,-6.911971,60.348623,23.130037,28.681788,5.931411,-14.722820,7.315175,-69.380392,-16.404440
67.236713,61.193683,20.181582,-24.579538,-25.456031,-55.202106,-53.981079,-17.538842,26.777523,8.450446,-2.720256,58.525628,14.136980,26.844388,12.658015,-19.460746,-10.302815,-69.756863,-16.853147
55.204440,15.071580,3.382010,-19.584649,-20.064912,-34.010803,-40.485237,-4.713298,11.507942,-1.524834,-5.572351,54.571130,6.075578,22.250889,-4.519890,-21.520714,-3.052689,2.556863,-15.472511
77.761913,-17.755978,-2.522621,-35.837247,-27.005203,-12.542641,33.122911,-8.615518,21.224949,1.303655,-6.803937,73.025452,45.463874,9.343481,3.401648,-22.138705,-56.736828,-56.235294,-18.320073
68.646555,36.519814,-0.078737,-37.988891,-29.359945,-31.230671,7.237278,-20.525612,25.803388,4.456016,-7.236072,70.024521,35.060395,11.676066,4.007858,-23.036851,-41.756924,-40.815686,-31.298054
56.735821,15.082780,11.824521,-24.425849,-13.682322,-67.037858,-18.161288,-18.824170,20.348226,8.601587,-1.337423,55.132052,15.948531,20.993378,3.110201,-14.747539,45.871824,-63.137255,-32.178210
79.390524,10.725933,22.514382,-21.813138,-25.084230,-6.901625,-39.663310,-29.513664,21.996139,7.867475,-3.973449,60.292531,9.737499,10.359915,5.377661,-19.032273,-0.543740,-57.662745,-23.963424
67.698558,-10.274296,-2.642252,-26.808026,-21.676051,-22.774914,-7.608148,-9.919341,14.373526,-1.740749,-8.748547,58.161028,3.086519,2.534676,-11.467994,-18.356603,1.135042,12.047059,-16.853147
66.434562,27.022110,25.684596,-25.943526,-25.827832,-34.679881,-11.646754,-9.743648,23.173220,5.233310,-4.772900,55.777111,10.190387,8.216281,-1.681193,-24.544747,-10.745571,-46.290196,-25.740993
78.831449,45.927916,10.337682,-27.499626,-27.934707,-70.406317,1.382315,-13.988006,28.514733,2.318456,-9.958526,63.321508,16.362600,7.818830,-7.819074,-28.524605,-8.052140,-31.937255,-28.588556
72.924697,-12.693523,-15.468376,-32.840314,-21.242283,21.926390,0.164645,-15.707942,21.022004,-3.899901,-9.569604,70.136706,27.490700,11.812894,3.279240,-17.137102,-8.771618,-70.400000,-20.874250
68.427787,35.467002,6.817121,-24.963760,-21.738018,-43.020279,-13.371786,-14.977432,18.684077,0.029755,-6.847150,56.057572,5.752087,10.457649,4.474174,-20.144656,-14.767269,-26.713725,-19.476356
77.008377,10.748333,-3.479667,-25.712993,-20.498680,-58.535958,-3.985580,-3.298512,19.755627,0.591135,-5.053788,65.677379,21.176150,7.584268,-6.775692,-19.320668,0.231083,-35.796078,-20.166674
61.670268,-11.315908,-1.736477,-24.886915,-26.757336,-22.059693,11.488975,2.258915,15.818494,5.924239,2.422156,61.947250,20.477409,39.725734,19.664408,-16.585031,-5.155779,-100.486275,-32.281758
57.076127,0.399420,7.833982,-21.159960,-21.242283,-40.044038,-62.738155,-9.984070,15.899672,7.824292,2.422156,51.429969,11.613748,14.751431,7.528542,-14.895857,-5.524743,17.113725,-18.182010
71.587778,68.171359,23.163806,-14.801083,-20.932448,-10.546944,-101.074464,-30.068482,29.310277,9.573205,1.493065,62.928862,21.318486,-2.944945,-2.328206,-14.788739,-52.493751,-20.172549,-17.319112
54.183520,24.513283,14.439307,-25.943526,-22.729488,-81.065415,6.019608,-23.577111,21.038239,6.917449,-1.164569,46.746273,4.962768,12.705531,3.617319,-14.393225,6.927764,-20.000000,-13.108171
51.461067,-17.139971,3.176928,-37.278080,-19.259342,-31.680568,4.375753,-20.220462,14.966125,0.439994,-2.893111,45.848798,21.861952,1.511727,4.345937,-10.330968,10.174640,-16.815686,-2.390982
54.183520,33.719783,22.360571,-13.878950,-15.355428,-63.911650,-57.492027,-15.476768,19.763745,7.845884,7.931884,38.893370,10.526818,16.530190,14.138567,-7.298695,-2.296315,-44.235294,-5.894347
47.814923,-14.978347,0.331426,-10.997284,-12.319051,-8.828107,-20.556039,1.741085,12.490196,3.484398,7.434928,42.202808,17.164858,9.721386,8.507805,-7.735409,-51.239277,-22.321569,-1.821469
48.641382,37.012619,10.705119,-19.680705,-12.938720,-65.457450,5.177386,2.582559,20.819059,8.752728,4.647654,39.089693,17.113100,15.442084,13.106844,-10.594644,-31.776471,-58.290196,-24.222293
46.332158,-28.709697,7.543450,-13.609995,-10.707912,-41.866697,12.655909,8.445136,10.947814,7.414054,6.592264,29.161379,-4.314961,14.243214,12.092607,-8.254520,9.270680,-36.392157,-20.753445
40.328176,-1.280598,-0.659800,-18.604883,-19.197375,-12.219638,-11.129244,-6.405493,9.178134,3.074159,2.357336,28.516320,11.303197,13.904402,5.395148,-14.656901,-24.452552,-0.439216,-4.858869
47.450309,83.033921,35.229419,-14.378439,-20.126879,-119.675807,-36.000153,-18.676219,23.522286,13.934691,5.123003,30.086900,7.913008,9.460761,4.392569,-20.960403,6.245182,-24.062745,-12.400595
47.182925,-40.436225,-4.633249,-13.437095,-9.716442,22.007141,29.469902,4.709361,11.751476,10.436866,13.247150,47.447425,9.155215,35.314672,27.492683,-5.889677,-34.285420,-144.376471,-5.324834
37.022339,-1.179797,-5.410849,-21.044694,-16.842634,-31.334493,-5.132219,-9.891600,14.527764,11.365301,8.342412,25.599527,12.441886,67.417044,31.176577,-7.438773,-17.110185,-85.600000,-6.809018
39.769100,5.641077,13.319905,-15.473472,-11.575448,-63.911650,-11.169833,-12.665690,14.170581,7.586786,4.193912,18.055131,3.112398,9.421668,2.474846,-10.372168,-16.316915,31.137255,-7.292241
30.410666,-9.299886,2.971847,-12.956817,-10.336110,-28.231357,-40.901274,-7.783291,13.715984,8.256123,7.953491,25.487343,22.612451,4.065843,5.226108,-7.224537,-25.024445,19.090196,2.061570
27.834058,19.383627,26.453651,-5.272374,-21.056382,-44.450721,-51.464561,-8.948409,16.370504,13.697185,8.083131,16.119951,10.268025,9.239231,6.700832,-17.029984,-4.344060,5.552941,-6.998856
19.569467,9.202716,12.781567,-17.836439,-16.470832,-30.503914,37.273136,2.194186,10.842283,10.523232,5.792813,13.231205,-6.618219,4.528450,6.257832,-14.599222,-32.311467,-10.525490,-3.202106
36.779263,66.524941,12.431220,-15.166094,-18.205905,-96.235019,-37.461357,-3.899565,23.668406,16.137026,10.114168,21.729168,13.140627,21.006409,14.587396,-11.418631,-27.957702,-22.039216,-3.633555
20.468849,-23.188037,30.418555,14.860868,-7.175799,-61.050767,-54.041962,18.034241,12.222309,21.340581,20.074891,9.809583,-0.653040,33.939879,19.518685,-6.309911,-10.302815,-11.027451,-26.810986
16.774090,1.385031,-0.728161,-13.456306,-12.071183,3.884367,18.125277,0.714672,11.938186,14.647211,11.842710,12.614191,9.828077,33.705318,19.221408,-7.372854,-54.578393,-47.121569,-19.217487
30.410666,63.344106,18.626383,-11.746517,-14.549859,-71.075395,-5.984588,-13.840055,21.046357,20.368963,18.022248,13.455573,2.154864,33.359991,30.034104,-5.164569,-53.213230,-71.498039,-3.599039
17.673472,-24.543252,14.952010,-0.700130,-2.528283,-73.382559,4.294575,7.418723,10.517571,18.620050,20.939162,8.799924,18.303548,28.414649,25.231052,-0.286564,-44.173632,-29.129412,-0.302770
25.573449,-13.141527,18.318761,-7.692973,-8.663005,-38.129091,-19.165866,-3.982788,12.563256,15.683604,14.954086,12.137407,13.942885,18.191669,17.204593,-1.967498,-25.264271,-31.952941,1.474800
14.075944,-0.507790,24.129397,-5.080262,-3.271885,-41.682124,-31.677424,3.433280,14.771298,18.080262,15.602289,1.620127,-3.499763,38.240177,14.937133,-1.555505,-18.622934,-33.035294,-5.790799
31.310048,1.519432,-6.914778,-13.398672,-6.494163,-42.927993,-32.864652,-3.298512,18.602899,12.768750,14.500343,16.288228,16.129686,35.757733,21.127474,0.965896,-7.959899,-55.466667,0.439322
6.151659,19.529229,43.330129,5.024781,-14.054124,-76.647196,-52.174868,-12.610208,14.292348,18.641642,18.346349,4.088182,0.162158,13.878340,20.422171,-3.706111,-17.977249,14.933333,-1.510826
13.832868,17.345205,4.339055,-18.585672,-23.101289,-20.548501,22.204471,-16.493935,12.490196,12.336919,10.740764,4.228412,4.975708,17.944076,10.594568,-11.509270,-42.587091,9.254902,-7.378531
23.045457,17.457206,0.322881,-19.123583,-20.994415,-48.799725,22.853895,-13.442435,15.753552,15.489281,13.549645,5.658762,-3.745617,27.717479,20.066606,-7.966125,-25.799268,-22.305882,0.370291
2.408286,21.198047,12.397040,-5.541329,-12.009216,-80.811627,3.147936,-2.253605,11.702770,14.949493,13.506432,1.451850,12.221912,17.683452,11.783673,-10.858320,-15.283818,7.388235,-2.977752
15.801785,-8.930282,9.560082,-2.794141,-9.654475,-11.988922,-19.470283,-3.501946,5.533242,12.984665,17.633326,1.395758,-2.076402,20.993378,16.411856,-6.590066,-6.225772,-23.168627,-5.808057
0.682444,30.561349,40.561532,7.560647,-0.917144,-74.813001,-12.275883,3.895628,12.279133,22.053101,25.563012,-4.718288,8.132982,24.720302,23.336645,2.852827,-98.983108,-14.368627,4.028977
11.863951,12.383551,10.858930,-7.923507,-5.874495,-49.399588,28.708858,-1.615564,9.786969,15.899519,19.815610,-5.699901,8.935241,34.363394,21.745342,-2.560769,-50.040146,-36.423529,-14.695903
17.260243,-15.123949,17.498436,-2.621241,0.012360,-22.036622,-0.555810,9.998627,11.321233,19.483711,23.164660,-2.390463,8.249439,41.862852,28.436973,0.726940,-63.175235,-50.807843,-21.219409
9.506111,14.455573,28.743725,0.183581,2.429068,-84.595377,-16.750820,6.170382,17.783001,23.024720,24.590707,4.060136,31.954879,37.334508,30.809354,5.662623,-77.657038,-58.415686,0.853513
15.291325,17.681209,30.461280,-7.539284,-10.150210,-21.298329,-6.177386,-5.591760,9.243076,16.698405,16.855482,-5.784039,-19.958999,21.188846,20.124895,-8.411078,7.425864,-56.988235,-13.004623
22.170382,11.196338,21.053178,1.874159,-7.175799,-43.285603,-44.473106,4.875807,10.428275,16.482490,19.318654,0.610468,-8.235676,15.077211,12.570581,-8.921950,-1.705974,-18.980392,-2.787915
11.499336,-28.138491,20.566110,1.605203,-5.502693,-26.881666,6.029755,3.867887,6.142077,17.821164,20.269352,-3.989090,4.794553,31.685481,16.359396,-8.172122,-62.086793,-4.737255,-1.010346
15.339940,59.569665,21.565881,-15.742428,-11.017746,-106.963333,28.028992,-0.052827,17.766766,19.397345,14.910872,0.778744,3.060639,14.210636,12.955291,-13.124285,-26.758572,-20.094118,-13.712200
10.575647,8.900313,15.464714,-3.120729,-13.806256,-74.674571,-29.079728,6.031678,16.605921,18.771191,16.077638,11.660624,34.245197,13.076921,6.747463,-11.056077,-15.210025,-2.321569,-8.793683
9.190112,-15.672755,19.275807,-1.603052,-4.759091,51.100481,-12.083085,14.825544,10.704280,22.528115,22.321996,-3.259892,15.689738,49.603388,28.267933,-0.426642,-89.832822,-106.023529,-9.725612
5.057816,61.697688,45.329671,-6.943740,-11.947250,-116.111238,-12.610742,-6.100343,16.727687,26.522545,20.723095,-11.224979,-17.888655,41.198260,30.203143,-5.650721,0.784527,-56.078431,-3.599039
13.954406,-9.210285,23.804685,-10.209628,-12.381018,-62.019776,15.618906,-10.095033,9.519081,16.158618,15.191760,9.473030,-1.105928,8.926482,10.507134,-6.186313,-30.245274,24.250980,-5.842573
39.914946,-8.146273,-9.922637,-4.004440,-0.855177,-8.182101,-28.338979,-3.474205,8.634241,13.481270,19.037766,2.854154,-0.018997,30.519188,27.475196,7.203479,-23.862211,-67.090196,4.874617
4.960586,-2.322210,26.154574,14.668757,-0.731243,-7.559167,-62.636683,3.350057,13.683513,26.608911,27.248341,0.582422,19.649271,51.199710,39.611063,5.267109,-82.638041,-82.745098,5.754772
3.380591,19.607630,34.315099,4.506081,-1.412879,-56.078828,-36.710460,-0.394965,18.862669,30.840848,31.980224,4.733242,38.010636,53.988388,56.544152,12.188602,-80.276677,-129.443137,-4.496452
15.169787,17.244404,11.858701,-15.166094,-16.222965,-61.189197,0.113909,-17.492607,5.614420,12.423285,13.182330,-15.375799,-8.326253,22.022843,25.918868,-2.643168,14.546853,-3.090196,1.492058
3.356283,-4.707836,33.050431,-7.712184,-8.229236,-13.511650,-33.645991,-3.992035,7.197391,16.676814,16.985122,4.172320,9.530465,6.939223,8.898344,-3.351797,-63.156786,25.756863,5.892836
-0.119707,15.653986,54.430152,11.863935,-5.006958,-129.642756,-55.442283,6.022431,13.228916,26.738460,25.346944,1.003113,5.221561,20.218021,26.221973,0.125429,9.289128,-29.003922,3.977203
14.464866,23.225269,16.276493,-3.793118,-9.034806,-8.020600,-22.372396,12.689494,12.043717,16.288167,12.447700,-0.174823,-0.329549,9.806088,11.078370,-5.263447,-65.573495,-16.988235,3.338659
9.797803,78.161868,14.781109,-5.022629,-8.910872,-96.269627,-23.052262,2.332891,20.672938,20.671244,13.463218,-5.447486,34.918059,41.354635,13.969528,-5.601282,-90.847471,-12.031373,-2.856947
-1.942779,-23.120836,23.676509,2.508125,-3.085985,-72.252049,12.808118,1.667109,9.843793,25.723659,23.575189,-15.628214,7.680095,59.715602,28.075578,1.682765,-20.172580,-59.294118,-1.303731
0.633829,-25.136858,12.755932,-10.478584,-7.671534,21.107347,-11.555428,-2.826917,2.294240,18.641642,21.090410,-12.739467,5.363897,52.164019,36.329366,4.319524,-72.934310,-32.925490,1.750927
18.111009,71.072190,29.273518,1.509148,-7.547601,-133.068894,1.838941,-4.491371,15.737316,20.239414,20.874342,-4.886564,-5.583047,14.647181,21.337316,-0.336004,-50.759625,-11.247059,3.373175
11.718105,-19.491997,47.218128,10.192569,7.882155,-8.216709,-41.327459,9.314351,21.005768,34.576181,35.069993,6.163592,25.899123,48.189502,52.650416,12.122683,-80.774777,-170.321569,-1.752438
-4.130465,5.495476,22.138399,-2.678874,-3.209918,-57.693843,-4.523384,15.750240,5.078645,12.941482,15.170153,-19.021790,-3.862074,23.137011,24.700618,-4.431220,-19.785168,-1.819608,-3.150332
35.077729,30.202945,-5.325399,-12.976028,-9.158740,-39.328817,45.401083,13.050126,8.268940,0.008164,3.113573,-6.681514,-17.319310,-30.799145,-16.335164,-13.931792,-39.321767,58.792157,-2.598077
28.927901,30.191745,40.091554,7.503014,-3.705653,-32.453468,-97.786755,9.748959,21.468482,23.240635,22.170748,4.845426,17.449531,20.556832,21.331487,-4.596017,-50.704280,-41.003922,-17.146532
2.335363,19.786831,50.482338,29.057877,14.202777,-85.206775,-61.408865,26.448981,12.668788,23.003128,28.695995,-2.446555,-15.572457,23.443244,25.242710,1.188373,-9.675578,-69.411765,-12.745754
-2.769238,-12.032715,17.455711,-11.266239,2.553002,-40.320897,43.929732,9.018448,11.637827,13.826734,14.197848,-9.149569,36.522576,44.052094,28.028946,-2.939803,-98.208286,-40.815686,-3.599039
4.911971,-9.389487,25.385519,-10.536217,-5.440726,-61.950561,-11.535134,6.022431,11.605356,13.826734,13.052689,-12.627283,8.948180,39.901656,15.578317,-4.538338,-61.699382,31.780392,6.807507
0.682444,48.918349,22.548562,0.279637,-0.111574,-29.442618,-12.255589,12.698741,14.974243,14.755169,15.839963,-10.411643,15.754437,37.139040,14.021988,-6.252232,-90.829023,-41.349020,-6.843534
13.541176,71.654597,3.065843,-7.654551,2.800870,-41.289906,15.395666,12.356603,18.473014,13.999466,17.157977,-4.381735,48.310597,13.513466,31.001709,0.240787,-93.983658,-105.192157,-8.879973
11.815335,32.286168,42.637980,20.412879,-4.015488,-33.987732,-91.759289,2.906203,17.872297,26.306630,26.643351,-2.558740,8.909361,28.010681,33.245853,-3.417716,-73.100343,-41.756863,-0.371801
1.387366,-3.005417,34.272374,1.489937,-5.626627,-89.555779,48.526436,7.890318,14.552117,21.686046,16.423346,-12.290730,0.395071,43.192035,10.944305,-10.314488,-58.065095,-10.133333,-11.675761
32.987274,-20.780011,9.978790,-10.824384,4.226108,-14.273014,7.277867,10.063355,19.731273,20.368963,20.874342,14.353048,15.870893,52.802548,34.784695,3.248341,-21.316365,-163.137255,-16.093797
6.564889,43.900694,69.871061,27.578622,4.721843,-49.503410,-202.272984,2.933944,21.111299,28.983978,31.007919,3.527260,-0.226032,30.688594,33.933669,-0.097047,-27.957702,-18.086275,-6.550149
1.119982,1.228229,48.713512,22.026612,5.093645,-89.774960,-5.375753,8.898238,7.051270,14.193790,22.430030,-12.515099,-10.940063,1.752804,4.940490,-3.244678,-50.113939,32.690196,1.906249
8.485191,-3.195819,-4.035096,-13.341039,-6.742031,-22.163516,29.337987,2.813733,11.053346,10.760739,17.568505,-5.475532,12.959472,59.930617,35.629892,-1.909819,-82.933211,-45.521569,-3.115816
19.763928,2.113039,8.791028,-5.426062,-1.288945,-42.858778,-38.019455,13.577203,20.120928,15.014267,16.099245,2.798062,8.948180,19.827085,14.383383,-5.255207,-34.082490,-13.176471,-1.217441
26.083909,94.547646,57.796902,6.062181,-12.938720,-74.513069,-103.550393,1.010575,40.472251,32.892042,19.167407,5.490486,40.210376,49.505653,13.392462,-14.467384,-118.353674,-47.764706,-14.954772
4.936278,57.284840,51.174487,13.727413,-0.297475,-107.044083,-89.019532,6.124147,26.801877,31.704509,26.621744,-8.869108,35.849714,52.040223,32.115038,-1.102312,-93.171939,-33.568627,-5.169512
13.225177,-20.096803,25.018082,11.921569,-1.103044,-52.698833,-23.458152,-5.841428,7.806226,16.029068,20.463813,-8.616693,-11.845838,14.321401,22.981079,-3.104601,42.292882,-47.670588,0.456580
-6.172305,64.576120,24.684825,-4.254185,-3.829587,-88.286839,35.111772,11.487388,15.615549,14.625620,13.528038,-10.832334,-4.573754,8.300984,3.908766,-10.330968,-59.504051,19.231373,-23.221332
3.696590,-13.533532,4.339055,-9.249073,11.228367,-17.064683,13.812696,23.943053,16.118853,18.382544,22.430030,-6.232776,47.456580,41.576165,34.621485,9.889677,-100.495857,-88.439216,-12.383337
-9.137835,-25.226459,37.818570,5.485847,-1.970581,-29.684871,-106.503243,-5.869169,8.439414,18.943923,22.905379,-10.579919,8.430594,44.983825,39.103944,11.966125,-39.211078,13.129412,17.110506
15.412863,9.841123,26.581827,-1.775952,2.429068,-87.121721,18.470283,6.604990,11.223819,11.041428,14.543557,-0.904021,-15.598337,-1.465904,1.489754,0.545663,-10.800916,-3.200000,2.803662
40.085100,110.911025,19.480888,-13.302617,-13.930190,-128.915999,0.682155,-10.159762,36.145464,25.766842,19.426688,-9.794629,45.463874,71.547936,36.492576,-9.770657,-105.089448,-100.643137,-14.281712
-2.526162,37.427024,30.230564,-4.638407,-12.009216,-46.077272,0.255970,0.612955,22.880980,22.225834,19.275441,-5.110933,40.482109,31.737606,26.828183,-2.519570,-113.760082,-51.011765,5.789288
22.923919,13.940368,22.779278,-6.924529,-7.485634,-1.226001,-10.713207,6.198123,23.449226,23.888380,19.534722,4.228412,12.403067,40.364263,35.437537,-3.664912,-14.010895,-170.227451,-10.795605
2.067979,16.729198,26.214389,-1.872007,-11.575448,-147.131060,-40.160525,1.204761,23.855116,27.256657,18.908125,-3.540352,48.854063,80.969497,34.050248,-9.548180,-133.960815,76.313725,-8.517556
2.481209,5.081071,14.353857,-9.421973,-5.998428,-0.568460,-32.134051,10.544198,18.067124,12.660792,7.888670,8.940154,14.693385,-3.674693,-9.445350,-10.545205,-63.802472,44.015686,-3.029526
23.288533,92.565225,90.644083,22.660578,-8.601038,-48.961227,-141.714199,-2.355322,28.433555,29.912413,20.960769,-4.213458,-24.772549,2.111162,3.162661,-17.994049,9.252232,-56.533333,-17.716045
10.770108,-17.923980,76.784009,25.772778,0.074327,-121.186999,-69.668727,5.615564,16.987457,30.171511,30.230076,5.013703,13.024170,34.011551,32.004288,-4.620737,-20.762921,-44.831373,-1.303731
15.096864,26.484504,20.190127,10.672847,-0.669276,-95.162188,-98.091173,13.623438,28.360494,21.664454,21.414511,4.705196,79.417517,38.422614,20.462974,-4.859693,-80.645640,-18.650980,-2.339208
8.801190,-18.640787,-8.538338,3.065248,-9.034806,-34.206912,13.548867,10.914076,16.346151,9.249332,10.956832,-5.110933,92.279530,58.914183,7.429450,-13.338521,-98.042252,-33.537255,-10.950927
6.030121,6.581888,-34.874189,-40.236591,-9.468574,-27.619959,143.890288,6.568002,6.840208,3.398032,10.178988,-5.279210,-29.016754,62.119860,46.046220,1.715724,-17.589837,-126.588235,-2.615335
4.693202,93.114031,34.562905,-3.370474,-12.442985,-44.358434,-106.249561,-1.273426,19.788098,12.855116,11.950744,1.676219,-19.027344,-0.325673,10.565423,-9.235065,-48.139986,54.164706,1.164157
12.568872,14.970779,39.647211,15.744579,-9.716442,-7.455344,-80.840848,0.187594,14.852476,14.690394,15.040513,-0.202869,9.556344,6.717693,-0.218128,-13.956512,-27.330465,8.564706,-12.711238
23.555917,39.073442,13.601892,-26.673548,-18.701640,-60.566262,41.940871,-14.616800,23.075807,14.604028,9.703639,2.321279,8.663508,38.298817,19.973342,-11.525750,-80.479606,-9.741176,-12.366079
20.250080,89.451591,51.482109,-1.641474,-15.541329,-126.943374,-18.770123,4.829572,34.830381,23.197452,10.762371,6.948882,36.742550,24.863645,4.066148,-19.732662,-73.229480,-38.039216,-13.401556
5.398123,39.118242,77.117266,32.285344,11.600168,-156.648112,-105.042039,20.577157,37.476783,40.924086,35.718196,6.668421,78.317647,56.822675,39.797589,2.416114,-129.035157,-91.419608,-1.959533
7.367041,-3.285420,55.617914,35.551232,-2.776150,4.126619,-210.796674,1.741085,25.365026,29.653315,28.912062,0.834836,87.168368,54.522667,30.576196,-3.879149,-115.973861,-25.333333,0.732708
12.204257,50.295964,49.773098,15.341146,-17.834104,-132.353674,-66.898528,5.550835,21.135653,20.692836,16.336919,-8.728878,4.212268,38.305333,14.569909,-16.593271,-2.370108,-0.345098,-3.236622
0.439368,42.265476,10.764935,-29.555215,-17.152468,-67.787686,54.513313,-14.135958,16.776394,10.933471,11.324147,-2.558740,14.783963,42.012711,36.603326,-0.673838,-17.516045,-98.337255,7.411536
-14.631357,26.092500,-6.880598,-19.238849,-5.378759,8.314122,4.335164,4.968276,11.402411,8.234531,12.815015,-14.562463,12.390127,48.124346,32.266590,0.636301,-78.265827,-37.647059,7.187182
21.611307,54.249607,41.826200,6.753780,-7.361700,-94.885328,-77.411078,1.574640,27.150942,16.396124,12.815015,10.174182,17.708324,7.962173,-2.654627,-17.722133,-58.009751,46.321569,-6.343053
33.473426,17.009201,10.200961,13.093446,-8.786938,-50.853101,-65.173495,-8.051453,19.236088,16.612039,20.334173,-1.044251,23.751141,62.882185,34.260090,-8.542916,-40.059693,-59.419608,-8.845457
-4.227695,-16.501564,-1.454490,-15.588739,-9.468574,-59.885649,11.296178,-0.570657,10.955932,13.546044,16.466560,-10.776242,31.191440,54.118700,26.600855,-7.488212,-63.544198,18.933333,6.531380
8.898421,100.259709,47.978637,-13.955795,-15.851164,-29.707942,-25.142596,-6.978805,29.984054,21.556497,12.879835,0.217823,58.946990,17.390249,4.503319,-19.633783,-69.060197,-106.870588,-15.317189
18.937469,23.382071,12.482490,-5.310796,-6.618097,-91.851408,63.392157,6.318334,14.552117,18.576867,17.568505,-21.433753,14.939239,75.281376,36.655787,-7.521172,-100.938613,-60.596078,-7.671916
6.273198,-30.176913,-0.890517,-2.794141,-2.280415,-16.164889,-2.960708,10.747631,5.346532,6.140154,12.404486,-8.728878,0.149218,1.915694,7.615976,-6.268711,-46.774823,57.192157,9.361685
6.735042,10.658732,55.378653,46.271031,14.512612,-23.259419,-155.453574,28.150423,15.420722,19.613260,30.986313,4.424735,27.788312,14.419135,29.579446,2.688029,-88.190936,-28.847059,-10.743832
-6.658457,28.343725,55.276112,8.233036,-4.511223,-74.928359,18.642786,2.462348,18.594781,16.525673,16.012818,-13.552804,56.009689,35.151781,12.634699,-12.357977,-82.453559,-39.529412,-33.817716
-2.623392,116.119081,34.708171,-15.396628,-12.566918,-70.233280,12.250019,-12.342046,34.335195,23.024720,17.525292,-4.942657,44.001694,46.071931,31.351446,-7.067979,-89.740581,-136.266667,-8.068849
11.134722,18.958022,20.916457,-6.252140,-11.513481,-74.686107,-45.213855,-11.213916,22.126024,17.151827,17.157977,-3.568399,45.476814,51.336538,50.452903,-3.541314,-51.442206,-55.952941,8.774914
5.495354,36.430213,32.674449,-1.295674,-14.301991,-57.474662,-33.706874,1.417441,24.309712,14.409705,7.175647,-11.056703,28.707027,10.073228,-7.276982,-20.581369,-54.338567,48.219608,-8.793683
16.749783,-4.192630,26.240024,19.048890,-1.598779,-22.521126,-46.563439,23.600916,21.882490,21.750820,19.815610,9.444984,32.925353,39.562844,13.683909,-13.305562,-65.038499,-78.729412,-12.590433
2.578439,-46.809094,-11.400931,-14.013428,-11.823316,2.373175,9.510262,-3.899565,10.209094,15.338140,14.824445,-13.244297,57.950637,95.499290,45.486641,-11.072557,-73.782925,-60.282353,-7.361273
15.242710,173.071702,42.458534,-7.961929,-26.075700,-124.520851,-65.853361,-22.467475,35.374273,21.858778,9.790066,-4.073228,-4.806668,66.172564,11.941054,-24.379950,-43.158984,-35.937255,-16.577020
28.514672,138.172122,47.141222,-0.181430,-16.160998,-150.003479,-17.217594,-3.307759,40.991791,25.831617,14.824445,-0.118730,53.952285,59.487556,24.269276,-20.433051,-67.916411,-131.168627,-26.586633
-19.079652,-9.400687,28.914626,11.460502,11.538201,-47.680751,-56.091707,16.277317,22.954040,23.715648,24.655528,-10.131182,75.147433,61.005692,26.938933,1.246052,-172.960220,7.937255,3.649302
5.009201,-38.185000,34.503090,30.037644,10.794598,-11.204486,-90.592355,15.287892,4.867582,10.739147,22.559670,-6.765652,-41.814069,-6.365637,20.171527,4.162966,38.049805,-14.368627,13.192950
13.200870,34.649393,26.316930,1.009659,-8.415137,-63.184894,-42.687190,9.027695,24.382773,17.302968,17.093156,-9.261753,48.841123,24.107836,37.600076,-4.505379,-73.561547,-50.305882,-1.510826
3.429206,46.588724,31.572137,-3.332052,-2.838117,-107.032547,26.029984,12.772717,28.717678,20.001907,16.509773,1.816449,52.283070,23.827665,18.032303,-8.534676,-60.998352,-88.156863,-10.553994
18.427008,46.017517,34.323644,10.999435,10.174929,-119.422019,-85.650645,16.240330,35.698985,34.943236,34.119295,-16.553735,24.424002,99.239246,66.109453,17.519799,-111.435615,-126.949020,11.898604
-16.648890,107.371786,54.139620,9.097536,-6.989899,-100.757061,-119.349660,-3.733120,40.610254,31.423819,19.318654,-19.049836,118.430564,73.040009,15.613291,-0.772717,-205.355184,8.972549,-5.273060
-1.602472,-9.915892,6.355688,-19.795972,-4.511223,17.635065,45.390936,-1.652552,5.411475,6.356069,10.222202,-9.345892,-8.623865,9.545464,16.837369,-3.697871,27.774182,-71.262745,-14.972030
-13.634745,12.338750,26.214389,-4.023651,-2.218448,-7.547631,-80.739376,-1.347402,8.642359,14.474479,18.821698,-11.449348,-28.330953,31.913527,26.874815,1.295491,-12.737972,23.074510,-1.528084
-1.383703,61.876890,54.310521,0.759915,-11.699382,-106.086610,-36.355306,-25.546715,22.044846,18.684825,14.500343,-10.215320,54.418112,26.531640,2.230030,-11.443351,-96.787778,54.274510,-9.984482
-10.717830,-18.819989,62.359960,2.757870,-1.041077,-46.677134,-79.694209,-9.780636,9.892500,23.413367,21.954681,-27.435615,46.266133,88.977173,38.509392,4.772717,-97.470359,-14.415686,7.204440
-17.037812,24.490883,10.670939,2.642603,9.431327,-113.158068,12.970474,14.696086,9.153780,10.048219,12.274846,-16.413504,23.854658,38.429129,14.051133,8.266423,-13.660380,-34.933333,4.322362
12.350103,62.257694,-19.125658,-11.458350,10.298863,-62.677317,57.770581,7.095079,22.004257,11.775540,13.117510,-10.047044,18.614099,59.305119,40.153155,9.345846,-89.279377,-132.156863,0.818997
-29.823621,10.412329,25.035172,2.604181,4.907744,-29.408011,-52.225605,4.561410,10.574395,18.641642,17.590112,-29.595163,25.769726,85.576028,38.247089,4.022889,-76.254978,-47.513725,16.972442
3.404898,-17.811978,12.790112,-1.603052,8.687724,-92.405127,-1.966278,11.709316,9.778851,11.840314,15.213367,-10.636011,-1.494118,16.725658,18.673487,5.654383,-38.067292,35.058824,14.556329
-4.762463,-13.130327,21.053178,-9.172229,3.110704,-5.771115,8.292592,4.274754,6.799619,6.874266,7.132433,-18.797421,21.525521,8.470390,7.872450,2.646830,-75.092744,16.737255,12.053925
13.735637,101.816526,22.386206,-9.614084,3.358572,-109.870359,5.887694,-8.578531,33.807538,19.246204,13.182330,-8.139910,86.068498,36.774166,29.497841,6.486610,-160.876677,-77.443137,2.406729
-0.022477,52.580789,34.571450,-1.007507,4.969711,-55.063676,-19.723964,-4.232456,29.708049,21.124666,14.370703,-7.999680,67.525978,48.241627,26.536736,0.924697,-139.384573,-60.219608,-12.745754
-9.696910,6.917891,13.285725,0.625437,8.439857,-33.803159,-67.030442,5.106981,6.978210,11.300526,16.682628,-18.993744,-10.940063,58.725231,44.192615,11.982605,53.896773,-109.568627,12.019409
-1.335088,63.512108,45.620203,34.974899,12.405737,-119.422019,-158.609369,18.283909,21.005768,25.313420,28.026184,-25.472389,41.801953,80.370062,46.285206,9.312886,-84.261479,-48.360784,10.656031
-16.527352,46.543923,35.255055,-7.885084,-13.000687,-34.760632,-4.513237,-5.147906,13.991989,13.459678,4.777295,-23.705486,-9.063813,33.366506,-3.400732,-10.273289,-43.085191,27.843137,-3.702586
20.930694,76.549050,69.264363,16.282490,2.800870,-66.461067,-108.512398,-1.190204,34.189075,33.345464,24.331426,0.778744,-10.694209,36.689464,34.539879,15.278553,-84.150790,-97.364706,3.528496
-32.667613,-42.250645,76.775463,42.505653,7.076585,-54.036988,-80.546578,19.707942,18.343130,34.468223,28.242252,-22.779965,84.981567,86.657618,35.455024,3.437858,-177.719844,-27.811765,0.284001
-1.796933,18.566018,-8.034180,-30.227604,-25.641932,2.269352,48.191577,-1.782010,24.999725,16.612039,4.906935,-9.065431,82.510094,92.665003,30.488762,-16.008240,-128.629297,-91.121569,-8.810941
-4.665232,23.438071,12.072328,-10.171206,-17.152468,-90.317144,38.013886,13.410758,22.840391,16.676814,9.314717,-18.629145,107.276585,59.976226,26.111223,-9.020829,-161.393225,-19.388235,1.716411
24.625452,37.214221,-3.642023,-20.833371,-13.372488,-135.745205,70.870680,-3.603662,12.603845,-0.790723,-1.164569,-13.019928,-22.689265,-24.518105,-10.383810,-9.325704,30.725887,73.741176,9.430716
27.177752,190.420691,80.458381,25.984100,-14.487892,-75.493614,-157.310521,-4.861250,52.876249,37.447852,20.528634,-9.233707,49.177554,20.472129,12.139239,-12.399176,-153.847929,-74.635294,-14.316228
-37.845136,66.816144,68.657664,18.856779,-19.445243,-100.514809,-35.533379,-9.299794,33.044465,36.065995,21.176837,-22.359274,113.112367,74.857862,35.099458,-13.676356,-120.954864,-101.301961,-6.619181
12.714717,-1.896605,-10.606241,-19.296483,-15.603296,-36.917830,-37.917983,10.923323,7.392218,4.196918,6.894759,-1.044251,-6.346487,28.017197,16.149554,-10.545205,34.433967,13.678431,5.858320
-3.109545,48.011139,57.591821,13.477668,-16.656733,-66.380316,-80.526284,-4.066011,16.857572,26.112306,22.559670,-19.863172,20.348013,56.822675,32.085893,-9.902495,-53.471504,-32.470588,-7.274983
25.938064,134.621683,66.606851,16.935668,-5.626627,-176.974228,-42.859693,-6.867842,39.230228,32.935225,26.621744,-8.925200,-14.226734,26.251469,27.958999,1.476768,-41.627787,-101.129412,-0.233738
-8.724605,22.542061,62.274510,25.964889,-5.130892,-96.327306,-130.075303,14.834791,21.931197,26.198672,22.408423,-24.911467,79.766888,44.671077,18.597711,-8.765393,-136.691142,78.305882,-6.757244
-26.420554,-69.791745,34.622721,16.897246,-17.772137,53.903685,-55.421988,-59.825223,9.194369,24.341802,21.414511,-16.189136,52.477165,78.630396,42.881102,-5.947356,-36.831266,-50.054902,3.959945
14.683635,7.433097,-0.839246,20.624201,-0.483375,-1.606683,-34.264973,-9.225818,26.582696,22.895171,22.948592,6.556237,21.512581,55.545617,32.412314,7.244678,-118.870222,-75.372549,2.372213
-21.607645,45.278309,45.543297,-3.812329,-18.577707,-179.154498,41.737926,35.307576,30.446769,33.237507,18.800092,-25.191928,104.352224,90.977462,32.243275,-9.655299,-88.467659,-107.921569,-23.445686
-2.185855,58.292851,19.967956,-10.862806,-18.515740,-74.789929,30.281682,-17.696040,21.858137,27.127108,23.791257,-19.162020,0.149218,53.473655,65.101045,10.235752,-28.584939,-145.803922,7.446052
11.037491,10.591531,-2.548257,-6.136873,-19.321309,11.232685,-24.493172,-82.803937,16.825101,12.682383,10.178988,-2.811154,40.482109,30.532219,24.240131,-4.357061,-100.827924,74.901961,0.698192
-14.193820,138.160922,80.090944,10.134936,-20.870481,-143.093523,-28.267948,-3.058091,44.774685,37.512627,15.753536,-14.141772,74.086381,60.445350,3.022766,-20.672007,-102.396017,-104.094118,-13.039139
-17.791348,33.921386,-0.993057,-20.199405,-11.823316,-63.369467,46.892729,24.904738,12.417136,15.942702,14.824445,-32.203449,8.365896,63.279637,51.741100,6.371252,-52.217029,-102.494118,22.512245
16.239322,54.260807,50.661784,19.932601,3.854307,-116.284276,-139.816663,1.778073,33.279881,32.373846,26.902632,-15.824537,53.887587,34.448096,25.149447,9.288167,-101.012406,-10.619608,21.614832
-34.879606,61.339284,90.362097,56.280018,3.482506,-145.954406,-101.470207,26.190066,34.367666,43.363928,33.535912,-26.902739,150.456199,78.506600,27.224552,-0.401923,-238.820142,-61.615686,5.012680
-16.284276,-37.322591,-21.902800,-15.934539,-6.432197,15.593225,3.939422,-1.134722,-2.852445,4.261692,8.428840,-16.637873,41.801953,61.917876,30.675288,0.520943,-83.283726,13.992157,20.786450
1.995056,99.195697,82.979171,29.615000,-5.688594,-138.940627,-164.301976,34.549325,30.576654,33.496605,24.136965,-10.467735,-7.523995,22.478935,8.338766,-7.554131,-60.758526,28.800000,-0.837766
-12.589517,-49.329122,55.079576,14.937713,-3.829587,-91.032364,-13.250019,0.243076,7.457160,24.924773,22.840558,-28.781827,22.806546,72.310262,44.349996,3.190661,-44.874662,-41.772549,17.455665
50.026917,100.830915,35.485771,14.803235,7.014618,-151.076310,-54.620356,11.034287,36.900420,32.265888,29.084916,-10.327504,25.575631,50.430869,44.618128,13.531701,-119.442115,-144.564706,28.500755
-22.239643,68.484962,46.628519,14.784024,-25.889799,-64.442298,-55.391547,-13.534905,31.161135,36.044404,21.608972,-27.042969,126.491966,117.554604,38.486076,-16.362554,-169.824033,-86.274510,-20.114900
-5.102770,28.903731,23.898680,-1.180407,-12.319051,-74.813001,-2.017014,-30.271916,13.277623,14.215381,11.302541,-16.665919,2.336019,38.012131,17.653422,-5.708400,-12.073838,6.588235,4.098009
13.687022,136.962509,13.849699,8.559625,-3.953521,-94.931472,-33.818494,11.718563,27.727306,13.589227,11.518608,-13.160159,-0.484825,-2.254292,11.568002,-1.431907,-53.563745,-62.384314,16.920668
-47.300801,-10.498299,57.489281,26.618067,0.570062,21.384207,-73.849393,6.364569,19.536446,36.951247,32.390753,-28.585504,88.190600,108.471855,61.854322,8.414740,-168.754040,-150.650980,11.553445
-4.349233,39.913451,84.064393,15.379568,-5.936461,-201.118700,-2.950561,-4.352667,21.858137,22.938354,19.167407,-13.356481,37.337774,8.424781,16.056291,-3.541314,-57.862165,34.619608,-6.187732
-3.474159,52.076783,-1.497215,-18.124605,-10.769879,-57.797665,-20.048676,-6.396246,11.873243,-0.229343,-1.704738,-14.310048,41.931350,-12.197101,-16.300191,-11.657588,-26.389609,94.352941,0.767224
-16.916274,22.418860,46.038911,26.579644,13.830976,-82.403571,-61.875639,12.106935,14.706355,21.513313,22.581277,-20.760647,12.558343,25.430503,22.071763,11.282216,-67.362966,-20.125490,18.439368
-9.089220,4.666667,33.016251,6.369558,0.384161,-83.695583,-45.152972,-10.095033,11.231937,13.546044,13.074296,-12.150500,36.237903,49.173358,37.017182,9.724880,-6.779217,-44.109804,-3.219364
-23.406409,-10.688701,25.864042,11.326024,13.645075,-16.660929,-61.733577,5.116228,5.801129,15.035859,17.093156,-31.390112,33.300603,48.007065,22.602197,14.668803,-61.404211,-10.384314,3.321401
-11.228290,31.782162,39.766842,8.617258,4.721843,-136.022065,40.337606,11.062028,10.347097,18.360952,19.383474,-32.792416,-10.991821,45.896010,24.572381,6.775006,-84.870268,-6.886275,21.269673
-15.166125,-8.493477,18.395666,10.999435,7.758221,-41.059190,-66.046159,14.770062,9.924971,17.821164,22.343603,-18.573053,41.983108,50.580728,37.081300,14.528725,-101.196887,-21.239216,25.704967
2.359670,8.015503,49.516747,28.270222,11.971969,-32.015106,-123.114290,16.739666,5.687480,14.604028,17.395651,-32.203449,0.938537,16.640955,9.434607,6.157015,-40.594690,25.678431,14.625360
-11.592905,211.947326,98.932784,25.484611,-4.201389,-195.062394,-88.674525,-10.770062,34.351431,34.209125,20.852735,-48.526268,29.845716,74.036896,37.448524,1.946441,-89.832822,-122.431373,2.182376
-44.359579,-18.562387,24.872816,1.317037,2.738903,-66.587961,58.440299,8.066011,-2.267964,7.997024,12.166812,-46.170397,80.012741,53.076204,30.447959,10.697185,-130.566354,0.862745,17.904372
11.086107,-30.893721,-3.684749,10.230991,20.089631,-60.093294,-57.299229,44.720989,-2.073136,-2.366903,13.225544,-16.693965,0.019821,-1.407263,13.025238,21.540856,-70.019501,69.552941,41.185351
-14.874434,54.417609,22.326390,29.941588,23.187976,-125.524468,-110.460670,20.170291,9.941207,13.178988,26.945846,-24.799283,18.018875,28.551476,36.288563,35.268482,-68.359167,-17.819608,43.722271
-32.351614,-66.409308,-13.503014,-17.087205,-0.049607,7.921904,112.413519,-5.721218,-13.056519,-2.043030,9.228290,-31.782757,13.658213,38.233661,23.756329,14.536965,-65.757977,0.109804,28.017533
-6.075074,43.900694,3.757992,-16.875883,-9.530541,-50.968460,49.226596,2.249668,10.655573,9.918669,7.780636,-28.220905,11.652567,55.376211,33.088472,2.828107,-55.113390,-86.572549,23.047242
-19.298421,9.269917,28.555734,6.580880,4.969711,-57.578485,-60.130312,5.310414,6.539849,14.604028,16.056031,-18.264546,23.272374,39.745281,29.929183,13.729458,-66.200732,-6.305882,29.294621
-14.339666,71.878599,74.023957,22.929534,14.636545,-140.994003,-45.335622,7.159808,20.064103,28.832837,26.513710,-20.592370,20.878538,32.584634,29.748486,17.692836,-75.184985,-68.329412,-2.063081
-1.894163,9.941924,-2.907149,-14.436072,-6.184329,-33.134081,21.291218,-15.541497,3.820386,6.809491,10.006134,-27.575845,31.049104,66.667750,37.576761,10.013275,-47.180682,-44.611765,-3.599039
-15.822431,7.186694,9.064469,-12.034684,-3.457786,-7.328450,-43.701915,-10.529641,-0.896056,0.828641,5.663172,-22.078813,26.986053,12.712047,5.185306,9.807279,-69.613642,89.301961,18.870817
-22.774411,40.182254,38.391089,6.638514,2.676936,-105.855894,-0.941405,8.704051,8.715419,10.458457,11.885924,-21.041108,19.739849,8.711467,8.536950,7.368276,-21.851362,-9.474510,10.086519
-3.109545,-3.050217,38.955062,14.226902,-2.156481,-56.805585,-101.307851,-0.256260,15.412604,20.433738,21.846647,-3.484260,38.424704,52.105379,36.107866,14.685283,-73.819821,-25.552941,17.455665
-3.328313,165.063615,130.916915,71.994705,12.157870,-192.374548,-344.892576,16.018402,40.723903,44.875334,37.338705,-16.974426,38.295308,27.254871,19.600290,10.631266,-69.281575,1.411765,10.690547
-17.402426,36.721416,16.515755,10.442313,-1.288945,-71.086931,-12.336767,12.791211,-0.051804,7.284504,12.339666,-20.311910,-2.529290,16.282597,12.407370,-0.657359,-31.794919,27.858824,4.960906
10.843030,31.076555,33.990387,-24.560327,-14.735760,-59.585718,8.272297,-38.067109,22.109789,22.506523,11.885924,-2.755062,53.305303,32.649790,20.060777,6.115816,-98.042252,-29.694118,14.694392
-5.734768,95.298054,95.172961,12.056046,-15.231495,-135.306844,-148.127260,-25.454246,37.566079,41.355917,20.571847,-7.046113,93.495857,78.337194,32.633814,-2.766766,-110.992859,-46.196078,-9.535775
-3.547082,-119.475486,-44.128481,-20.891005,-3.333852,44.744244,77.202564,15.334127,-15.435035,-8.671626,1.968414,11.997177,7.848310,21.794797,19.454566,9.617762,-13.752621,-6.494118,25.843030
36.852186,16.986801,-20.398871,-24.886915,-11.389548,-50.345525,35.406043,-16.577157,15.891554,5.190127,3.977844,20.102495,40.003342,49.381857,30.092393,2.992905,-27.828565,-123.137255,17.766308
19.788235,43.486290,19.455253,-16.741405,-17.834104,-98.034607,-24.046693,-24.548043,25.356909,23.089494,13.484825,13.651896,76.984863,111.169314,43.633036,-4.876173,-117.726436,-66.305882,-19.890547
68.986862,83.918730,35.058518,-9.460395,-19.507210,-176.824262,-59.003967,-21.246876,28.733913,14.733577,6.808331,25.795850,15.379187,30.642985,14.045304,-7.974365,-25.374960,-1.317647,-3.271138
46.794003,140.725750,48.175174,-8.864851,-33.449760,-115.430625,-93.535058,-32.685374,34.124132,14.021057,-0.300298,46.549950,38.903471,30.955734,15.875593,-26.612955,-17.220874,-52.800000,-35.146578
-1.092012,29.362936,114.715496,55.780529,8.563790,-15.864958,-262.019989,8.047517,31.453376,45.112840,35.329274,34.125536,45.256840,67.267185,29.334630,4.706798,-105.421515,-116.439216,-8.120623
17.503319,80.782696,34.921798,-10.075151,-24.898329,-99.038224,6.090639,-31.279835,21.858137,15.813153,3.740169,16.400412,48.530571,54.353262,27.125460,-10.965438,-62.105241,-85.207843,-3.409201
72.900389,4.084260,-55.587396,-68.688243,-26.757336,-5.874937,106.903563,-31.520256,12.766201,-16.142290,-18.795697,67.921065,7.278965,-41.165469,0.382254,-10.545205,20.653193,-22.133333,4.443168
25.646372,-26.133669,115.382010,21.796078,-13.682322,-66.784070,-193.272374,-13.793820,41.389563,40.038834,19.253834,49.578927,176.012009,68.466056,9.038239,-11.080797,-196.518517,-24.407843,-20.822477
19.010391,14.993179,26.479286,-20.045716,-37.787442,-42.397345,-30.195926,-18.047425,24.382773,12.855116,-7.300893,34.462089,153.574655,119.593988,7.493568,-33.221332,-93.836072,-64.831373,-65.071870
90.158801,8.385107,-51.357595,-27.230671,-10.274144,-10.039368,19.150149,17.655116,4.274983,-16.919585,-11.859922,57.319646,-101.957565,-24.439918,-8.506889,-7.751888,101.345434,-18.823529,-8.983520
51.849989,3.154650,-14.639506,-24.041627,-24.402594,-19.729458,-27.902647,-32.407965,9.697673,-6.210193,-6.955184,54.458946,0.420951,-12.861692,-2.677943,-10.891279,-14.804166,78.635294,-0.596155
68.889631,101.290120,41.612573,-0.680919,-13.744289,-71.271504,-134.458915,-18.768688,28.961212,8.903868,2.681437,64.162890,8.948180,-12.842145,6.269490,-11.179675,15.912016,-74.039216,-10.536736
53.770291,82.037110,40.758068,-16.991150,-26.881270,-134.176333,-20.951781,-23.059281,23.018982,4.542382,-5.356283,58.834134,22.120745,12.848875,2.119280,-19.518425,-32.016297,-1.631373,-19.372808
63.833646,11.005936,-10.178988,-33.320592,-21.056382,-90.951614,16.917754,-30.845228,22.848508,-2.086213,-8.057130,73.109590,66.878996,3.492470,-6.186969,-7.908446,-62.492653,8.564706,6.548638
52.725063,54.451209,11.482719,-24.022416,-17.028534,-27.608423,1.757763,-19.073838,20.835294,1.886625,-5.226642,54.739406,28.008286,15.513756,7.569345,-6.820783,-33.307668,-109.584314,-6.187732
62.083497,61.137682,-7.119860,-29.708904,-20.250813,-91.516869,-59.440299,-32.472694,19.033143,-1.568017,-8.186770,56.113664,28.732906,32.076417,1.711254,-11.665827,21.225086,0.360784,-20.408286
68.743786,32.521370,33.819486,3.987381,-5.626627,-93.558709,-88.735409,-7.505882,22.158495,5.427634,5.274250,74.091203,16.686091,-5.577249,-0.311391,-8.996109,-24.803067,-8.015686,-19.510872
