-10.061524,2.953048,-4.556344,-0.219852,1.933333,0.308263,-5.548257,1.306477,-6.781460,50.877775,1.385031,-5.363348,-0.834195,-6.404730,-0.002457,-14.343786,3.570199,-6.980392,-1.165667
23.434379,-11.181506,-9.170672,-3.735485,-2.776150,3.411398,-6.806516,-1.421378,-12.561334,47.682231,-1.164569,0.834836,-2.917479,-13.591440,-0.235615,-16.593271,8.440513,-2.149020,0.629160
24.406683,-8.135073,-9.204852,-1.679896,-3.891554,2.107851,-3.346304,1.167773,-10.775418,46.796979,-1.445457,5.827039,-3.435065,-15.552636,-2.234943,-19.106432,10.764981,-7.607843,-4.565484
19.861158,-7.463066,-6.829328,-0.488808,-4.449256,5.141772,-2.737469,-3.039597,-8.291371,47.617456,-1.899199,15.474891,-2.166979,-14.197391,-5.318456,-22.105745,11.152392,-12.172549,-7.999817
23.993454,-6.186252,-9.683375,-3.370474,-5.440726,2.661570,-4.929274,-5.175647,-5.515084,47.164034,-5.550744,20.831693,-2.995117,-14.366796,-9.194705,-21.586633,17.424765,-14.290196,-3.702586
18.524239,-3.375021,-6.812238,-0.719341,-3.147951,-5.367361,-11.880140,-5.776699,-2.081254,51.374380,-3.865415,25.627573,-0.057816,-12.490303,-10.004929,-22.130465,13.790478,-10.729412,-10.743832
34.129732,4.252262,-9.127947,-6.002396,-8.786938,15.823941,-4.777066,-7.968231,-1.748425,47.639048,-8.078737,32.695186,-2.516350,-18.295705,-14.190112,-28.260929,9.584298,-17.239216,-17.008469
43.706935,7.567498,-13.785000,-10.363317,-14.611826,26.160037,-3.731899,-10.390936,-0.806760,45.501488,-10.736370,42.791775,3.487648,-20.035370,-15.472480,-32.718700,12.056352,-29.835294,-18.665232
61.475807,7.959503,-11.828183,-10.440162,-17.586236,29.436210,-9.211414,-13.877043,1.498695,48.373159,-10.952438,46.101213,-2.943359,-18.888624,-16.434257,-37.069352,11.798077,-33.333333,-24.015198
63.785031,13.145159,-12.221256,-10.824384,-14.240024,35.354086,-6.035325,-15.153124,1.425635,47.423133,-13.761318,44.923278,-8.533288,-19.123186,-19.465309,-36.550240,5.175189,-29.050980,-26.155184
65.899794,17.199603,-11.546197,-11.650462,-15.603296,33.173816,-10.408789,-23.429160,3.219669,46.948119,-16.138064,46.746273,5.001587,-17.285786,-20.887572,-36.360723,1.079698,-28.501961,-27.380499
73.265003,30.706950,-12.520333,-16.395605,-22.605554,41.398856,-6.197681,-18.454292,4.981231,44.421912,-18.622843,54.739406,2.284260,-20.771633,-22.181598,-41.733120,-1.078737,-38.509804,-32.609659
82.137285,25.050889,-14.477150,-17.913283,-22.481621,45.851682,-12.488975,-13.220508,2.716365,40.794537,-18.493202,59.871839,3.914656,-26.498848,-21.278111,-39.096361,-6.115084,-41.505882,-26.672923
87.120348,17.412406,-11.255665,-16.952728,-23.906859,52.715496,-9.383917,-18.787182,9.170016,42.327535,-18.493202,55.384466,7.253086,-24.433402,-22.560479,-39.351797,-7.111284,-44.956863,-34.042069
61.475807,24.143679,-12.674144,-15.377417,-21.985885,56.949142,-1.093614,-15.717189,11.053346,43.795758,-18.730877,62.255756,4.665156,-23.306203,-24.658900,-39.557794,-9.933852,-38.054902,-43.137011
80.508675,33.025376,-14.186618,-18.105394,-25.208164,61.517327,-8.480812,-22.328771,8.406943,41.291142,-22.209567,71.314641,-5.246616,-27.958343,-27.678294,-42.655985,-13.291417,-26.447059,-42.136049
115.074113,32.566171,-14.870222,-24.041627,-28.864210,68.300389,-6.360037,-24.381598,7.976699,39.887694,-23.095445,69.519692,-7.523995,-29.886961,-30.196399,-46.874800,-21.021195,-37.145098,-38.943328
106.274754,29.934142,-11.264210,-17.067994,-27.996674,64.228244,-3.904402,-24.187411,8.236469,45.156023,-16.505379,73.838788,-10.357778,-31.704814,-25.667308,-46.512245,-30.208377,-41.176471,-40.945251
102.482765,32.890974,-8.324712,-17.279316,-28.864210,65.762509,-4.300145,-28.071138,12.555138,48.761807,-14.841657,69.491646,-8.093339,-25.495445,-19.313756,-47.130236,-31.591989,-45.364706,-53.146624
109.167361,24.927687,-10.238804,-22.197360,-24.526528,71.334310,-12.976043,-25.740902,13.951400,46.429923,-17.650538,68.313710,0.809140,-23.996857,-23.300755,-43.743648,-31.739574,-56.721569,-41.980728
108.875669,24.479683,-7.393301,-17.106416,-20.126879,68.750286,-11.027771,-26.027558,13.415625,47.056077,-15.900389,60.797360,-4.573754,-25.169665,-24.618097,-38.964523,-36.812818,-57.035294,-38.494621
115.851957,20.514839,-10.281529,-19.296483,-18.763607,71.553491,-2.767910,-24.168917,9.811322,43.623026,-16.483772,56.253895,-7.627512,-28.772793,-23.463966,-37.951019,-36.665232,-49.160784,-42.049760
101.243076,28.746929,-9.717556,-16.414817,-15.665263,68.784894,-1.408179,-19.573175,7.262333,43.515068,-14.020600,63.209323,-15.559518,-32.304250,-21.149874,-36.640879,-45.797070,-50.070588,-34.318196
84.835431,40.036652,-5.838102,-13.513939,-14.116091,59.925383,-3.934844,-16.586404,9.210605,48.114061,-10.369055,55.608835,-14.770199,-25.664851,-17.296941,-33.674525,-49.043946,-56.768627,-36.026734
91.860334,22.015656,-10.973678,-17.048783,-13.992157,57.964294,-10.713207,-14.357885,7.302922,45.846952,-13.739712,51.850660,-12.557519,-25.775616,-17.285283,-33.262531,-33.602838,-41.301961,-32.091920
81.164981,20.537240,-11.144579,-15.838483,-14.240024,54.953445,-12.976043,-21.468803,7.976699,47.898146,-13.329183,50.756863,-4.987823,-19.396841,-17.693309,-32.965896,-34.728176,-38.133333,-26.275990
85.832044,20.862043,-9.358663,-16.069017,-17.958038,57.306752,-10.013046,-22.920577,7.733165,49.733425,-13.674891,50.953185,4.639277,-18.601938,-19.797559,-36.138247,-36.960403,-44.611765,-30.814832
92.662486,18.353216,-10.546426,-17.721172,-19.073442,56.003204,-7.252995,-19.471458,3.560616,46.948119,-14.733623,50.223987,-8.403891,-26.257771,-17.512612,-35.874571,-33.953353,-29.960784,-26.828244
88.068345,21.310048,-5.222858,-13.763684,-18.763607,52.761639,-6.644160,-28.995834,6.320668,49.474327,-11.514214,49.102144,-14.174975,-22.120363,-14.405783,-34.350195,-34.285420,-35.247059,-27.432273
81.772671,21.231647,-5.838102,-12.783917,-16.408865,52.715496,-3.397040,-24.871687,7.384100,47.639048,-13.048295,43.885573,-10.357778,-18.510719,-14.656428,-34.168917,-30.189929,-42.164706,-28.139849
66.215793,25.655695,-5.855192,-12.342061,-14.797726,50.039185,-5.538109,-15.828153,7.927993,47.185626,-13.523644,41.445563,-8.999115,-18.973327,-15.466651,-31.293202,-31.499748,-38.305882,-25.948089
67.066560,24.289281,-2.924239,-10.997284,-15.293462,46.105470,-3.427481,-11.260151,7.294804,50.230030,-10.736370,38.949462,-3.913832,-18.738766,-11.870192,-34.457313,-34.377661,-37.568627,-38.270268
72.389929,21.209247,-4.146181,-11.900206,-14.983627,41.479606,-9.038911,-8.569284,5.411475,50.316396,-9.958526,32.218402,-7.368719,-22.556909,-9.946639,-35.825132,-27.551843,-28.313725,-32.764981
58.753353,16.247593,-2.121004,-9.614084,-16.284932,38.572580,-11.727932,-10.196750,5.695598,53.382391,-7.452140,29.385748,-6.255909,-19.553216,-8.879942,-30.444495,-27.090639,-29.709804,-22.617304
52.214603,18.308415,-5.410849,-11.227817,-14.116091,43.325338,-7.293584,-10.585122,7.343511,53.036927,-8.640513,29.441840,-0.446006,-16.738476,-10.057389,-29.678187,-29.857862,-33.521569,-25.999863
56.249668,17.927611,-6.820783,-10.113573,-11.637415,41.433463,-9.962310,-11.657771,8.894011,53.835813,-9.180682,31.825757,-3.771496,-16.295415,-12.581323,-30.634012,-31.647333,-28.847059,-26.949050
49.273381,15.765988,-5.214313,-7.789029,-11.513481,35.873198,-3.427481,-8.735729,7.660105,55.822232,-6.782330,24.197223,2.633631,-8.281224,-8.506889,-30.757610,-33.602838,-31.968627,-34.542550
47.547539,18.252415,-6.102998,-7.500862,-14.735760,31.570336,-1.986572,-8.208652,6.158312,53.166476,-6.998398,22.794919,3.875837,-10.705028,-4.857969,-30.634012,-29.119936,-32.266667,-30.107256
40.887251,15.015579,-5.274128,-7.616129,-16.532799,22.203250,-1.854658,-9.549462,4.234394,51.525521,-5.075395,23.636301,-1.727031,-12.516365,-2.310719,-27.445182,-25.393408,-25.082353,-17.042985
45.894621,8.877913,-6.504616,-7.001373,-11.141680,24.175875,-4.026169,-6.553445,1.985763,50.683452,-5.097002,17.690532,-7.342840,-10.750637,-3.552285,-26.184482,-27.957702,-17.600000,-15.507027
42.248478,14.242771,-6.521706,-1.314885,-7.857435,27.475120,-5.355459,-3.696132,-1.115236,49.474327,-6.501442,12.473960,-6.799374,-9.115221,-5.481666,-25.311055,-33.067842,-17.788235,-15.852186
33.133120,15.653986,-3.069505,0.394903,-8.724971,31.131975,-2.250401,-8.597024,2.294240,52.324407,-5.442710,10.903380,-2.930419,-5.622858,-3.762127,-26.579995,-31.868711,-30.901961,-15.972992
37.678645,11.442741,-3.821469,-4.119707,-12.071183,28.790204,-1.905394,-6.442481,1.734112,52.475547,-6.285374,8.912108,-5.557168,-9.154314,-0.870970,-28.260929,-32.145434,-21.333333,-8.949004
27.542367,22.430060,-0.693980,-2.794141,-13.000687,23.864408,0.306706,-3.825589,0.954803,53.986954,-3.109178,2.910246,-2.089342,-9.486610,1.163333,-27.700618,-36.406958,-23.513725,-10.415930
28.879286,14.657176,1.049210,-0.008530,-11.327581,24.810346,-0.576104,-2.974868,2.464714,56.621118,-1.337423,4.789334,-5.466590,-9.004456,2.941161,-25.294575,-35.798169,-31.184314,-13.142687
25.378988,9.796323,-2.308995,-1.430152,-8.477104,25.733211,0.042878,3.165118,1.027863,53.986954,-5.010575,6.387961,-7.523995,-9.851484,1.693767,-24.190433,-33.492149,-15.733333,-19.096681
21.441154,12.876356,0.322881,2.066270,-3.829587,27.636622,0.174792,2.638041,1.092805,54.872206,-2.763470,0.806790,-5.880659,-9.206439,-0.159838,-19.699702,-42.144335,-19.686275,-20.425544
27.979904,3.781857,-1.804837,2.200748,-3.147951,27.936553,-0.241245,3.627466,-1.277592,53.490349,-0.689220,-6.008408,-1.429419,-12.249226,1.005951,-17.235981,-43.896910,-19.215686,-12.745754
34.470039,6.503487,-2.599527,-0.757763,-2.342382,26.621469,-2.037308,0.113619,-0.116747,52.216449,0.326299,-8.532555,1.870192,-14.125719,1.163333,-17.293660,-40.520897,-20.627451,-14.212680
28.660517,8.530709,0.399786,0.490959,-0.855177,24.302770,-0.535515,-4.824262,1.425635,55.217670,2.875898,-7.494850,-3.538582,-12.581521,2.235859,-16.049439,-40.115038,-22.384314,-15.627832
11.572259,9.986725,0.613413,0.855970,-1.846647,22.353216,-0.535515,-4.324926,1.961410,57.959792,2.573404,-4.185412,-5.919478,-9.994827,2.060990,-20.235294,-32.643534,-15.341176,-14.799451
6.832273,16.706798,1.638819,1.220981,-4.944991,20.519020,-2.869383,-2.604990,0.792447,58.715496,2.184482,-1.324712,-7.782788,-6.339574,1.227451,-21.809110,-33.455253,-14.133333,-14.471550
4.450126,17.367605,3.655451,1.624414,-7.485634,23.506798,0.164645,-1.745022,1.141512,61.176928,3.977844,-2.614832,-2.619867,-5.016907,4.718990,-24.066835,-34.377661,-25.129412,-18.596201
11.791028,19.562829,4.552682,-0.873030,-11.823316,19.826871,-2.209812,-4.435889,0.297261,61.155337,3.372854,-3.484260,5.622690,-6.450340,6.042161,-26.250401,-34.359213,-28.815686,-13.401556
27.396521,19.562829,2.254063,-3.562585,-16.346899,21.776425,2.985580,-2.919387,-0.782406,58.326848,-0.689220,-5.110933,6.140276,-7.505867,3.663951,-29.529870,-35.097139,-15.701961,-24.740032
25.014374,12.596353,-1.539940,-5.137896,-12.938720,27.590478,3.066758,-9.558709,1.255161,58.996185,-1.855985,-3.512306,-4.418479,-5.257984,4.363424,-24.388190,-31.518196,-12.141176,-20.494575
19.204852,1.564233,-0.685435,-1.161196,-7.733501,25.294850,-3.295567,-10.464912,0.216083,59.514382,1.212177,-3.372076,-5.324254,-0.240970,7.172976,-18.867475,-32.975601,-20.266667,-9.656580
19.447929,3.569055,-0.147097,0.222004,-0.669276,24.464271,3.817655,0.011902,-5.669322,56.988174,3.545708,-10.018997,-9.814313,-8.665644,6.910674,-17.186542,-34.377661,-18.337255,-13.953811
11.013184,-0.104585,-3.830014,-1.468574,1.995300,22.237858,4.243839,1.750332,-11.246250,54.526741,5.555138,-13.356481,-11.056519,-13.246113,7.388647,-11.657588,-35.669032,-5.505882,-1.424537
6.346120,-3.016617,-0.676890,4.294759,2.614969,19.457725,2.336156,3.377798,-11.018952,57.592737,9.120256,-10.523827,-4.250263,-8.939300,11.259068,-10.833600,-38.159533,-17.945098,-10.933669
15.850401,9.751522,-1.591211,3.353414,7.758221,16.781415,-0.373159,5.412131,-10.564355,57.506371,6.484230,-15.235569,-12.881010,-10.763668,7.586831,-9.243305,-38.915908,-16.062745,-14.730419
12.034104,0.511421,-2.770428,2.123903,8.253956,19.007828,-3.417334,5.236439,-7.179232,57.700694,4.518013,-19.750988,-7.782788,-8.248646,4.812253,-8.946670,-43.417258,-6.149020,-6.412085
0.244907,4.857069,0.151980,3.372625,9.369360,21.003525,4.264134,4.052827,-5.799207,59.838254,4.690867,-14.618555,-11.302373,-10.587747,5.004608,-11.822385,-40.613138,-11.482353,-10.519478
7.269810,4.868269,-1.881743,-1.103563,7.448386,18.996292,-2.828794,7.307759,-7.089937,59.600748,3.156786,-13.132113,-5.414832,-11.017777,5.878950,-16.032959,-35.263172,-13.270588,-7.378531
-0.362783,1.877836,1.023575,0.375692,6.890684,20.357519,-1.296559,-0.376471,-5.222843,60.378042,4.950149,-7.719219,7.796551,-8.118334,6.333608,-16.931106,-36.849714,-25.756863,-7.223209
-2.088624,3.154650,0.852674,1.758892,12.901472,20.369055,9.276875,1.898283,-6.619104,56.469978,3.653742,-12.010269,-7.148745,-10.770184,2.224201,-15.217212,-32.163882,-16.721569,-9.725612
0.269215,-0.530190,1.895171,4.640558,13.149340,19.457725,0.986572,10.618173,-8.429374,56.750668,4.107485,-21.013062,-16.737026,-8.300771,3.028595,-13.569238,-33.196979,-5.537255,-7.499336
-3.133852,4.173861,5.210651,7.829603,12.591638,17.635065,-0.728313,12.412085,-9.005737,59.428016,6.916365,-20.620417,-13.942061,-6.561105,4.206043,-12.844129,-39.174182,-16.078431,-8.224170
10.721492,-2.423011,3.723812,4.045014,11.228367,13.701350,2.863813,10.507210,-10.678004,58.672313,7.283680,-23.677440,-10.344839,-8.607004,6.077134,-14.549783,-38.546944,-13.819608,-6.049668
1.217212,0.365820,6.851301,7.214847,7.944121,16.285374,7.430076,-4.204715,-9.452216,61.436027,8.947402,-20.844785,-12.402243,-6.365637,7.079713,-16.263676,-40.576242,-7.921569,-6.601923
-3.814466,1.194629,6.594949,7.599069,6.642817,17.577386,5.765927,8.334173,-7.609476,60.226902,5.814420,-17.815808,-15.650095,-6.925978,5.150332,-17.095903,-38.805219,-10.070588,-6.981598
7.294118,5.831479,4.603952,3.007614,2.305135,12.824628,1.473640,15.630030,-5.385199,61.112154,1.990021,-21.658122,-10.940063,-3.609537,3.640635,-17.425498,-38.879011,-16.172549,-5.514672
4.352895,3.837858,5.227741,3.526314,2.367102,10.886610,1.666438,10.914076,-5.831678,62.126955,3.286427,-21.069154,-9.050874,-3.818036,5.395148,-16.494392,-41.351064,-13.631373,-2.252918
0.585214,4.241062,4.646677,2.853925,2.119234,16.412268,5.471656,12.273381,-7.195468,59.125734,2.595010,-18.937652,-11.561166,-10.946105,6.461845,-18.488441,-36.794369,-8.988235,-3.771618
0.633829,6.671489,2.604410,5.024781,1.809400,13.955138,1.534524,11.191485,-7.552651,60.853056,3.221607,-17.731670,-13.955001,-10.874434,4.806424,-16.494392,-36.978851,-5.019608,-3.547265
9.481804,1.463432,1.203021,5.889281,5.465446,19.077043,-0.961700,15.750240,-6.318746,60.291676,3.394461,-20.368002,-20.360128,-11.024292,2.434043,-15.225452,-37.218677,-14.227451,1.336736
6.807965,7.578698,1.878080,5.620325,5.527413,25.456352,2.254978,11.209979,-2.024430,59.643931,1.773953,-20.928923,-11.832898,-7.662242,1.839490,-14.500343,-40.686931,-25.364706,-6.532891
-2.817853,3.725856,2.578775,6.907469,3.854307,15.835477,-0.850080,9.379080,-2.405966,61.090562,3.243214,-19.919265,-4.392599,-6.189715,5.377661,-13.264363,-43.195880,-11.827451,-6.981598
5.908583,1.698634,4.099794,7.118791,2.429068,13.851316,3.807507,10.886336,-3.518105,62.494011,5.166217,-22.247089,-8.830900,-9.134768,5.325200,-16.395514,-41.812268,-13.207843,-7.516594
4.109819,0.981827,7.987793,11.959991,1.933333,10.102174,3.858244,9.656489,-4.816953,64.739528,7.975097,-21.125246,-10.267201,-8.027115,5.261082,-16.733349,-46.387411,-10.917647,-10.139803
-10.110140,2.919448,8.603037,11.767880,1.623499,11.175006,6.608148,11.607599,-5.312139,64.566796,6.678691,-24.659052,-6.605280,-6.144106,4.363424,-19.032273,-43.878462,-7.796078,-6.291279
-6.950149,3.210651,6.424048,8.040925,4.350042,15.743191,2.508659,7.723873,-6.058976,63.724727,5.166217,-23.845716,-7.472236,-5.968185,2.643885,-16.692149,-38.639185,-11.905882,-1.890501
-6.609842,6.929091,8.073243,8.521202,3.854307,13.343740,-0.819638,2.120211,-7.016876,65.883879,7.326894,-24.799283,-14.097337,-2.273838,4.998779,-15.909361,-37.384710,-11.607843,-0.389059
-7.411994,7.377096,4.433051,5.850858,2.986770,13.851316,-1.438621,7.233783,-7.828656,67.049821,7.110826,-24.687098,-13.605631,-1.309529,7.767529,-14.475624,-35.816617,-15.560784,-1.459052
-3.814466,4.543465,1.843900,3.487892,0.879896,16.862165,-2.605554,10.109590,-8.275135,65.279316,5.295857,-23.985946,-11.897597,-6.548074,6.100450,-14.887617,-37.403159,-3.498039,-1.338247
-6.852918,20.537240,1.211566,3.180514,-0.607309,14.335821,2.802930,8.639322,-5.839796,63.595178,2.616617,-28.361135,-9.568460,-7.531930,5.185306,-15.736324,-41.351064,-5.960784,-0.233738
6.516274,15.508385,-1.539940,2.661814,4.659876,12.293980,2.508659,5.902220,-4.954955,61.932631,0.672007,-19.779034,-10.435416,-8.984909,-0.206470,-11.657588,-43.841566,-13.443137,2.303182
9.335958,-4.147829,0.245975,4.448447,4.783810,13.759030,3.523384,3.812406,-2.730678,62.925841,2.335729,-21.826398,-9.749615,-9.154314,0.061662,-12.283818,-41.074342,-6.682353,2.579309
2.408286,-3.520623,0.399786,5.505058,5.465446,14.912612,-1.255970,7.455711,-4.005173,64.804303,4.021057,-22.331228,-12.906889,-8.418051,3.897108,-11.171435,-34.506798,-13.803922,3.200595
-4.640925,3.961059,3.689631,8.194614,6.580850,19.919158,4.761349,8.186221,-6.570397,65.063401,2.789471,-11.449348,-17.358129,-12.470756,-0.235615,-12.250858,-38.067292,-16.752941,-3.236622
-7.727993,4.140261,6.253147,7.291691,4.473976,18.696361,4.639582,6.891646,-5.028016,65.970245,2.249302,-18.769375,-6.877012,-8.157427,4.357595,-12.811170,-42.439506,-18.776471,-4.237583
-0.824628,5.383474,3.493095,3.948959,6.332982,19.411582,3.442206,0.538979,-4.622126,64.631571,-0.840467,-23.593301,-2.154040,-5.779232,0.312306,-12.094301,-39.340215,-15.341176,-2.770657
-4.349233,4.812268,4.646677,8.175402,7.882155,18.338750,6.354467,-1.125475,-5.149783,64.199741,0.369512,-22.583642,-11.574105,-3.954864,-0.725246,-11.212634,-39.764523,-13.741176,-0.475349
-3.911696,4.073060,3.595636,5.908492,6.394949,13.897459,2.397040,4.959030,-6.716518,64.761120,2.551797,-24.602960,-16.775845,-4.130785,4.386740,-8.336919,-36.167132,-16.690196,4.546715
-3.085237,10.849134,3.843442,3.353414,5.031678,17.196704,5.451362,3.331563,-5.377081,65.581598,0.391119,-23.509163,-19.803723,-11.929961,1.956069,-10.059052,-36.960403,-4.847059,-1.320989
-4.106157,14.948379,4.945754,6.388769,6.332982,16.792950,3.381323,3.165118,-1.870192,66.790723,0.844862,-26.369863,-18.289784,-9.167346,0.994293,-10.561685,-41.775372,-7.152941,-5.169512
-7.168917,9.516320,1.032120,5.908492,11.724102,15.212543,-0.078889,8.278691,-1.951369,64.437247,-0.624399,-23.649393,-10.487175,-8.040146,-1.098299,-6.260472,-37.274022,-15.968627,-3.391943
-1.651087,5.988281,1.809720,7.272480,9.927062,11.382650,-4.553826,4.367224,-1.699718,64.890669,0.002197,-18.601099,-8.170977,-7.277821,-1.611246,-8.633555,-35.835065,-15.780392,-1.735180
14.148867,1.340230,0.510872,6.561669,7.634287,10.782788,-7.496529,2.046235,-4.094469,63.206531,-0.127443,-15.936721,-8.701503,-10.190295,-1.436378,-10.067292,-32.219226,-7.576471,-8.241428
6.054429,-5.480644,1.091936,7.810391,9.865095,12.870771,-9.921721,5.282673,-6.123919,60.874647,1.212177,-12.599237,-8.843839,-12.242710,1.868635,-7.067979,-31.518196,-8.517647,-4.496452
2.116594,-1.650202,5.244831,11.729458,7.944121,15.258686,-0.971847,5.208698,-5.295903,62.364462,3.243214,-20.283864,-8.623865,-11.780102,1.075898,-6.614786,-42.457954,-12.235294,-4.168551
11.329183,-2.725414,4.586862,9.942824,11.228367,16.839094,7.572137,5.486107,-7.828656,63.098573,3.567315,-32.399771,-15.456001,-10.366217,0.970977,-2.552529,-42.550195,-18.305882,-2.304692
-8.894759,-1.134997,6.740215,10.788113,13.707042,13.562921,5.299153,4.598398,-9.216800,65.473640,4.669261,-30.632868,-14.744320,-5.251469,2.002701,-1.431907,-42.863813,-18.713725,6.134447
-18.496269,3.009049,4.774853,11.114702,10.794598,12.086336,6.983597,8.112245,-12.536980,64.847486,2.746258,-22.779965,-12.078752,-9.675563,0.976806,-5.156329,-40.317967,-8.674510,4.356878
-4.713848,1.642634,2.741131,9.155169,10.856565,10.494392,4.832380,12.634012,-13.908888,65.020218,4.582834,-21.798352,-15.792432,-7.955444,5.505898,-6.532387,-37.440055,-24.894118,5.685740
-3.620005,-1.056596,2.621500,8.521202,9.493294,13.043809,-1.174792,7.085832,-12.187915,64.502022,4.820508,-21.013062,-8.067460,-7.154025,4.707332,-5.823758,-39.782971,-21.113725,6.358801
-5.953536,9.807523,-2.684977,4.410025,8.935592,12.605447,-2.534524,4.672374,-12.975341,60.334859,-0.105837,-22.808011,-12.790433,-9.747234,0.446372,-6.013275,-33.953353,0.015686,8.447013
-0.557244,12.047547,-0.941787,4.025803,9.617227,15.512474,1.879530,7.844083,-9.882460,60.378042,-1.769558,-24.322499,-15.805371,-4.899626,0.364767,-6.598306,-37.809018,-7.294118,-1.614374
5.471046,-6.074250,0.562142,5.697169,10.360830,20.415198,2.265126,5.800504,-7.950423,59.643931,-0.192264,-22.190997,-8.869718,-4.873564,0.976806,-6.441749,-38.565393,-13.678431,-2.201144
8.460883,-3.386221,-2.274815,4.025803,9.307393,20.415198,5.573129,7.400229,-9.695750,58.132525,-1.380636,-23.929854,-14.550225,-11.734493,-1.663706,-6.623026,-36.425406,-4.549020,3.028016
0.706752,3.378653,2.732586,5.274525,7.758221,18.477180,1.991150,6.327581,-7.528298,61.004196,-0.429938,-18.825467,-13.864424,-12.926848,-2.689601,-7.768368,-35.300069,-3.403922,-4.807095
8.363653,4.409064,4.287785,8.405936,10.236896,18.857862,-2.453346,9.166400,-6.903227,62.342870,0.909682,-18.180407,-15.261906,-11.265370,-1.179904,-9.193866,-38.159533,-15.984314,-8.241428
17.843626,4.644266,3.544366,9.789136,10.298863,18.061891,4.670024,4.062074,-7.292882,62.969024,0.261479,-24.154223,-16.180621,-9.395392,-4.135180,-8.542916,-41.387961,-18.964706,-5.946120
-0.557244,-0.406989,4.176699,8.674891,12.281804,8.671733,9.875563,-3.206043,-5.969680,63.832685,0.693614,-23.789624,-8.119219,-6.502464,-2.433127,-5.535363,-35.742824,-12.282353,-3.599039
-3.838773,-6.264652,-0.924697,8.501991,10.360830,10.252140,5.593423,7.390982,-9.046326,60.723507,-0.321904,-25.724804,-5.492470,-8.880659,1.903609,-4.571298,-37.292470,-3.607843,1.302220
-20.222110,-3.039017,-0.617075,9.212802,9.245426,11.751797,-0.261540,5.661799,-8.762203,60.680323,2.033234,-20.031449,0.395071,-5.101610,3.151003,-5.238727,-35.078691,-7.952941,4.322362
-28.486702,2.258640,-0.574350,8.348302,13.521141,13.332204,5.289006,-0.533669,-7.926070,59.320058,1.536278,-16.385458,-6.889952,-3.146929,3.034424,-2.049897,-28.271321,-17.490196,5.219776
-7.071687,4.129061,-1.069963,10.327047,16.247684,16.977523,1.666438,9.295857,-10.945892,56.621118,-0.062623,-22.050767,-22.779843,-4.437018,1.629648,0.529183,-32.403708,-16.345098,-0.130190
1.824903,-4.707836,0.673228,11.479713,17.177188,13.355276,1.270695,19.153124,-14.826200,55.433585,0.304692,-23.340887,-24.539635,-6.697932,1.460609,1.097734,-36.941955,-6.792157,-5.238544
0.244907,-11.775113,0.100710,11.441291,13.273274,15.662440,7.957733,14.742321,-16.733883,53.663081,0.780041,-23.593301,-19.855482,-13.324300,1.973556,-0.871595,-32.293019,-4.423529,3.166079
-5.345846,-1.123796,2.313878,9.366491,12.343771,12.963058,6.232700,12.929915,-14.582666,57.527962,2.875898,-24.687098,-17.358129,-13.233082,4.270161,-2.148775,-37.606088,-8.172549,3.511238
1.654749,1.553033,3.168383,8.117769,13.892943,12.282444,4.132219,12.726482,-10.751064,60.097353,1.925200,-26.734463,-18.134508,-12.073304,1.081727,-0.245365,-38.510048,-15.152941,1.112383
7.634424,-0.283787,0.382696,9.078325,14.202777,15.512474,1.230106,9.138659,-8.250782,60.118944,-0.602792,-23.593301,-12.764553,-9.897093,-0.970062,-0.962234,-34.875761,-22.117647,-2.874205
1.922133,-1.370199,-1.326314,6.254292,12.839506,9.110094,-0.007858,5.578576,-8.218311,60.378042,-2.007233,-23.060426,-10.525994,-8.548363,0.819425,0.916457,-38.214878,-3.482353,-0.993088
5.568276,3.658656,0.331426,7.118791,12.901472,10.586679,-0.565957,8.186221,-6.797696,59.946212,-0.862074,-24.266407,-10.241321,-6.489433,2.515648,-2.387732,-35.318517,-20.549020,-3.271138
5.568276,-1.851804,-0.249638,8.770947,13.087373,16.666056,2.214389,8.676310,-5.498848,59.363241,0.628794,-27.071015,-10.862425,-7.447227,2.836240,-4.472419,-34.451453,-21.364706,-4.375647
-13.561822,-6.331853,-2.402991,8.886213,14.016876,13.147631,5.339742,8.704051,-4.524712,59.060960,0.607187,-30.632868,-6.553521,-7.264790,1.268254,-1.464866,-34.377661,-1.709804,-2.114855
-13.999359,-6.880659,-1.394675,12.459480,17.487022,10.644358,1.940414,16.748913,-8.616083,59.341650,0.542367,-27.716075,-6.721736,-2.208682,3.454108,-2.297093,-36.591440,-8.219608,-7.879011
-12.443671,-8.213474,3.108568,15.725368,18.664393,13.332204,1.798352,15.213916,-9.963638,61.263294,2.789471,-32.147356,-17.151095,-2.599619,2.113451,-0.220645,-42.088991,-2.290196,-6.757244
-21.826413,7.724300,2.997482,13.631357,16.743420,10.263676,4.284428,13.124102,-10.531884,61.176928,2.746258,-33.409430,-12.311666,-6.118044,1.256596,-1.242390,-40.336416,-2.807843,-5.307576
-22.069490,-1.056596,1.621729,11.652613,14.698512,8.798627,4.193103,11.080522,-9.833753,59.967803,2.098054,-25.865034,-6.786435,-7.603601,4.415885,-1.085832,-38.104189,-4.988235,-0.993088
-16.162737,-2.859815,0.997940,11.691035,13.954910,12.028656,4.893263,13.087114,-4.776364,61.997406,0.326299,-17.142702,-12.699855,-7.017197,2.247517,-1.843900,-39.395560,-17.019608,-2.201144
-6.220920,-1.515801,-1.941558,10.922591,16.743420,11.521080,4.193103,15.139940,-6.440513,60.464408,-2.460975,-23.789624,-20.437766,-9.128252,0.370596,-0.888075,-35.355413,-11.043137,-0.043900
3.015976,-14.104738,-5.120317,7.579858,15.318181,11.694118,1.372168,14.030304,-8.031601,56.362020,-4.448798,-22.219043,-17.138155,-8.190005,1.000122,-0.031128,-31.499748,-2.619608,3.166079
3.526436,-8.191073,-7.760739,5.505058,11.910002,11.959442,1.077897,12.652506,-8.867735,54.613107,-4.902541,-17.114656,-15.818311,-10.301061,2.282490,0.471504,-33.030945,-4.188235,6.272511
-16.162737,-8.336675,-3.026780,9.328069,14.884413,10.805859,4.670024,15.657771,-10.531884,55.563134,-0.386725,-25.163882,-22.909239,-11.701915,8.128923,4.294804,-35.078691,-0.580392,10.673289
-5.078462,-6.152651,-0.668345,9.673869,13.211307,14.370428,4.000305,15.630030,-10.401999,55.649500,-1.164569,-25.444343,-19.803723,-10.424857,6.450187,0.702220,-41.166583,-3.105882,3.839139
5.568276,-6.970260,3.928893,16.589868,17.239155,14.220462,9.347906,5.994690,-6.789578,61.025788,2.270909,-43.590158,-11.587045,-5.433906,6.939818,1.501488,-53.877363,-12.658824,-3.547265
-13.780591,-8.011872,7.381094,20.278401,18.416526,5.799313,6.943008,15.482078,-7.073701,65.365682,5.014969,-43.449928,-15.106630,-2.006699,8.029831,2.523232,-52.844266,-14.619608,1.733669
-5.929229,-6.634257,-0.993057,8.886213,11.848035,7.125933,0.113909,18.302403,-9.736339,60.118944,-1.164569,-22.415366,-15.145449,-7.336461,3.133516,-2.412451,-28.972351,-12.815686,4.149783
-3.158160,-9.669490,-5.009232,3.756847,8.625757,6.814466,0.519799,8.648569,-12.025559,56.707485,-3.087572,-16.357412,-11.172976,-9.434485,4.532464,-5.040970,-10.690227,-1.741176,-2.149371
-11.617212,-11.002304,-3.223316,6.235080,9.555261,-2.160403,-7.790799,7.030350,-12.545098,58.002976,-1.510277,-16.525689,-13.100984,-5.655436,4.911345,-3.219959,-9.398856,7.937255,4.184298
-15.141817,-13.634333,-5.436484,7.637491,13.707042,-7.732204,-4.269703,9.110918,-11.465431,57.808652,-3.109178,-17.815808,-9.115572,-1.622278,3.541543,-3.038682,-2.517693,-5.992157,9.206363
-19.881804,-16.703166,-7.418936,9.404913,13.521141,-15.749599,-1.458915,11.894255,-11.570962,55.498360,-4.254337,-17.535348,-9.917830,-3.544381,3.389990,-2.651408,2.149691,6.337255,8.636851
-26.566400,-16.288762,-6.923323,9.942824,13.769009,-23.582422,-3.853666,16.212589,-11.546609,53.943771,-2.741863,-21.405707,-7.536934,-5.284047,5.884779,-0.097047,2.002106,11.513725,12.726986
-32.302998,-10.117494,-6.948959,6.600092,11.104433,-21.009934,-1.245823,11.108263,-13.576059,52.130083,-3.843809,-21.489845,-1.985824,-7.492836,7.755871,0.150149,4.160540,10.462745,16.696315
-18.787961,-17.397574,-5.795377,6.926680,8.749691,-17.779904,-4.949569,8.916732,-11.497902,53.425574,-3.584527,-17.591440,-3.331548,-7.779522,7.114687,-1.052873,0.101946,13.756863,10.638773
-21.607645,-13.443931,-7.760739,5.159258,13.025406,-22.763378,-7.699474,13.614191,-11.205661,54.354009,-5.032181,-18.713283,-5.699504,-4.339284,4.206043,1.073014,2.315724,9.678431,14.987778
-32.813458,-8.963882,-7.410391,3.948959,14.884413,-26.258732,-7.963302,12.162417,-12.309682,55.347219,-4.319158,-22.219043,-3.435065,1.440055,8.297963,4.220645,2.850721,6.603922,16.092287
-34.028840,-8.583078,-6.162814,6.523247,15.318181,-27.596887,-12.448386,14.770062,-14.720668,56.254063,-1.078141,-19.666850,-5.738323,0.345434,11.130831,4.385443,0.766079,2.964706,17.645502
-51.627558,3.725856,-5.462119,6.542458,14.574578,-27.123919,-7.455940,1.546899,-14.818082,56.275654,0.196658,-20.564324,-6.346487,-2.703868,9.183963,4.673838,2.703136,11.011765,25.773999
-38.477134,-5.144640,-4.992142,7.003525,11.971969,-24.793683,-4.300145,6.743694,-12.001205,55.260853,-1.207782,-27.547799,-0.290730,-1.407263,8.251331,2.679789,1.485557,10.133333,16.748089
-10.085832,-23.770443,-10.084993,5.946914,16.123751,-20.098604,-10.226139,17.497917,-14.111833,52.000534,-5.723598,-29.482979,-2.555169,-1.752590,2.101793,3.248341,1.725383,9.584314,19.802747
-18.423346,-12.995926,-8.273442,7.771969,15.380148,-16.510964,-4.279850,15.260151,-11.587198,53.058518,-6.803937,-22.050767,-0.821256,1.544305,0.831083,-0.970474,0.175738,-3.701961,12.519890
-30.601465,-1.482200,-4.445258,8.213825,13.087373,-15.726528,2.031739,17.017075,-9.849989,54.505150,-5.140215,-21.573983,-1.481178,-1.368170,2.847898,-4.282902,-3.587686,-3.011765,4.995422
-23.892561,-16.927169,-3.582208,9.020691,12.591638,-16.718608,3.503090,13.641932,-13.048402,55.779049,-2.763470,-24.210315,-8.934417,-6.026825,5.855634,-3.697871,-0.968048,12.203922,8.291691
-16.381506,-19.144793,-0.642710,9.597024,9.555261,-17.895262,-5.345312,15.944427,-14.631373,58.046159,-0.429938,-21.573983,-11.625864,-4.423987,7.557687,-3.269398,0.231083,3.043137,11.501671
-23.503639,-19.402396,-2.539712,6.811414,13.273274,-14.469123,-5.862821,16.369787,-15.029145,57.527962,-1.142962,-25.668711,-5.815961,-4.358831,7.505226,-0.303044,-1.669078,4.643137,13.745205
-26.080247,-20.880812,-4.821241,6.484825,13.459174,-14.769055,2.031739,12.180911,-14.720668,56.059739,-3.584527,-27.183200,-4.327901,-1.250889,6.123766,-0.294804,1.799176,9.960784,9.948455
-22.434104,-15.247150,-3.197681,7.368536,11.104433,-17.618402,-0.850080,-4.750286,-11.238132,58.326848,-2.115267,-26.005264,-4.250263,4.802106,7.365332,-0.368963,5.525704,4.658824,9.068299
-25.691325,-12.704723,-2.402991,9.885191,10.546731,-18.218265,0.255970,6.040925,-10.742947,58.801862,-1.229389,-22.190997,-2.943359,-1.218311,8.461173,-3.063401,1.301076,2.823529,2.406729
-32.084230,-9.904692,-2.317540,6.869047,10.546731,-17.733761,-3.244831,23.647150,-13.283818,57.808652,-2.612222,-22.162951,-8.869718,-4.854017,5.074556,-2.470130,-1.816663,12.800000,4.719295
-30.261158,-9.848692,-3.342947,5.389792,14.140810,-20.260105,-4.036316,12.051453,-13.438056,58.218891,-3.390066,-26.482048,-10.538933,-1.459388,2.521477,-1.176471,5.839322,17.380392,8.774914
-38.525750,-10.106294,-2.266270,9.500969,19.346029,-22.982559,-2.534524,14.298466,-14.598901,57.333639,-2.677043,-26.818601,-13.346838,-0.156268,2.352438,0.751659,4.677089,14.039216,11.846830
-31.743923,-14.171939,-1.907378,8.867002,17.672923,-20.294713,-3.275273,15.546807,-15.443153,56.577935,-2.309728,-22.976287,-16.154742,1.472633,2.888701,-0.360723,0.987457,12.266667,12.468116
-21.607645,-18.663188,-5.393759,5.985336,15.875883,-19.983246,-2.148928,12.541543,-17.984024,54.807431,-1.704738,-25.304112,-10.176623,-1.511513,3.524056,-1.679103,2.684688,13.992157,16.868894
-44.894347,-6.152651,-0.668345,7.637491,15.689982,-22.059693,-4.005875,10.627420,-14.590784,58.391623,1.514672,-26.762509,-1.015351,0.013138,6.852384,1.460288,-4.159579,9.474510,12.709728
-23.552255,-6.555856,1.040665,10.788113,14.636545,-15.703456,2.376745,9.748959,-10.832242,61.176928,-0.019409,-26.622278,-0.187213,-0.781765,2.708003,-2.189975,-2.757519,-10.964706,-2.166629
-8.457221,-21.351217,-3.223316,9.116747,20.461433,-12.831037,-3.660868,12.717235,-15.248325,58.542763,-1.186175,-29.791485,-3.564462,-1.342107,1.367346,3.512016,-0.765118,-10.494118,6.307027
-16.964889,-19.155993,-2.881514,7.272480,18.664393,-15.161273,-10.002899,10.470222,-15.126558,58.002976,-0.646006,-23.340887,-9.102632,-1.166186,3.180148,4.599680,-3.956649,6.258824,9.137331
-16.770428,-22.874434,-3.898375,5.639536,16.309651,-13.304005,-4.056611,12.976150,-15.272679,58.499580,-0.105837,-31.979080,-9.154391,-5.179797,4.037003,-0.064088,0.802976,13.364706,11.087480
-20.489494,-18.976791,-0.984512,8.175402,16.557519,-17.110826,-3.447776,8.833509,-16.319875,58.866636,1.881987,-33.942306,-8.753262,-5.257984,4.083635,4.476081,-1.355459,9.678431,14.211170
-26.031632,-9.635889,3.296559,13.669780,13.583108,-20.087068,-3.366598,-0.348730,-14.063127,60.701915,2.486976,-25.640665,-15.908888,-4.267613,5.459266,4.583200,-1.115633,7.811765,8.999268
-41.199588,-9.378286,4.552682,13.919524,17.548989,-20.156283,-5.893263,-2.059419,-12.317800,62.990616,3.869810,-28.024582,-17.836896,0.762432,8.058976,7.327077,1.596246,5.349020,11.035706
-32.789151,-14.821546,3.945983,13.708202,15.937850,-21.955871,-4.898833,10.313024,-13.024048,62.342870,3.653742,-31.782757,-20.334249,1.863569,4.077806,7.598993,-3.753719,5.741176,14.280201
-38.525750,-10.979904,2.809491,12.497902,11.538201,-19.810208,-3.478218,12.097688,-13.705943,62.645151,4.301946,-29.847578,-17.487526,2.573770,6.933989,3.858091,-4.141131,1.835294,16.989700
-38.987594,-10.912703,3.501640,11.902358,10.484764,-19.833280,-3.062181,4.099062,-14.184894,64.847486,6.549050,-25.163882,-11.108278,3.837797,9.644450,4.303044,-6.594736,-3.874510,14.711650
-32.740536,-15.437552,1.741360,9.539391,7.386419,-26.766308,-6.400626,14.927260,-17.220951,63.832685,4.215518,-31.221836,-9.723735,3.635813,8.904173,3.083543,-8.365759,15.200000,15.540032
-34.393454,-10.979904,-0.283818,8.886213,10.546731,-23.882353,-7.526970,12.791211,-16.133165,61.889448,2.119661,-31.109651,-8.442710,7.668971,9.440436,4.261845,-5.838361,6.149020,14.987778
-30.042390,-11.954314,0.391241,13.266346,9.121492,-17.895262,-4.746624,12.264134,-13.559823,61.759899,2.508583,-34.727596,-11.483528,7.981720,9.737713,3.577935,-4.989746,-6.415686,15.315679
-23.868254,-4.203830,-0.676890,10.980224,3.606439,-17.433829,-2.696880,12.467567,-13.714061,58.326848,-0.516365,-35.372656,-12.492821,2.150256,8.076463,-2.898604,-4.454749,6.635294,16.213092
-20.975647,-8.941482,-2.539712,7.503014,2.986770,-18.645090,-3.052033,8.102998,-13.024048,57.117723,-2.396155,-25.191928,-9.646098,-0.488563,6.945647,-3.582513,-2.443900,12.407843,15.988739
-39.984207,-7.407065,-0.429084,8.482780,3.854307,-18.252873,-6.035325,15.001236,-10.393881,60.593957,0.391119,-27.323430,-8.261555,2.645441,7.936568,-2.338293,-1.318563,8.501961,14.470039
-34.855299,-4.999039,0.357061,9.078325,6.766751,-17.791440,-9.475242,14.021057,-8.624201,62.126955,2.270909,-38.149218,-2.956298,4.124483,7.382818,-2.016938,-2.517693,-1.960784,17.334859
-22.458412,-14.619944,0.809949,8.905425,4.226108,-21.967407,-6.989166,8.704051,-10.507530,64.372473,1.903593,-36.298177,-1.856428,4.632700,5.669108,-2.857404,-3.255619,5.537255,16.178576
-29.920851,-14.698344,0.374151,9.097536,2.676936,-19.452598,1.727321,3.627466,-12.642512,65.603189,4.150698,-33.689891,4.496941,1.107759,6.939818,-5.560082,-6.170428,19.356863,3.079789
-27.879011,-16.859968,-2.420081,7.579858,-0.111574,-19.648707,-4.188525,4.589151,-15.280797,64.134966,5.555138,-33.241154,0.602106,1.479149,10.891844,-4.843214,-1.964248,18.917647,12.761501
-25.180865,-15.807156,-2.223545,8.329091,0.570062,-21.955871,-5.081483,7.770108,-16.571527,61.716716,4.906935,-25.696757,-16.413535,2.717113,12.931975,-4.291142,1.337972,16.925490,16.109545
-31.598077,-11.259907,-2.377356,9.116747,6.085115,-20.017853,-3.427481,9.369833,-12.277211,60.226902,3.480888,-21.910536,-15.261906,3.766125,9.976699,-8.106203,1.780728,12.360784,10.207324
-29.580545,-8.459876,-0.813611,9.232013,0.446128,-20.121675,-7.871977,2.573312,-8.193957,61.543984,1.298604,-16.918334,-5.246616,9.265293,4.649042,-10.388647,6.927764,2.509804,9.292653
-32.716228,-9.367086,-1.599756,8.809369,-3.395819,-19.060380,-7.009461,-0.903548,-6.870756,61.500801,1.363424,-18.180407,-1.558816,4.893324,5.744884,-10.726482,5.839322,15.105882,8.257176
-30.479927,-10.856703,-3.368582,5.063203,-0.173541,-16.349462,-4.249409,1.759579,-7.747478,62.666743,2.335729,-17.787762,-5.466590,2.560739,7.913252,-11.105516,2.869169,14.227451,8.274434
-19.663035,-12.368719,-1.522850,4.333181,0.508095,-16.972396,-5.629435,-1.523095,-6.992523,65.560006,3.437675,-18.601099,-4.431418,5.590494,8.262989,-10.059052,5.027604,0.156863,5.012680
-17.135042,-12.223117,-2.155184,4.121859,1.809400,-19.187274,-6.877546,-3.085832,-3.534340,66.812314,2.703044,-25.444343,1.352605,6.821942,7.511055,-10.207370,1.411765,6.729412,0.698192
-26.104555,-8.874281,-0.411994,7.061158,5.031678,-19.798672,-5.649729,-6.146578,-2.681971,68.798734,4.042664,-32.848508,6.735500,7.721096,6.695003,-7.801328,-3.458549,9.145098,-1.390021
-35.754681,-5.155840,-0.651255,7.426169,4.473976,-18.010620,-11.697490,3.424033,-3.436927,65.344091,5.123003,-29.062287,5.143923,5.023636,6.269490,-9.020829,1.448661,5.819608,3.407691
-22.774411,-9.176684,-2.804608,4.256336,4.597910,-19.844816,-11.738079,7.104326,-6.976287,61.263294,4.712474,-17.030518,-3.033936,0.619089,7.289555,-9.770657,2.131243,6.854902,4.443168
-16.235660,-4.898238,-0.745251,5.677958,1.499565,-26.039551,-14.904021,-0.700114,-7.901717,63.314488,5.425498,-15.964767,-5.479530,0.847135,8.449516,-9.853056,-2.130282,11.309804,8.498787
-22.409796,-5.301442,-1.514305,7.599069,3.730373,-22.474983,-10.043488,5.069993,-6.627222,62.990616,5.231037,-21.742260,-4.017350,0.795010,7.126345,-8.600595,-2.425452,7.984314,4.736553
-21.607645,-14.731945,1.074846,12.939757,7.944121,-17.191577,-0.028153,-6.516457,-6.229450,64.502022,5.965667,-25.865034,-3.680919,1.629007,4.753964,-5.972076,-2.351659,-1.333333,6.772992
-28.462394,-9.288685,5.159380,15.744579,4.783810,-21.875120,-1.925689,-11.195422,-5.076722,66.790723,6.549050,-24.911467,1.197330,6.079164,6.217029,-7.924926,-5.063539,-5.537255,8.878462
-35.049760,-14.675944,0.596323,9.865980,5.713313,-21.344472,-3.295567,10.202060,-6.408042,62.256504,4.431586,-25.163882,2.801846,2.202380,8.828397,-7.422293,-1.539940,9.396078,-1.217441
-32.740536,-7.765469,0.433967,9.712291,5.713313,-30.284733,-9.799954,7.770108,-4.849424,62.558785,6.721904,-23.789624,0.058640,3.720516,11.270726,-4.596017,0.286427,5.286275,0.370291
-46.304189,0.791424,1.399557,13.496880,10.422797,-38.613596,-10.916152,6.734447,-3.834699,65.538415,11.000046,-27.042969,-8.947356,5.766415,14.750607,3.462577,-2.480797,-4.062745,9.016526
-27.003937,-13.443931,-2.847333,9.212802,10.484764,-22.844129,-11.342336,5.504601,-5.523201,63.271305,7.067613,-25.135836,-14.873716,2.515129,9.766857,-0.500801,-0.783566,6.541176,10.069261
-8.287068,-11.080705,-2.496986,7.118791,6.456916,-11.723598,-6.735485,0.224582,-5.515084,60.529183,4.042664,-20.087541,-12.932769,-0.775250,4.491661,-7.175097,-2.646830,3.670588,3.010758
-10.985214,-6.455055,-2.180819,6.792203,7.448386,-0.014740,-0.302129,3.682948,-6.318746,57.268864,2.681437,-22.387320,-15.637156,-8.281224,3.395819,-7.447013,-5.155779,0.721569,3.321401
-4.859693,-4.584634,2.681315,12.248157,6.023148,2.223209,-0.089036,-0.302495,-4.354238,59.212100,4.474800,-26.201587,-12.441062,-8.737316,3.209293,-10.001373,-14.029343,-3.121569,-1.217441
-17.669810,-5.581445,5.560998,16.224857,8.873625,-0.303136,2.376745,5.948455,-3.331395,60.615549,6.224949,-29.595163,-12.324605,-6.684901,4.847227,-6.664225,-23.493248,-4.188235,-0.699702
-16.065507,-7.373465,2.621500,11.441291,13.459174,3.492149,1.656291,5.948455,-4.191882,58.477989,4.107485,-26.846647,-13.152743,-5.824842,4.631556,-2.873884,-23.179629,-7.482353,1.284962
-11.398444,-4.573434,3.638361,10.730480,12.157870,-0.107027,1.260548,6.475532,-2.617029,58.953002,4.539620,-27.239292,-13.333898,-7.186603,2.078477,-3.640192,-22.220325,-2.870588,-4.513710
-10.523369,-5.368643,3.458915,10.307836,10.298863,-1.260609,-3.965286,0.335546,-1.707836,58.953002,5.425498,-25.865034,-10.176623,-5.251469,5.173648,-4.983291,-16.759670,-7.639216,-0.320027
-20.586725,2.684245,4.766308,11.383658,11.228367,-2.898695,-2.250401,1.926024,-2.974212,58.456397,6.311376,-26.846647,-11.535286,-5.342687,6.700832,-2.799725,-18.438453,-12.737255,3.079789
-27.417166,2.505043,3.612726,11.998413,12.405737,-3.567773,7.572137,17.830808,-5.612497,58.218891,6.203342,-36.578637,-12.505760,-8.255161,4.392569,-4.777295,-26.389609,1.066667,-0.578897
-21.218723,-0.384588,2.664225,14.150057,16.805386,-2.956374,6.060197,9.628748,-5.336492,58.996185,6.700298,-33.325292,-8.468589,-3.902739,7.505226,-3.137560,-29.728725,-9.803922,-4.151293
-21.315953,1.261830,3.082933,13.131868,14.884413,-1.802792,2.204242,8.676310,-6.205097,56.685893,4.518013,-34.447135,-10.111925,-3.967895,4.386740,-4.274662,-28.215976,1.568627,0.076905
-11.835981,0.791424,1.305562,9.404913,8.377890,-3.233234,3.239261,9.527031,-5.961563,55.325628,4.409979,-39.495430,-4.496117,-4.880079,4.853056,-9.078508,-23.198077,6.384314,-1.338247
-15.044587,-0.742992,3.535821,8.213825,8.315923,0.181369,1.595407,5.051499,-2.479026,58.024567,8.580087,-35.344610,-1.054170,-2.117464,10.507134,-5.452964,-25.042893,-17.019608,0.439322
-20.562417,-1.963806,1.843900,6.331136,9.369360,-3.060197,-1.164645,6.355322,-2.795621,57.031357,7.888670,-35.793347,1.067933,-2.365057,7.849134,-3.145800,-21.334813,-8.674510,3.235111
-16.989197,-0.955795,-2.009918,7.599069,9.989029,-9.439506,-5.974441,7.446464,-4.354238,57.096132,5.987274,-28.445274,-8.054520,-4.717189,5.908095,-0.212406,-17.534493,3.121569,1.733669
-28.049165,-2.703014,2.185702,12.651591,9.183459,-0.349279,-1.398032,2.138705,-3.818463,59.838254,7.391714,-27.155154,-17.047578,-2.052308,6.706661,-1.596704,-16.796567,4.737255,-3.719844
-24.184253,-3.610224,1.860990,11.921569,8.377890,1.288808,5.451362,5.439872,-6.521691,57.484779,6.419409,-26.846647,-20.191913,-5.837873,6.625055,-5.370565,-11.631083,5.788235,-6.394827
-14.315358,-4.103029,0.075074,7.771969,8.191989,-0.879927,5.664454,11.080522,-9.476570,57.052949,5.533532,-23.453071,-16.452354,-8.235615,4.864714,-5.584802,-15.929503,-2.478431,0.818997
-20.489494,-1.930205,2.971847,9.193591,7.820188,-1.468254,0.611124,9.240375,-9.330449,58.456397,5.684779,-29.791485,-8.041581,-4.404440,5.616648,-5.650721,-20.559991,-0.094118,2.285924
-22.823026,-6.365454,0.502327,9.808347,13.830976,-0.487709,-3.813077,12.948409,-8.185840,57.743877,4.258732,-28.978149,-13.463294,-6.678386,3.943740,-1.810941,-19.194827,3.027451,5.892836
-22.871641,1.250629,0.758679,10.442313,12.095903,0.400549,6.486381,8.824262,-4.825071,58.024567,3.480888,-28.333089,-10.189563,-3.485740,2.812924,-4.810254,-22.681529,-5.003922,-2.304692
-17.742733,1.956237,-0.300908,7.618280,8.377890,2.303960,8.536126,9.702724,-5.604379,55.304036,1.730739,-27.155154,-13.618570,-4.208972,3.943740,-7.891966,-20.928954,-6.023529,4.132525
-22.215335,-10.979904,-0.164187,10.807324,10.484764,4.830304,9.774090,5.430625,-5.076722,57.117723,5.900847,-26.706416,-3.473884,-4.052598,6.560937,-6.425269,-19.969650,-12.533333,0.749966
-20.781186,-2.199008,0.715953,10.077302,8.811658,-0.337743,8.150530,2.462348,-6.740871,58.607538,7.240467,-35.793347,11.704326,-2.404150,11.165805,-5.172808,-26.703227,-13.741176,-4.910643
-14.436896,-2.792615,-4.231632,4.179492,13.769009,1.773312,1.280842,5.190204,-8.421256,56.923400,3.308034,-41.851301,-5.647745,-4.938720,6.560937,0.751659,-19.637583,-6.054902,14.452781
-18.277501,-12.458320,-4.171817,7.503014,14.140810,-1.825864,1.950561,7.992035,-6.805814,58.931411,3.675349,-36.438407,-20.735378,-1.746075,5.278569,0.183108,-13.734173,7.168627,9.482490
-21.656260,-15.034348,-4.966506,7.022736,14.822446,-6.520943,2.721752,17.673610,-10.288350,57.441596,3.437675,-27.688029,-20.153094,-5.029938,6.805753,-1.258869,-14.029343,10.023529,6.807507
-27.684550,-9.591089,-5.359579,7.234058,17.672923,-4.640604,4.294575,14.705333,-11.221897,56.664302,5.274250,-27.239292,-11.832898,-8.652613,7.487739,-1.036393,-13.826413,3.231373,4.598489
-27.514397,-6.399054,-2.804608,8.559625,17.487022,-5.921080,0.002289,10.137331,-10.337057,57.052949,6.505837,-28.837919,-11.302373,-5.538155,9.055726,0.026551,-19.637583,4.627451,4.995422
-17.280888,-10.834302,-2.958419,9.078325,20.461433,-0.418494,-7.019608,4.635386,-9.208682,57.096132,4.777295,-32.287587,-10.616571,-4.541268,7.487739,0.891737,-17.073289,0.000000,7.963790
-23.406409,-4.091829,-1.591211,10.596002,21.205035,-1.825864,-3.376745,6.142641,-7.073701,58.953002,5.619959,-35.989670,-11.392950,-1.465904,7.277897,2.259556,-17.220874,-4.188235,-0.268254
-40.616205,-4.103029,-1.676661,10.596002,21.328969,-3.210163,4.487373,14.030304,-8.218311,59.190509,6.721904,-31.530343,-17.733379,-2.808118,8.956634,3.001144,-19.969650,4.862745,-3.184848
-20.951339,-9.837491,-1.719387,9.789136,17.610956,-0.937606,2.660868,8.546853,-11.327428,58.931411,6.419409,-26.285725,-18.380362,-6.880369,7.347845,-2.107576,-17.755871,5.474510,-0.492607
-7.387686,-8.605478,-1.463035,9.904402,13.397208,-5.309682,-0.251392,8.029023,-10.807889,58.974594,5.533532,-29.482979,-14.796078,-4.241550,5.960555,-2.338293,-19.157931,0.392157,1.785443
-24.670405,-10.655100,-2.257725,11.114702,17.239155,-7.363058,-2.057603,10.747631,-10.004227,61.176928,4.798901,-33.465522,-10.823606,-3.388006,6.339437,-0.261845,-15.136233,3.403922,5.392355
-34.879606,-8.605478,1.980621,13.919524,19.593896,-5.967224,-2.443198,10.202060,-5.937209,64.933852,7.046006,-31.025513,-8.701503,3.362158,7.161318,1.476768,-18.161730,-17.443137,3.614786
-25.448249,-8.000671,0.989395,14.130846,15.442115,-5.528862,-2.443198,10.895583,-4.597772,63.832685,7.002792,-33.128969,-9.516701,3.055924,11.527199,1.509728,-20.578439,-19.419608,0.353033
-13.270130,-5.021439,-1.907378,9.616236,10.918532,-4.952071,0.266117,7.474205,-5.084840,60.637140,4.474800,-34.895872,-5.013703,-4.665064,7.149660,-2.486610,-20.375509,-7.952941,5.185260
-17.475349,-2.624613,-0.933242,7.541436,6.085115,-4.432959,-0.829786,4.635386,-2.065019,62.278096,5.274250,-32.343679,-3.577401,-1.615763,7.120516,-5.494163,-23.437903,-4.690196,6.669444
-20.197803,-8.538277,-2.949874,9.097536,9.803128,-6.059510,-6.542687,8.056764,-7.658183,62.753109,5.058183,-33.353338,-12.557519,-2.495369,8.321279,-3.978027,-16.925704,11.262745,7.031861
-17.864271,-14.239139,-3.881285,9.597024,14.884413,-5.655756,-1.042878,12.467567,-10.889067,61.479210,4.258732,-34.334951,-10.590692,-1.374685,5.243595,-0.830396,-17.073289,4.596078,5.409613
-28.243626,-3.968627,-1.087053,10.711269,11.662135,-6.659373,-3.762341,7.982788,-9.216800,62.083772,5.295857,-33.016785,-12.065812,-1.159670,8.058976,-0.715038,-16.796567,2.650980,8.360723
-40.057130,4.061860,0.997940,12.555535,10.484764,-3.071733,-5.477226,11.172992,-6.927581,62.580377,6.527443,-32.988739,-12.415183,-4.801892,9.084871,-1.481346,-18.881209,1.945098,6.807507
-28.122087,-5.906249,1.818265,9.769924,8.130022,-2.598764,5.360037,5.486107,-2.617029,64.804303,7.715816,-32.876555,-9.244968,-2.234745,10.058305,-4.530098,-22.460151,-2.023529,-0.406317
-21.267338,2.785046,0.288701,6.484825,3.978241,-6.105653,5.157092,2.490089,-2.698207,64.199741,4.496407,-35.456794,-1.610575,-1.915480,6.933989,-6.870222,-16.169329,2.400000,-6.981598
-18.423346,-0.048585,-1.616846,7.733547,7.324453,-3.256306,2.731899,3.294575,-3.217746,61.867857,1.925200,-37.896803,0.304494,-0.723125,6.024674,-4.645457,-15.302266,-0.972549,-4.996933
-7.095995,-10.543099,0.587778,9.520180,6.518883,0.146761,4.588846,-8.310369,-1.659129,61.587167,2.508583,-31.081605,-7.912184,1.133822,4.753964,-6.252232,-15.320714,-3.984314,0.922545
-23.090410,-5.447044,-1.915923,7.618280,4.783810,-1.387503,3.005875,14.529641,-3.834699,59.190509,1.471458,-22.611688,-6.941711,-2.488853,5.366003,-5.864958,-12.461250,-9.835294,0.007874
-29.313161,-3.587823,-0.232547,9.789136,6.147082,-6.867018,6.790799,4.857313,-3.347631,60.442817,4.064271,-28.276997,-2.399893,-3.752880,9.189792,-7.397574,-16.206226,-3.184314,3.424949
-11.568597,-1.907805,-0.232547,10.749691,4.288075,-3.729274,8.586862,-7.635340,-2.405966,61.500801,3.610529,-28.276997,0.382132,-2.788571,5.086213,-9.778897,-16.796567,-7.968627,-0.975830
-13.561822,1.687434,-4.633249,5.063203,5.713313,-2.275761,0.935836,18.552071,-3.729168,58.175708,-1.121355,-27.912398,-8.520348,-4.300191,1.711254,-5.988556,-15.689677,-6.541176,2.596567
-19.031037,0.881025,-0.899062,6.869047,7.448386,-2.921767,3.350881,13.558709,-2.633265,60.378042,1.168963,-38.906462,-9.012055,-4.671580,2.579767,-4.950332,-19.656031,2.227451,4.322362
-14.631357,-11.103105,-3.283131,7.714336,8.873625,-2.529549,3.016022,9.175647,-6.180743,59.449607,3.610529,-31.305974,-11.004761,-2.990555,9.131502,-3.112840,-13.033143,-2.039216,0.353033
-15.700893,-9.131884,-5.547570,3.276570,4.288075,-2.010437,-0.677577,6.984115,-7.106172,56.664302,2.443763,-28.192859,-10.577752,-1.993668,9.726055,-5.494163,-11.797116,9.662745,5.323323
-20.586725,-9.187884,-5.333944,3.218936,4.659876,-0.879927,-1.347295,6.531014,-2.933623,59.212100,3.178393,-26.874693,-6.437064,0.045716,7.295384,-6.293431,-12.202976,4.972549,3.097047
-21.267338,-6.309453,-5.607385,4.352392,5.837247,-1.468254,-5.040894,5.929961,-1.959487,61.090562,3.934630,-29.735393,-6.954650,1.733257,8.770108,-3.978027,-9.675578,1.474510,-1.010346
-31.209155,7.220294,-1.326314,7.099580,3.482506,-2.437263,0.560388,0.067384,-3.039155,61.867857,4.971756,-30.885283,-11.185916,-1.491966,7.038911,-4.035706,-11.741772,10.478431,-5.273060
-18.301808,-1.683803,-2.035554,7.579858,3.792340,-1.145251,3.624857,2.887709,-5.011780,59.168917,3.804990,-23.340887,-16.180621,-5.401328,7.761700,-5.906157,-13.568139,6.949020,-2.839689
-3.352621,-3.946227,-1.531395,5.101625,2.676936,0.435157,5.420920,-0.154543,-5.563790,60.183719,4.647654,-37.616342,-12.803372,-5.264500,7.505226,-4.233463,-24.249622,6.023529,6.876539
-12.103365,-3.419821,2.527504,7.522225,5.031678,-3.798489,0.093614,-2.706706,-3.688579,63.508812,6.160128,-40.084398,-8.455650,-1.263920,8.630213,-4.422980,-22.755322,5.301961,4.011719
-13.197208,-8.437476,0.143435,8.847791,5.217578,-0.626139,-2.930266,0.548226,-3.818463,62.148547,3.696956,-31.362066,2.801846,0.710307,7.347845,-6.993820,-17.128634,-5.113725,-1.735180
-21.631952,-8.504677,-2.864424,4.294759,3.358572,-2.806409,1.504082,3.904875,-1.301946,61.479210,3.286427,-25.836988,7.783612,2.247990,5.377661,-2.321813,-19.840513,-11.733333,3.770108
-22.871641,-7.429465,-4.940871,2.700237,1.809400,-1.341360,5.319448,3.257588,0.207965,60.378042,2.422156,-28.417227,12.377188,0.840620,6.222858,-5.139849,-16.796567,-8.831373,0.370291
-27.781781,1.284230,-1.787747,5.639536,4.164141,2.961501,6.273289,-4.685557,0.021256,59.557565,3.524102,-30.604822,-2.192859,-4.606424,6.106279,-5.757839,-14.453651,2.086275,0.387549
-19.079652,4.599466,-0.070192,4.006592,1.189731,-0.233921,3.269703,2.249668,1.352575,59.557565,1.687526,-22.695827,-16.038285,-6.091981,4.206043,-6.944381,-15.966400,5.066667,0.076905
-11.033829,1.452232,-4.436713,0.740703,0.755962,2.038636,8.414359,6.604990,-1.139590,59.212100,0.283085,-23.312840,-14.964294,-4.423987,2.888701,-4.760815,-15.781918,0.643137,-3.029526
-17.183658,-1.291798,-0.053101,7.061158,8.625757,4.092012,5.400626,-2.752941,0.954803,62.537194,4.021057,-27.267338,-16.271199,0.788495,5.465095,-2.124056,-13.752621,-15.607843,-2.529046
-13.634745,-0.350988,0.690318,7.214847,7.944121,5.776242,7.003891,7.095079,-0.563226,61.954223,3.329641,-27.603891,-13.100984,-3.381491,4.590753,-7.504692,-13.346761,-13.207843,-12.814786
-19.808881,-5.939849,-1.642481,3.449470,2.614969,1.692561,9.185550,10.766125,-4.687068,57.765469,2.919112,-24.659052,-10.953002,-6.222293,7.726726,-7.949645,-15.339162,11.905882,-10.726574
-23.503639,-0.440589,-0.189822,7.464591,2.305135,0.769696,7.957733,10.081849,-4.232471,56.469978,1.817166,-29.511025,-5.285435,-3.746365,5.435950,-9.548180,-17.755871,4.956863,-2.943236
-19.128267,10.927535,-1.069963,7.406958,8.501823,-2.529549,9.479820,11.700069,-6.286275,53.058518,0.218265,-34.923919,-5.984176,-7.290852,2.265003,-4.876173,-17.811215,0.298039,-3.806134
-17.499657,-0.261387,-0.112917,7.944869,10.236896,-6.670909,6.882124,9.970886,-3.842817,53.641489,1.730739,-36.326223,-2.852781,-2.189136,6.724147,-2.667887,-17.147082,-1.913725,-5.566445
-11.690135,-10.610300,-2.001373,7.579858,9.307393,-4.236851,6.537118,9.314351,-2.941741,53.857404,1.060929,-27.968490,-1.623514,-4.534752,5.097871,-2.750286,-20.246372,-1.160784,-2.839689
-10.523369,-2.512612,-0.830701,8.598047,8.997559,-0.649210,8.688334,-0.755596,-4.045762,53.771038,1.255390,-25.416297,-2.283436,-8.548363,4.147753,-4.398260,-21.777569,-1.254902,-2.321950
-24.038407,4.599466,4.202335,11.249180,9.679194,-3.348592,4.325017,2.379126,-1.862074,59.384833,4.301946,-33.605753,0.382132,-2.638712,6.292805,-4.966812,-20.799817,-14.996078,-0.440833
-18.933806,-4.808637,0.621958,11.057069,9.989029,-8.159030,-5.385901,15.389609,-5.377081,57.808652,2.573404,-31.782757,1.223209,-3.042679,5.849805,-0.855116,-20.412406,-8.580392,2.907210
-33.494072,-5.480644,-1.915923,11.191547,12.157870,-4.871321,3.655299,15.556054,-7.073701,56.016556,3.459281,-34.110582,-6.268849,1.967819,7.656779,0.059510,-19.047242,-4.423529,5.098970
-29.920851,-8.370275,-3.086595,6.600092,12.653605,-1.929686,8.891279,12.430579,-5.409552,54.872206,2.595010,-30.520684,-13.657389,2.880003,8.904173,-1.192950,-19.508446,-2.776471,6.686702
-1.967086,-10.890303,-6.649882,1.067292,6.209049,-0.153170,5.725338,4.774090,-6.188861,50.920958,-1.899199,-20.564324,-14.873716,-5.166766,7.155489,-4.291142,-13.605035,9.945098,0.560128
-6.099382,-6.791058,-3.428397,0.836759,4.288075,-0.095491,5.735485,6.614237,-5.084840,52.518730,-1.056535,-22.751919,-7.718090,-1.244373,8.589410,-4.999771,-14.638132,-5.788235,1.215930
-9.818448,-4.035828,-3.231861,3.026825,5.651347,2.961501,7.247425,8.796521,-4.183764,52.065309,-3.649348,-28.108721,2.672450,-1.622278,4.660700,-8.040284,-16.538293,-7.011765,-0.716960
-19.492882,2.124239,-2.710613,6.004547,7.696254,4.391943,10.941024,-1.319661,-3.842817,52.756237,-2.612222,-27.099062,-5.647745,-4.801892,3.349187,-6.095674,-16.280018,14.384314,-11.606729
-19.322728,0.119417,-0.941787,7.406958,7.820188,1.877134,8.749218,8.713298,-5.247196,54.677882,-0.473152,-26.117449,-11.457649,-2.749477,6.047990,-6.449989,-18.659831,10.290196,-14.195422
-10.571984,-1.683803,-2.189364,6.062181,5.899214,1.911742,10.524987,11.385672,-8.997620,53.015335,-0.905287,-21.826398,-15.067811,-10.431373,4.328450,-9.564660,-13.752621,5.254902,-3.288396
-11.276905,4.610666,-0.617075,3.795270,2.800870,1.900206,8.647745,6.346075,-7.633829,53.123293,-1.899199,-23.088472,-9.335546,-11.389166,2.818753,-10.487526,-16.833463,5.003922,3.649302
-26.858091,10.781933,-0.924697,6.350347,9.307393,-9.093431,4.598993,4.829572,-4.200000,55.584726,-0.602792,-31.838849,-7.368719,-5.316625,5.068727,-4.422980,-16.796567,6.839216,4.201556
-23.868254,-6.443854,-0.625620,10.961013,16.991287,-10.604623,3.665446,10.257542,-5.831678,54.936980,2.508583,-36.943236,-15.016052,-4.958267,6.899016,3.701534,-17.368460,5.552941,6.289769
-6.585534,-7.955871,-2.984054,9.174380,12.901472,6.618357,6.892271,11.718563,-7.146761,49.927749,-0.710826,-31.277928,-15.248966,-7.623148,2.999451,-3.846189,-18.180179,-0.125490,1.578347
-6.026459,0.791424,-6.308080,5.601114,5.217578,19.884550,11.032349,1.889036,-6.416159,45.803769,-4.470405,-18.545006,-15.223087,-13.044129,1.099214,-8.806592,-12.313664,-1.082353,1.077867
-8.043992,0.813825,-3.941100,3.795270,0.446128,18.846326,2.904402,5.550835,-4.987427,47.639048,-3.757382,-17.395117,-11.794079,-11.095964,2.643885,-9.210346,-16.113985,5.254902,-1.441794
-7.922454,15.665187,-1.163958,8.040925,4.907744,10.286748,-0.789197,4.792584,-3.688579,52.043717,-0.710826,-26.762509,-11.405890,-5.551186,2.276661,-8.839551,-24.637034,-2.980392,-3.460975
3.307668,0.993027,-2.086824,7.637491,5.403479,14.589609,6.516823,3.331563,-3.022919,51.093690,-1.791165,-27.688029,-8.973236,-4.873564,1.070069,-9.029068,-22.902907,-13.223529,-0.250996
0.828290,-6.645457,0.365606,7.272480,5.341512,19.965301,13.092241,2.536324,-1.034058,52.130083,-1.445457,-18.853513,-7.252262,-6.150622,-1.267338,-13.808194,-23.696178,-12.815686,-8.448524
-3.522774,-1.583001,-1.813382,7.503014,3.110704,21.234241,13.761959,5.088487,-2.056901,48.912947,-3.065965,-20.620417,-7.265202,-9.395392,-1.517983,-14.071870,-24.858412,-3.796078,-5.946120
-3.304005,-2.904616,-3.086595,6.177447,3.606439,19.192401,10.839551,7.723873,-2.698207,48.308385,-0.646006,-19.190066,-9.024994,-7.903319,2.608911,-10.668803,-23.530144,-11.592157,-3.788876
-14.874434,6.156283,-1.018692,7.810391,11.290333,16.885237,9.926299,7.289265,-2.933623,51.460746,1.925200,-18.180407,-11.172976,-7.043259,1.909438,-6.219272,-26.223575,-20.423529,-6.429343
-10.304601,3.714656,-5.410849,4.045014,7.820188,17.969604,8.028763,3.904875,-3.656107,47.315175,-2.806683,-19.358343,-9.775494,-9.408423,3.063569,-6.491188,-21.353262,1.396078,-8.552071
-2.501854,3.020249,-2.821698,6.004547,4.721843,13.309133,2.498512,0.169100,-3.087861,49.711833,-0.840467,-23.789624,-1.662333,-2.821149,5.913924,-6.754864,-26.408057,-4.345098,-10.139803
4.450126,1.541833,-4.795605,2.392859,3.730373,17.012131,4.933852,-1.153216,-2.803738,50.337987,-2.417762,-25.444343,-0.031937,-4.717189,4.724819,-8.345159,-24.950652,-7.968627,-6.377569
5.592584,4.453864,-5.222858,-2.602029,-3.085985,20.703593,9.875563,1.195514,-2.284199,49.625467,-6.069306,-10.551873,-6.100633,-10.151202,1.454780,-15.077134,-23.474800,2.133333,-10.312383
4.450126,1.553033,-4.411078,-0.776974,-1.722713,14.578073,5.461509,-7.302449,-4.484123,50.122072,-5.118608,-15.740398,1.896071,-4.143816,1.606332,-10.157931,-26.463401,4.878431,-4.082261
10.599954,-3.330220,-6.273899,-0.123796,5.403479,13.505241,2.721752,-18.528267,-3.290806,47.703822,-4.124697,-18.573053,2.090166,-3.576959,2.935332,-5.889677,-17.220874,6.180392,-10.122545
-1.237858,-1.594202,-3.770199,1.163348,6.271015,11.175006,3.503090,-2.817670,-3.696696,48.718624,-2.914717,-15.039246,-4.586694,-0.071565,4.625727,-5.766079,-18.567590,1.113725,-16.404440
-5.151385,6.044282,-4.513619,0.606226,6.209049,10.136782,0.966278,6.826917,-5.847913,48.804990,-2.439368,-21.517891,-7.523995,-3.101320,6.426871,-6.894942,-21.334813,-2.227451,-5.393866
-4.519387,13.089158,-3.266041,2.354437,7.944121,10.482856,-2.686732,4.737102,-5.661204,48.351568,0.088624,-22.471458,-12.622217,-10.392279,4.765621,-7.158618,-24.304967,2.666667,-1.320989
-5.904921,-1.851804,-4.368353,4.851881,10.794598,13.424491,4.426490,-0.746349,-7.974777,49.582284,2.767864,-26.397910,-11.392950,-6.228809,8.630213,-1.819181,-25.116686,-6.980392,4.443168
-8.165530,-0.406989,-6.701152,4.045014,10.980499,17.692744,9.439231,4.089815,-7.479591,48.524300,-0.084230,-22.808011,-12.337545,-8.939300,5.377661,-2.214694,-22.072740,-13.741176,4.909133
-14.218128,2.482643,-4.693065,4.986358,11.166400,13.724422,5.725338,9.018448,-4.638361,48.135653,0.347906,-15.796490,-13.075105,-7.890288,4.835569,-2.412451,-26.057542,-8.094118,-3.426459
-9.745525,-4.013428,-5.385214,3.199725,10.856565,14.658824,6.811093,3.405539,-4.191882,47.962921,1.341817,-15.011200,-12.169329,-7.759976,6.875700,-0.879835,-22.607736,-12.376471,-0.837766
-1.942779,-3.755825,-7.709468,-0.411963,8.997559,16.469947,5.075914,2.906203,-4.061997,47.164034,0.412726,-16.301320,-9.154391,-9.102190,6.805753,-3.186999,-20.246372,-6.980392,-4.876127
-3.304005,-3.240620,-5.607385,3.603159,8.625757,11.809476,3.624857,1.389700,-3.956466,48.200427,0.628794,-17.002472,-2.309316,-6.333059,7.353674,-3.903868,-26.943053,-4.596078,-7.965301
-12.297826,-1.515801,-7.581292,3.622370,11.786069,10.540536,6.171817,2.000000,-4.216236,46.948119,-1.294209,-18.516960,3.008881,-8.580941,0.044175,1.542687,-25.227375,-1.552941,-4.720806
-15.846738,5.887480,-4.599069,5.716381,15.442115,11.647974,1.686732,0.733165,-1.366888,48.437934,0.499153,-21.545937,3.578225,-5.036454,0.603754,1.938201,-30.429755,-1.364706,-15.834928
-15.068894,10.356329,-1.933013,6.945892,14.326711,10.102174,8.140383,-2.373816,-2.024430,49.431144,1.168963,-19.274205,-6.877012,-8.405020,-0.119036,-0.731518,-32.293019,-1.898039,-9.328679
-9.283680,9.964324,-2.138094,4.390814,12.467704,12.743877,9.906004,-2.281346,-2.211139,48.999313,1.190570,-20.255818,0.744442,-10.776699,-2.427298,-5.329366,-27.920806,-11.294118,-6.360311
1.071366,14.993179,-0.386358,4.006592,9.493294,13.170703,2.336156,1.223255,-2.211139,50.014115,1.385031,-22.050767,0.796201,-9.955734,-1.483009,-6.474708,-32.477501,-14.619608,-8.741909
18.840238,-3.397421,-5.513390,1.624414,12.343771,16.689128,6.313878,3.303822,-4.208118,47.034485,-0.862074,-12.318776,-16.698207,-14.842435,-3.960311,-1.918059,-32.071641,-5.631373,-4.634516
8.023346,-8.067872,-2.684977,4.871092,13.830976,18.419501,-2.159075,1.463676,-4.581537,48.891356,-0.041016,-15.431891,-10.189563,-6.723995,-0.655299,-1.308309,-31.758022,-1.239216,-10.519478
-8.481529,-3.083818,-1.240864,6.638514,13.459174,18.269535,4.507668,2.517830,-6.472984,51.115282,2.119661,-22.499504,-8.999115,-4.222004,2.451530,0.075990,-27.810117,-2.431373,-15.765896
-11.471366,-0.003784,-3.941100,6.523247,12.529671,18.673289,9.408789,1.704097,-8.055955,47.962921,0.801648,-18.713283,-10.008408,-13.096254,2.451530,0.726940,-27.072190,-0.674510,-7.654658
-1.724010,10.266728,-3.513848,6.292714,10.856565,11.163470,2.031739,-0.089815,-10.052934,47.833371,-0.386725,-19.750988,-11.457649,-12.438178,1.787030,2.613870,-28.142184,-5.223529,0.042390
5.082124,-1.056596,-4.171817,7.906447,19.903731,16.216159,10.139391,3.599725,-9.695750,48.222019,0.455940,-24.126177,-16.258259,-12.379538,0.003372,7.121080,-29.156832,-17.317647,-4.358389
-16.187045,0.500221,-2.719158,10.730480,21.824704,19.573083,8.840543,5.948455,-8.461845,48.718624,0.002197,-23.565255,-6.346487,-10.209842,-0.661128,6.972763,-32.994049,-17.082353,-4.738064
-17.475349,2.572244,-0.822156,9.328069,19.222095,16.977523,10.555428,14.612863,-6.976287,51.244831,0.131838,-23.705486,-5.259556,-7.284337,-1.179904,2.358434,-34.156283,-21.898039,-8.103365
-18.326116,6.716289,0.459602,8.809369,17.053254,11.624903,10.788815,17.960266,-7.349706,53.403983,2.530190,-40.420951,-10.745968,-9.858000,6.572595,1.748684,-37.882811,-4.345098,-8.603845
-16.746120,6.346685,1.920806,10.365469,17.610956,8.187228,6.476234,1.944518,-8.867735,54.418784,4.647654,-27.547799,-16.426474,-10.346670,5.395148,3.017624,-36.204028,1.286275,-5.393866
-19.663035,-2.635813,1.143206,14.860868,24.613214,12.513161,6.252995,-3.982788,-10.596826,54.094911,4.669261,-19.246159,-20.178973,-11.610697,0.615412,7.681392,-38.417807,-4.423529,4.460426
-11.033829,-3.083818,-1.685206,14.591913,23.807645,13.193774,3.939422,11.209979,-11.481666,53.403983,3.610529,-29.482979,-16.957000,-9.063096,3.471595,8.892653,-44.228977,-10.556863,1.561089
7.683040,-12.682322,-3.881285,10.768902,22.072572,14.001282,0.672007,15.001236,-10.613062,52.777829,2.033234,-22.443412,-12.635157,-9.682078,1.408148,6.494850,-38.583841,-15.278431,-6.964340
-2.477546,-9.423087,-5.368124,8.079347,18.850294,14.301213,3.046464,8.093751,-11.660258,50.985733,1.773953,-28.837919,-12.402243,-12.809567,4.200214,6.807965,-31.721126,-0.925490,-0.406317
-12.346441,-2.803815,-4.530709,6.100603,14.264744,12.916915,5.015030,8.297185,-11.132601,49.906157,1.060929,-23.985946,-12.868070,-11.760555,4.316793,4.204166,-32.495949,4.282353,1.681895
-10.474754,-2.602213,-3.975280,9.097536,16.309651,11.601831,2.752193,8.426642,-10.093523,51.201648,0.326299,-25.360204,-5.712444,-7.466773,3.442451,6.280613,-31.628885,-11.294118,-0.768734
-1.553857,-1.997406,-4.436713,9.116747,19.717830,13.724422,3.756771,12.328862,-8.047837,51.309606,0.131838,-31.053559,-8.908537,-5.961669,2.987793,8.637217,-29.931655,-22.823529,-6.895308
-5.880613,0.623423,-3.325856,8.002502,18.292592,13.251453,-3.691310,8.796521,-7.390295,51.158465,-1.013321,-25.276066,-16.749966,-9.499641,1.233280,6.684367,-32.477501,-4.894118,2.234150
-16.673198,1.709834,-4.171817,6.926680,15.999817,11.590295,3.147936,7.418723,-6.765225,51.115282,-1.445457,-22.275135,-19.661387,-11.832227,2.562280,2.984665,-28.197528,0.470588,7.238956
-18.253193,3.647456,-3.812924,6.177447,14.822446,10.725109,11.357061,6.641978,-5.807324,51.655070,-1.380636,-20.648463,-13.929122,-11.154604,0.679530,0.389105,-28.511147,-4.454902,1.992538
-10.717830,5.865080,-2.172274,6.907469,13.892943,10.032959,5.776074,2.110964,-7.300999,52.065309,-2.957931,-22.022721,-3.771496,-7.577539,-1.098299,-1.489586,-34.709728,-2.368627,-0.337285
-4.568002,-2.434211,-4.351263,6.004547,16.247684,14.255070,5.065766,10.553445,-7.398413,49.495918,-5.961273,-21.265476,-7.511055,-8.743832,-3.902022,-2.016938,-31.481300,-2.933333,1.060609
-5.856306,-2.759014,-3.086595,7.733547,17.672923,16.700664,4.071336,9.184894,-6.992523,49.733425,-3.930236,-22.471458,-14.226734,-6.150622,-0.247272,1.171893,-31.278370,-11.027451,1.888991
-0.751705,-1.291798,-5.163043,5.255314,16.371618,14.854932,5.319448,5.855985,-8.461845,49.841382,-2.785077,-20.311910,-13.527993,-6.710964,3.862135,-1.382467,-31.555093,-6.635294,-2.649851
-3.158160,-5.581445,-6.009003,5.946914,14.140810,14.105104,6.486381,10.109590,-10.036698,47.919738,-3.044358,-25.584573,-6.333547,-10.020890,-1.401404,-1.291829,-31.425956,3.513725,1.768185
-18.885191,3.121050,-4.086366,8.194614,12.529671,13.528313,3.949569,13.022385,-6.221332,49.970932,-0.516365,-30.632868,-4.457298,-5.140703,0.283162,-3.228199,-27.293568,0.894118,-4.910643
-8.797528,12.069947,-4.727245,7.560647,14.326711,13.528313,-1.458915,-2.114900,-3.526223,52.756237,-1.229389,-23.789624,-12.415183,-6.339574,-1.016693,-4.637217,-24.028244,-1.552941,-4.496452
-5.880613,1.082628,-2.821698,6.888258,12.715572,14.428107,0.864805,-4.213962,-2.324788,53.900587,-2.288121,-17.815808,-13.760906,-6.320027,-2.846983,-3.055161,-26.869261,-4.078431,2.510277
-3.425544,-4.584634,-5.521935,3.026825,11.786069,16.366125,3.056611,14.178256,0.199847,52.993744,-2.460975,-24.070085,-6.152392,-7.799069,-1.343114,-4.324102,-24.249622,-15.105882,-2.460014
16.774090,-5.267842,-5.043412,3.641581,14.140810,18.281071,3.168231,8.722545,-1.561715,51.676661,-1.747951,-35.568978,-7.536934,-12.757443,-1.459693,-1.127031,-33.639734,-7.905882,-2.684367
5.373816,-3.285420,-5.581750,4.064225,13.397208,20.022980,6.943008,7.964294,-2.154314,51.223239,-2.806683,-23.677440,-8.313313,-8.600488,-2.625483,-4.291142,-33.861112,-10.682353,-3.012268
-6.366766,3.725856,-7.427481,7.022736,14.078843,18.788647,6.993744,11.524376,0.086198,50.445945,-5.615564,-5.531624,-3.525643,-6.007279,-5.044495,-5.593042,-22.312566,-29.035294,-16.111055
-2.137240,2.449042,-6.299535,6.004547,12.343771,10.355962,3.604562,8.380407,0.183612,50.726635,-5.982879,-11.224979,-3.292729,-6.020310,-2.054246,-5.403525,-30.060792,-5.584314,-15.869444
-7.047379,1.295430,-8.350347,1.086503,14.078843,13.043809,2.346304,6.484779,-1.918898,50.597086,-6.306981,-18.460868,-2.050523,-6.254871,-1.687022,-0.171206,-32.883360,-7.058824,3.390433
-2.720623,2.258640,-7.316396,2.661814,11.724102,17.012131,4.193103,7.899565,-2.893034,50.597086,-5.593957,-17.984085,-8.701503,-8.333349,-0.084062,-0.204166,-31.112337,-14.760784,3.476722
11.450721,3.860258,-5.633021,1.624414,6.952651,10.448249,3.452354,-4.574594,-3.079744,50.467536,-5.550744,-19.442481,-14.899596,-8.190005,-1.232364,-4.043946,-31.739574,6.478431,3.718334
-7.168917,6.749889,-5.607385,2.565759,12.033936,9.848386,-3.204242,-6.137331,-2.665736,51.503929,-4.535225,-23.256748,-14.847837,-3.342397,1.454780,2.308995,-25.725475,6.917647,3.200595
-26.031632,10.468330,-3.522393,6.023758,11.414267,11.959442,-7.821241,5.430625,-1.293828,53.900587,-2.569009,-23.200656,-15.883009,1.472633,3.570687,1.443809,-25.208927,1.898039,-1.942275
-13.075669,-1.437400,-5.205768,4.141070,8.439857,13.978210,3.472648,1.630121,-1.813367,50.834592,-3.627741,-17.395117,-13.696208,-3.765911,0.073320,0.570382,-24.175830,0.627451,0.560128
-1.578164,-5.615045,-6.179904,2.642603,8.811658,12.905379,5.907988,5.042252,-3.152804,47.876555,-2.439368,-20.564324,-12.389303,-8.607004,2.748806,0.982376,-27.478050,-1.364706,2.562051
2.578439,0.769024,-2.821698,4.275547,9.059525,10.736645,0.479210,2.536324,-3.242100,47.315175,-2.763470,-20.788693,-16.594690,-8.313802,2.533135,2.152438,-29.156832,0.454902,0.888029
0.269215,-1.605402,-3.223316,7.925658,12.405737,11.717189,7.227131,3.433280,-3.266453,46.300374,-3.692561,-27.435615,-20.580102,-7.062806,1.209964,4.097047,-25.707027,-1.960784,0.042390
-14.072282,0.085817,-0.958877,10.000458,11.910002,11.774868,5.075914,2.351385,-1.034058,48.437934,-3.282033,-31.838849,-8.908537,-2.273838,0.580438,3.240101,-30.521996,-1.364706,0.957061
-3.741543,0.052216,-3.838560,4.717403,8.253956,12.616983,0.540093,2.638041,-1.529244,47.854963,-5.831632,-19.750988,-3.448005,-3.785458,1.332372,2.317235,-32.274571,-8.172549,2.147860
12.739025,-1.011795,-6.889143,2.853925,10.112963,13.678279,4.101778,-3.918059,-3.217746,47.876555,-5.118608,-15.487984,-3.150393,-6.020310,2.195056,1.847562,-28.418906,-22.086275,0.025132
7.853193,-6.029450,-3.471122,6.600092,8.377890,14.266606,6.009461,-8.282628,-1.180179,49.862974,-4.059876,-13.861311,-4.289082,-1.746075,2.183398,1.229572,-28.326665,-14.729412,-10.260609
1.897826,-4.730236,-2.770428,8.694102,10.980499,12.870771,6.090639,11.820279,-2.617029,47.531090,-5.572351,-15.684306,-22.016403,-5.668467,-0.148180,3.685054,-31.979400,-12.501961,0.266743
-0.557244,-0.115785,-0.830701,7.234058,14.264744,12.282444,4.527962,12.587778,-4.053880,45.501488,-6.695903,-24.855375,-18.988525,-9.063096,-3.359930,4.377203,-32.754223,-5.098039,5.668482
-3.571389,-1.919005,-1.984283,4.429236,13.583108,8.348730,2.447776,4.441199,-4.419181,45.846952,-5.097002,-24.687098,-7.847486,-4.984329,-0.474601,3.413138,-26.278920,-4.329412,3.200595
-14.145205,-1.717403,-4.769970,3.795270,14.450645,4.276585,4.872969,10.054108,-6.270039,44.573053,-3.735775,-19.021790,-9.503761,-7.043259,1.886122,2.185397,-19.858961,-7.545098,7.653147
-4.640925,-8.493477,-5.333944,3.084459,10.174929,8.475624,4.761349,6.420050,-5.442023,42.932097,-4.708080,-16.637873,-11.367071,-6.515496,1.087556,-0.607919,-20.744472,4.611765,3.079789
-9.040604,-9.008682,-2.855879,6.849836,14.884413,7.575830,0.824216,1.241749,-3.777874,45.846952,-2.504189,-17.871901,-14.912535,-4.013504,1.023438,2.119478,-18.272419,-2.211765,4.218814
-12.224903,-8.975082,-3.163500,10.692058,19.469963,2.684642,0.296559,11.126757,-5.742382,47.639048,-0.170657,-26.033310,-14.446708,-1.420294,0.737819,3.165942,-22.146532,-2.666667,1.267704
-17.135042,-0.563790,-3.240406,6.753780,16.061784,1.058091,-4.858244,5.523095,-5.839796,47.833371,1.255390,-20.648463,-9.400244,0.775463,4.614069,0.916457,-22.441703,0.360784,-0.889540
-21.777798,9.247517,-2.163729,4.602136,12.281804,1.969421,-3.052033,6.706706,-4.532830,48.653849,0.909682,-23.481117,-11.431769,-2.997070,5.465095,-0.121767,-18.770520,1.788235,-3.202106
-4.859693,-6.051850,-2.163729,5.620325,9.803128,4.495766,5.796368,3.266835,-3.169039,49.755016,0.585580,-30.296315,-10.513054,1.179431,3.022766,-0.846876,-22.164981,-5.411765,2.078828
-7.557839,-2.893416,-2.103914,5.101625,11.290333,5.880064,7.937438,3.590478,-1.975723,48.524300,-2.180087,-18.096269,-8.986175,0.391043,1.501411,-3.706111,-20.412406,-13.913725,-2.252918
-6.974456,5.529076,-3.881285,5.524269,11.662135,3.907439,0.590829,6.142641,-2.170550,47.164034,-4.859327,-16.497642,-9.853132,-2.391119,-0.585351,-2.264134,-20.873610,-2.854902,-7.205951
-16.575967,4.689067,-1.898833,4.506081,9.989029,2.465461,-0.708019,-0.774090,-2.933623,48.006104,-3.951843,-18.264546,-3.033936,-1.778653,-0.748562,-1.473106,-19.729824,-2.729412,5.081712
-1.383703,1.933837,-2.650797,3.180514,8.501823,6.883680,10.667048,7.122820,-5.222843,45.415122,-4.513619,-15.095338,-8.119219,-8.717769,-2.561364,-6.079194,-17.331563,-4.611765,-7.309499
10.891646,-3.655024,-2.172274,4.256336,6.828717,4.322728,8.739071,-7.487388,-5.044251,45.566262,-3.951843,-12.290730,1.313787,-6.013794,-1.290654,-7.397574,-19.526894,-8.454902,-4.565484
-5.175692,-2.826215,-3.411307,2.892348,10.856565,2.730785,3.990158,8.731792,-5.011780,46.321965,-4.729686,-16.750057,3.164157,-3.368460,0.236530,-2.700847,-20.117235,-12.094118,-2.649851
-5.418769,-2.893416,-5.530480,3.891325,19.160128,6.710643,2.204242,8.315679,-5.019898,45.263981,-3.109178,-17.367071,-11.962295,-2.808118,2.288319,3.091783,-17.903456,-9.741176,-9.052552
8.023346,-2.736614,-4.000916,5.581903,15.999817,2.615427,1.950561,-8.217899,-6.091447,44.529870,-3.670954,-13.721080,-5.790082,-1.615763,1.594675,-1.456626,-20.098787,-8.078431,-4.703548
2.699977,-4.472633,-7.000229,3.411048,14.512612,1.427237,2.386893,11.459648,-9.224918,42.090028,-4.837720,-20.564324,-5.156039,-8.665644,2.224201,-1.687343,-20.855161,6.196078,-3.875166
-11.471366,-6.533455,-5.351034,7.656703,15.566049,6.110780,1.889677,6.752941,-7.926070,42.565042,-2.439368,-25.696757,-9.710796,-9.851484,5.826490,2.416114,-22.017395,7.686275,4.684779
-3.231083,-5.391043,-3.556573,8.598047,16.867353,6.502998,4.152514,4.034333,-7.106172,44.832151,-2.482582,-27.547799,-17.332250,-7.310399,7.283726,5.876860,-24.046693,-1.929412,1.871733
-12.735363,-4.618235,-5.983368,6.734569,18.478492,6.272282,2.244831,10.775372,-8.088426,45.112840,-2.914717,-20.564324,-21.084749,-6.098497,6.415213,9.634241,-20.799817,-6.243137,3.563012
-14.047974,0.074617,-4.599069,10.423102,15.008347,9.894530,4.325017,14.991989,-8.981384,45.631037,-3.044358,-21.013062,-20.838895,-6.183200,1.629648,5.530785,-22.478599,-11.372549,5.150744
-17.767041,4.140261,-4.069276,8.713313,15.999817,11.509545,2.376745,12.717235,-10.475059,46.365148,-1.359030,-29.426886,-19.130861,-8.724285,4.573266,4.171206,-23.437903,-1.270588,5.237034
-17.329503,-2.266209,-4.513619,8.002502,14.264744,13.412955,5.613718,10.433234,-8.193957,45.631037,-1.964019,-23.032380,-14.472587,-8.444114,2.871214,0.117189,-22.644633,0.847059,1.802701
4.109819,-5.715846,-7.572747,6.849836,14.698512,12.351659,11.641184,11.209979,-10.028580,40.168383,-5.356283,-19.694896,-14.589044,-8.887175,-3.150088,-0.352483,-21.094987,-2.039216,-2.477272
3.259052,-4.943038,-9.290303,5.370581,16.185718,12.513161,6.537118,10.239048,-7.853010,38.397879,-7.711421,-17.563394,-11.341192,-7.994537,-4.368338,0.158389,-15.634333,-2.650980,-3.219364
-4.252003,3.165850,-6.000458,6.600092,14.636545,8.844770,2.863813,7.807095,-4.118822,41.679789,-6.976791,-19.077882,2.607752,-3.785458,-3.278325,-2.354772,-22.663081,-7.623529,-7.948043
-1.626780,-0.944594,-7.743648,4.486870,12.777539,4.172763,6.070344,7.501946,-6.546044,41.140002,-5.334676,-23.425025,7.110750,-5.440421,0.370596,0.611582,-25.577890,-3.435294,-4.030488
-11.763058,6.828290,-5.949187,6.446403,11.786069,5.210986,6.750210,9.702724,-4.987427,43.234379,-3.433280,-15.600168,-4.094987,-7.603601,0.632898,-2.148775,-20.117235,-7.482353,-7.257725
-16.527352,11.610742,-5.163043,7.349325,13.087373,4.772625,0.854658,6.854658,-6.464866,45.177615,-2.633829,-18.292592,-5.414832,-4.743252,2.090135,0.776379,-21.224125,-6.227451,-5.756283
-9.210758,-9.557488,-6.598611,7.618280,16.247684,8.475624,6.009461,8.019776,-5.312139,47.747005,-2.504189,-21.041108,-15.934768,-3.296788,3.395819,4.731518,-16.538293,-5.129412,-6.981598
-0.751705,-6.802258,-5.060502,7.118791,12.901472,7.506615,2.691310,8.704051,-2.795621,48.481117,-4.621653,-18.292592,-11.587045,0.931838,1.617990,-0.212406,-18.936553,-7.905882,-12.866560
-0.630167,-3.330220,-6.581521,5.043992,8.191989,8.717876,3.208820,7.187549,-2.909270,45.242390,-6.890364,-22.078813,-3.667979,-0.690547,1.209964,-1.769741,-20.762921,-6.258824,-3.098558
-8.287068,-6.421454,-6.325170,7.234058,11.166400,10.275212,3.289998,0.844129,-3.169039,43.169604,-4.664866,-15.656260,-11.457649,-5.766201,4.771450,0.759899,-18.161730,-7.168627,5.668482
-5.637537,-10.307897,-6.778058,8.636469,11.476234,11.417258,-2.991150,3.849393,-5.352728,39.844511,-4.880934,-16.245228,-9.581399,-4.195941,6.117937,-0.377203,-17.626734,-1.286275,4.028977
-29.191623,-8.023072,-8.051270,7.406958,11.228367,8.590982,0.479210,14.326207,-4.670832,40.060426,-5.593957,-16.750057,-11.160037,-4.091691,6.485161,1.246052,-16.095537,7.749020,6.186221
-18.520577,-2.367010,-5.299763,6.369558,7.820188,5.049485,-7.212406,6.114900,-2.470909,42.759365,-5.593957,-16.637873,-5.997116,1.550820,7.487739,1.740444,-22.054292,3.623529,3.804623
9.895033,-2.882216,-5.487755,4.563714,6.890684,6.837537,-0.494926,1.852049,-3.777874,41.830930,-5.377890,-22.892149,-7.071107,-2.723415,3.197635,-0.377203,-22.423255,-0.784314,-0.699702
-11.228290,-6.421454,-6.555886,5.677958,7.138552,3.999725,4.933852,2.490089,-2.341024,44.162814,-1.467063,-21.686168,-0.187213,-6.632776,4.783108,1.064775,-21.759121,0.078431,4.046235
-11.690135,-3.744625,-2.590982,7.983291,7.386419,2.061707,1.554818,0.104372,0.605737,49.020905,0.672007,-21.714214,2.206622,-1.107546,4.765621,-2.742046,-23.419455,-4.643137,-4.582742
-2.769238,0.242618,-5.351034,5.735592,11.662135,0.377478,1.240253,2.545571,-2.446555,48.848173,-1.942412,-14.253956,-10.409537,-1.889418,1.600504,-0.270085,-22.441703,-4.423529,-5.911604
-1.286473,1.295430,-6.342260,5.793225,8.873625,4.680339,-1.905394,5.634058,-1.667247,48.373159,-4.275944,-13.076020,-12.893950,-0.592813,-0.019944,-0.064088,-22.810666,-5.537255,-4.099519
0.123369,5.439475,-6.940414,0.337270,7.138552,7.460472,-1.773480,7.788602,-0.887938,46.278782,-6.415015,-11.701762,-8.817960,-1.882902,-1.541299,-2.165255,-18.087938,-3.435294,-10.795605
-11.908904,4.599466,-5.581750,2.085481,8.006088,9.467704,3.097200,-0.505928,-2.203021,44.875334,-5.377890,-6.288869,-3.719738,0.169512,0.912688,-2.643168,-14.933303,-11.278431,-8.655619
-5.127077,4.084260,-2.180819,6.427192,7.138552,8.394873,6.384909,4.413458,-4.979309,41.658198,-5.248249,-11.253025,-6.657038,-1.869871,-1.244022,-3.228199,-19.176379,-5.866667,-11.572213
3.210437,-3.151019,-6.077363,3.987381,7.014618,8.037263,4.396048,13.836118,-7.236057,39.758145,-8.121950,-13.889357,0.006882,-0.573266,-0.993378,-2.404211,-19.711376,-7.827451,-10.139803
-4.811078,-2.176608,-2.394446,8.213825,8.749691,12.328588,5.319448,8.694804,-2.803738,44.529870,-6.479835,-20.564324,0.304494,5.440635,-0.375509,-3.310597,-20.154131,-24.674510,-5.739025
-8.262760,1.642634,-1.334859,7.733547,9.245426,9.813779,3.371176,4.237766,-3.282689,45.242390,-6.566262,-19.610758,-8.261555,1.544305,0.335622,-1.225910,-17.811215,-6.023529,-10.657542
-14.777203,2.594644,-1.223774,7.445380,5.899214,8.175692,2.265126,5.328908,-4.703304,46.127642,-6.609476,-14.899016,-12.143450,-1.654856,1.180819,-5.831998,-14.047791,4.894118,-7.913527
-13.877821,7.578698,2.356603,8.886213,5.775280,2.984573,3.655299,-3.206043,-2.454673,47.358358,-4.275944,-18.180407,-9.827253,0.130419,-0.095720,-4.002747,-20.873610,-0.313725,-1.493568
-9.769833,6.413886,-2.317540,6.004547,5.961181,0.285191,2.528954,-0.616892,-4.126940,45.328756,-6.306981,-13.412573,-2.568109,1.668101,2.422385,-3.607233,-19.619135,-2.792157,-5.359350
-18.787961,2.101839,-5.470665,5.812436,10.050996,6.364569,-4.736477,10.128084,-7.195468,43.061646,-6.717510,-16.273274,-4.573754,0.006622,1.320714,-0.179446,-14.859510,2.415686,-2.356466
-10.887984,0.813825,-5.974823,6.619303,10.794598,10.355962,1.057603,-1.865232,-8.429374,39.758145,-6.220554,-20.592370,-12.738674,-2.215198,-0.462943,3.882811,-11.981598,6.290196,1.906249
-3.765850,0.287419,-9.469749,3.372625,7.138552,9.456168,8.069352,6.614237,-9.923049,35.850080,-8.294804,-20.732601,-4.224384,-5.420874,1.763714,0.141909,-11.483497,1.976471,-1.286473
-20.197803,6.055482,-9.076677,3.084459,6.456916,5.660883,4.609140,9.092424,-10.580591,35.612573,-8.057130,-19.891218,4.509880,-1.635309,2.265003,0.916457,-14.951751,3.231373,2.993500
-18.204578,4.285863,-10.589151,1.509148,6.023148,6.941360,0.935836,4.505928,-10.410117,35.008011,-9.699245,-12.907744,-1.442359,-0.397345,1.518898,1.460288,-11.594186,7.749020,5.444129
-6.002152,-6.891859,-12.075990,1.682048,10.050996,7.783474,-1.266117,8.907485,-10.791653,35.180743,-10.152987,-17.030518,-1.442359,-0.592813,0.609583,5.967498,-11.151431,5.537255,1.819959
-5.831998,-7.967071,-9.076677,5.524269,10.980499,4.864912,-2.493935,6.660472,-11.311192,39.369497,-8.121950,-13.300389,-6.061814,-1.902449,0.458030,-0.418402,-9.694026,8.517647,-0.061158
-2.890776,-13.141527,-8.093996,4.698192,12.157870,7.045182,-4.330587,3.091142,-13.324407,39.909285,-7.495354,-13.356481,-0.756558,-6.254871,1.565530,-2.461891,-7.923003,7.560784,4.149783
0.463676,-9.064683,-2.932784,6.254292,9.307393,8.971664,4.051041,3.350057,-11.587198,44.054856,-4.859327,-17.675578,-3.370367,-2.312932,1.180819,-3.112840,-12.442802,-8.078431,-2.080339
-3.109545,-6.466255,-3.009689,4.198703,8.749691,11.186542,5.441215,13.734401,-11.043305,44.270771,-6.479835,-11.505440,-11.134157,-5.231922,-1.552956,-5.955596,-13.826413,-4.047059,-4.082261
-17.767041,0.130617,-3.898375,4.275547,14.450645,7.645045,4.142367,15.250904,-8.867735,40.664988,-8.186770,-17.956039,-3.952651,-5.538155,-3.301640,-0.789197,-12.608835,-2.070588,-1.493568
-24.378714,10.401129,-1.505760,6.139025,12.157870,6.526070,4.162661,14.122774,-6.018387,41.010452,-6.955184,-18.208453,-7.032288,0.573480,-0.684443,-1.835660,-14.140032,-12.219608,-1.994049
-1.164935,1.037827,-9.264668,1.739681,9.121492,10.644358,4.122072,8.445136,-11.473548,33.172732,-10.347448,-6.653468,-8.261555,-7.909834,-1.821088,-3.392996,-12.571939,0.031373,4.667521
10.721492,-5.525444,-13.058671,1.451514,9.617227,10.667430,0.063172,5.772763,-12.804868,30.711299,-10.217807,-8.813016,-9.736675,-9.616922,2.754635,-3.879149,-9.933852,12.298039,-0.354543
-1.480934,-5.704646,-12.229801,0.990448,10.360830,13.966674,-8.450370,9.628748,-10.247761,32.287480,-9.785672,-10.383597,-12.479881,-2.938430,2.503990,-0.706798,-8.568688,14.227451,-0.837766
-5.807691,1.239429,-12.135805,1.163348,12.343771,10.494392,-0.809491,6.133394,-7.934188,33.410239,-10.649943,-7.158297,-8.649744,-2.286870,-4.514061,1.732204,-9.177478,8.282353,-5.531930
-2.647700,-5.122240,-10.315709,4.352392,12.529671,6.999039,4.456931,6.299840,-9.427863,37.426261,-8.640513,-12.571191,-7.148745,1.075181,-1.080812,-0.945754,-11.741772,2.682353,-6.066926
-8.846143,-12.043915,-10.478065,4.198703,12.281804,8.579446,2.417334,13.632685,-11.408606,35.698939,-7.646601,-11.421302,-8.170977,-2.150042,-0.847654,-4.760815,-12.332113,9.866667,3.528496
-15.725200,1.698634,-7.675288,3.660792,11.414267,5.487846,3.533532,9.591760,-8.267018,37.598993,-6.026093,-16.469596,-6.074754,-4.006989,0.615412,-7.488212,-12.461250,7.811765,2.889952
-15.044587,0.937026,-6.154269,2.777081,10.794598,4.403479,2.386893,15.241657,-6.302510,39.045624,-7.344106,-16.834195,-4.780789,-0.938140,0.224872,-7.743648,-16.409155,5.913725,-0.043900
-16.770428,2.561044,-5.342489,3.526314,13.583108,6.433783,0.042878,0.076631,-3.859052,39.088808,-7.279286,-13.440620,-5.156039,1.440055,0.125780,-4.406500,-16.316915,2.400000,3.390433
-11.908904,8.765911,-2.659342,5.274525,11.042466,4.391943,-0.261540,-10.224491,-2.454673,40.859312,-4.967361,-18.713283,-3.512703,4.163577,2.760464,-4.620737,-11.335912,-7.356863,0.888029
-0.630167,-3.072618,-8.632334,-0.565652,9.121492,4.807233,1.717174,17.571893,-6.976287,36.735332,-7.041611,-16.273274,-5.337194,-1.140124,1.239109,-7.199817,-15.837263,-0.329412,1.958022
-1.262165,-10.016693,-11.588922,-1.353307,7.572320,9.087022,0.793774,14.030304,-8.096544,36.389868,-6.177340,-14.506371,1.365545,0.430137,4.538293,-7.850767,-15.191577,-0.956863,2.924468
-14.679973,-7.731868,-11.452201,-1.314885,8.501823,8.567910,-2.088045,8.870497,-6.684047,37.620584,-6.328588,-8.448417,9.905715,5.193042,5.441779,-5.370565,-9.159030,-2.494118,-8.224170
-20.124880,-4.741436,-13.537194,-1.487785,9.803128,9.087022,-1.540093,8.334173,-10.247761,36.670558,-8.662119,-7.859449,-2.205798,1.355352,2.871214,-2.923323,-7.074388,10.509804,1.940764
-10.183062,0.981827,-7.906004,5.216892,11.910002,5.787778,-1.144350,1.334218,-10.572473,40.233158,-5.118608,-8.897154,-12.402243,3.603235,3.489082,-3.079881,-9.712474,-3.858824,0.456580
0.536599,1.833036,-8.726329,1.220981,14.016876,2.984573,-1.814069,-4.047517,-8.867735,40.708171,-4.859327,-6.092546,-8.132158,1.811444,1.011780,-1.951019,-12.147631,-10.039216,2.665599
-2.599084,-14.317540,-11.682918,-1.718318,11.104433,2.338567,-5.061189,2.157198,-8.258900,40.362707,-5.097002,-9.738537,-3.008057,-1.726528,1.792859,-2.305333,-11.797116,9.223529,10.466194
-8.919066,-14.160739,-11.546197,-2.813352,9.369360,-1.629755,-10.997330,3.229847,-5.847913,42.910506,-4.664866,-9.906813,-0.963592,1.120790,4.952148,0.191348,-14.435203,14.086275,10.172808
-9.526757,-2.815015,-10.486610,-0.776974,9.617227,3.353719,-13.513848,0.141360,-2.121843,42.349126,-6.782330,-15.936721,0.602106,-0.038987,1.215793,-0.146487,-9.029892,6.117647,7.929274
-14.752895,0.444221,-6.017548,4.064225,12.095903,4.299657,-9.759365,4.727855,0.061845,41.291142,-5.810025,-14.366140,-2.335195,2.039490,1.064240,-2.709087,-4.565438,0.815686,-10.450446
-23.771023,3.154650,-9.777371,-0.719341,9.555261,5.084092,0.063172,4.015839,-2.316670,36.735332,-6.933577,2.096910,-7.821607,-0.657969,2.836240,-3.376516,-5.155779,4.392157,-7.274983
-13.780591,2.337041,-13.443198,-3.216785,9.059525,4.334264,2.123064,4.154543,-6.432395,31.013581,-7.236072,-4.493919,-5.466590,-4.254582,3.384161,-4.464179,-3.458549,4.815686,5.133486
-0.435706,5.932280,-13.511559,-3.408896,9.183459,2.488533,-0.525368,-2.031678,-5.872267,31.035172,-5.939666,-15.291661,4.587518,-0.429923,1.798688,-4.843214,-6.188876,-2.415686,6.013642
-3.911696,-5.671046,-15.041123,-2.140963,13.087373,10.644358,-3.457923,3.904875,-5.734264,32.373846,-5.529137,-3.680583,3.720562,-1.029358,-0.614496,-3.549554,-5.303365,-9.756863,1.802701
-3.717235,-14.507942,-15.690547,-3.235996,11.600168,8.048798,-7.110933,5.106981,-5.320256,33.280690,-6.998398,2.685878,1.986648,-0.012924,-0.101549,-2.981003,-6.760769,0.831373,3.062531
-2.769238,-7.664668,-14.784771,-4.042863,7.200519,5.037949,-4.087053,3.155871,-2.633265,36.994430,-7.192859,-7.635080,18.717617,2.489067,1.227451,-5.963836,-14.675029,-5.364706,2.113344
-12.467979,-3.195819,-11.776913,-2.102541,9.369360,3.999725,-3.528954,2.018494,-3.185275,40.643397,-3.195605,-8.813016,12.739498,-1.205280,3.873793,-3.895628,-14.435203,-6.400000,1.664637
-17.183658,-1.571801,-10.230259,-2.640452,8.749691,2.407782,-5.091630,1.167773,-3.217746,41.032044,-2.201694,-1.352758,-1.092988,-2.658259,4.485832,-0.838636,-16.722774,9.082353,-2.028565
0.293523,-6.600656,-11.776913,-1.391730,11.166400,6.387640,-4.026169,4.154543,-3.631754,39.822919,-2.936324,-6.457145,-3.680919,1.889631,4.899687,-0.418402,-14.158480,-9.160784,-4.254841
-0.241245,-5.570245,-12.793774,-0.873030,11.414267,1.311879,-6.420920,6.845411,-4.167529,37.188754,-3.519707,-9.906813,-7.032288,1.850538,3.559030,3.701534,-10.505745,-9.082353,4.322362
-19.930419,7.354696,-11.682918,1.393881,12.901472,-2.691051,-10.611734,3.886381,-7.495827,35.439841,-2.072053,-9.682444,-5.647745,-0.736156,9.696910,4.566720,-12.442802,8.250980,-0.389059
-14.923049,2.572244,-13.118486,-0.527230,10.856565,1.300343,-7.770504,4.357977,-9.435981,31.510185,-3.778988,-6.120592,-5.867720,-3.290272,9.329686,0.718700,-9.767819,12.800000,1.250446
-13.075669,-1.258198,-9.521019,0.683070,10.608698,-0.879927,-6.613718,-0.468940,-3.997055,32.827268,-2.352941,-8.925200,-3.137453,-2.827665,5.004608,1.831083,-11.704875,9.003922,4.926390
-13.780591,-0.373388,-7.871824,5.332158,12.157870,2.407782,-1.834363,-7.672328,-2.755032,34.036393,-2.093660,-10.327504,-5.971237,-4.554299,4.549950,2.177157,-11.151431,4.800000,3.045274
4.887663,-0.160586,-10.281529,1.931792,12.343771,5.949279,-3.671015,9.564019,-5.653086,31.812467,-5.961273,-7.971633,-9.477882,-6.489433,0.638727,0.174868,-12.221424,-1.694118,-3.616297
-0.508629,7.567498,-5.897917,4.621347,14.822446,3.146075,-10.023194,2.453101,-8.559258,34.597772,-1.769558,-10.187274,-9.490822,-3.277241,6.724147,3.396658,-11.206775,-8.705882,-7.602884
-10.571984,-6.779858,-8.384527,2.508125,12.529671,5.822385,-0.484779,2.869215,-12.001205,36.152361,-0.537972,-3.876905,1.585519,-5.701045,6.217029,1.452049,-15.376059,-4.250980,-1.027604
-12.054749,-2.019806,-7.008774,1.720470,13.087373,4.241978,4.253986,4.552163,-11.457313,41.442283,2.314122,-19.077882,8.624689,-4.150332,5.774029,-0.953994,-28.529595,-3.576471,2.941726
-18.277501,3.692256,-7.700923,1.163348,13.830976,1.531060,-1.600977,8.380407,-12.877928,39.304723,-0.213870,-17.703624,3.629984,-4.085176,3.774701,-0.780957,-17.091737,0.250980,4.874617
-12.006134,-11.147906,-12.289616,-1.506996,16.247684,-1.929686,-5.406195,8.232456,-14.030655,36.173953,-3.714168,-4.634150,-3.435065,-3.700755,1.163333,0.603342,-3.015793,6.792157,7.756695
-13.610437,-15.112749,-9.486839,2.949981,17.053254,-1.168322,-2.362020,-4.990707,-13.105226,36.648966,-1.337423,-11.870039,-11.095338,-1.583185,5.937240,5.382467,-1.724422,8.172549,11.432639
-12.054749,-11.607111,-12.332341,0.298848,14.450645,1.254200,-7.516823,16.379034,-13.787121,32.460212,-2.936324,-4.381735,-10.267201,-4.899626,8.566094,5.242390,-0.580636,-1.082353,2.872694
-17.329503,-3.184619,-11.332570,-0.623285,13.397208,-4.859785,-6.705043,11.034287,-11.148836,32.481804,-1.920806,-6.232776,-5.712444,-2.645228,11.060883,5.819181,-6.484047,-1.192157,5.685740
-14.801511,-5.715846,-12.631418,-3.754696,10.050996,-2.990982,-1.925689,6.346075,-12.196033,29.674907,-6.155734,-8.308186,0.757382,-2.267323,6.933989,2.704509,-4.122683,4.172549,14.331975
-8.578759,-7.351064,-14.724956,-3.946807,13.149340,0.377478,-3.397040,11.727810,-14.777493,28.098726,-8.705333,-6.541283,-3.719738,-5.785748,2.183398,2.580911,1.356420,7.858824,10.310872
-15.457816,-5.178241,-11.289845,0.106737,15.132280,-3.556237,-1.428473,6.262852,-14.152422,32.373846,-4.535225,-8.027726,-5.414832,-4.391409,3.174319,2.663310,-4.639231,13.850980,4.650263
-20.343648,-0.507790,-9.931182,-0.046952,14.636545,-3.175555,-0.545663,7.233783,-14.899260,35.979629,-1.704738,-9.598306,-3.008057,-2.619165,5.995529,0.347906,-4.104234,2.133333,4.322362
-23.503639,-1.795804,-7.410391,2.527337,14.574578,-3.360128,-2.696880,5.560082,-15.889631,37.987640,1.255390,-13.244297,-4.082048,-3.107836,8.507805,1.905241,-4.436301,4.800000,2.544793
-16.065507,-6.051850,-5.838102,4.544503,12.591638,-4.121492,-3.549248,6.604990,-14.736904,39.758145,2.249302,-13.833265,-7.808667,-2.371572,8.566094,0.438544,-7.793866,8.658824,-1.131151
-28.778393,-1.986206,-4.436713,6.369558,17.672923,-2.737194,0.184939,8.038270,-11.156954,42.305943,3.416068,-24.266407,-8.546227,0.905776,6.298634,4.649119,-6.465599,-4.470588,3.131563
-23.916869,-4.259831,-3.838560,7.925658,20.647333,-4.744427,-4.158083,8.361913,-12.066148,41.118410,5.252644,-23.817670,-2.192859,3.642329,7.027253,6.519570,-17.497597,-4.078431,0.163195
-10.304601,-6.455055,-6.171359,7.675914,17.363088,-7.489952,-5.639582,3.322316,-15.597391,37.339895,3.956237,-17.731670,4.509880,1.700679,8.245502,4.121767,-19.600687,4.784314,-3.875166
-9.307988,-2.042206,-5.453574,5.447425,15.318181,-10.177798,-6.268711,2.323644,-16.319875,35.590982,3.394461,-15.291661,-0.885954,0.749401,8.467002,2.424353,-14.306065,8.235294,-1.804211
-17.742733,2.673045,-2.727703,4.237125,15.504082,-6.636301,-1.479210,7.455711,-14.858671,34.770504,2.098054,-11.028656,-7.976883,0.202090,5.231937,0.578622,-17.110185,3.921569,3.045274
-27.563012,1.082628,-3.684749,5.908492,17.796857,-3.798489,3.350881,10.969558,-11.773907,36.152361,0.607187,-15.151431,0.731502,-1.250889,1.268254,2.383154,-14.306065,-2.478431,-0.078416
-10.620600,1.317830,-1.736477,7.118791,19.407996,-2.783337,-0.373159,9.249622,-9.549630,37.879683,2.076448,-20.003403,-6.825254,-1.316045,2.259174,6.824445,-15.689677,-14.007843,-3.115816
-1.480934,1.183429,-2.514076,3.968170,14.016876,-2.241154,1.798352,2.231174,-8.445609,37.663767,0.823255,-19.919265,-7.291081,-6.111528,3.401648,4.492561,-14.822614,-5.192157,-1.459052
-3.133852,-3.162219,-3.624933,3.122881,11.600168,-9.497185,0.184939,2.970932,-8.023484,39.131991,1.536278,-19.638804,0.912657,-8.444114,3.215122,1.872282,-14.877958,6.854902,-0.906798
-27.684550,-5.077440,-0.018921,4.582925,13.769009,-8.770428,-3.721752,3.239094,-4.070115,45.069657,5.749599,-15.516030,2.103105,-0.351736,9.935897,3.520256,-18.456901,1.694118,-5.825315
-29.969467,-3.789425,-0.121462,4.640558,14.574578,-7.259236,-5.172808,-6.719890,-4.338003,46.624247,6.613870,-8.588647,1.689036,5.942336,11.439765,3.948730,-17.571389,-3.623529,-8.241428
-11.009522,-6.791058,-0.335088,4.640558,15.937850,-7.455344,-4.706035,-0.320989,-6.075212,45.523079,6.700298,-14.338094,-5.712444,7.616846,6.496818,6.865644,-16.944152,-18.996078,-0.941314
-14.607050,1.418631,-2.479896,3.814481,15.628016,-4.571389,-0.048447,-4.537606,-5.028016,41.982071,6.937972,-16.834195,-13.333898,2.534676,8.659358,7.401236,-13.070039,-14.886275,1.146899
-17.961501,9.359518,-3.129320,4.217914,14.264744,-2.010437,3.716182,-5.878416,-8.202075,34.727321,5.339071,-13.524758,-16.335897,-4.886595,7.814160,6.395972,-15.283818,0.909804,0.594644
-16.503044,-3.173419,-3.847105,1.509148,13.273274,1.242664,1.412757,11.709316,-6.042741,32.913634,2.400549,-11.757855,-8.999115,-4.736736,5.097871,5.275349,-19.342412,3.827451,-4.116777
-9.210758,-3.106218,-7.487297,1.124926,18.416526,1.923278,1.788205,7.575921,-4.849424,29.998779,-0.991714,-10.018997,-8.727382,-7.043259,1.099214,7.582513,-16.685878,1.301961,-2.563561
-21.145800,0.735424,-3.872740,4.313970,21.452903,1.161913,3.777066,6.577249,-4.573419,31.704509,-0.710826,-11.000610,-9.982528,-4.749767,1.256596,7.088121,-17.276219,0.188235,-4.807095
-18.933806,-4.909438,-5.043412,3.680003,21.824704,-3.360128,3.888685,13.124102,-5.961563,33.734112,-0.321904,-10.439689,-4.599634,-1.713497,2.958648,3.775692,-16.981048,-2.729412,-7.879011
-1.748318,-10.621500,-8.640879,2.104692,21.700771,-2.506477,-3.660868,8.935225,-10.255879,33.777295,-0.041016,-9.430030,-5.984176,-4.274128,5.954726,5.489586,-16.095537,-2.603922,-1.994049
-6.147997,-10.621500,-6.120089,2.047059,20.647333,-5.367361,-6.106355,8.426642,-8.835264,37.620584,2.076448,-13.412573,-10.280140,0.990478,9.819318,8.727855,-24.065141,0.094118,0.611902
-6.269535,-8.941482,-7.709468,3.295781,21.948638,-7.824491,-2.240253,15.056718,-8.599847,37.879683,1.147356,-23.396979,-6.100633,4.104936,9.504555,10.590066,-26.518746,-3.780392,-2.080339
-15.968276,-7.810269,-6.000458,2.219959,21.762737,-7.720668,-13.757382,11.875761,-8.283253,38.181964,-0.408331,-16.918334,-4.897246,4.411170,9.387976,11.760128,-18.770520,0.156863,0.888029
-18.496269,-6.903059,-6.145724,0.548592,18.912261,-6.947768,-11.352483,7.594415,-6.537926,38.462654,-0.646006,-13.160159,-6.217090,5.623072,9.539528,9.724880,-17.017945,-5.913725,9.102815
-3.498466,-0.182986,-9.580835,-3.601007,11.600168,-3.694667,-1.722744,1.038315,-3.899641,37.339895,-1.380636,-11.673716,-4.030289,2.006912,9.941726,0.792859,-13.807965,-5.709804,0.197711
-4.981231,4.610666,-8.179446,-7.885084,8.130022,-8.931930,-6.989166,-0.376471,-2.186786,35.677348,-3.454887,-5.251164,4.393423,1.492180,4.345937,-2.618448,-13.475898,8.125490,-2.321950
-14.436896,-0.160586,-6.316625,-3.716274,10.422797,-5.067430,-4.330587,0.992081,-0.157336,37.750134,-3.454887,-12.290730,8.378836,6.111742,4.987121,0.281987,-10.893156,-6.823529,-1.148409
-20.805493,-2.669413,-6.453346,-1.679896,12.901472,-4.432959,-4.553826,-1.615564,-0.206043,39.520638,-3.390066,-5.531624,4.121691,7.225910,4.538293,0.422065,-7.221973,-11.450980,1.423026
-16.138430,-6.757458,-6.316625,-0.008530,15.380148,-5.690364,-4.604562,1.389700,-4.581537,38.009232,-2.806683,-1.913680,-0.510704,3.427314,2.772122,-1.044633,-13.549691,4.454902,-1.372763
-2.720623,-8.739879,-6.145724,1.835737,18.044724,-4.317601,0.590829,3.627466,-9.046326,38.160372,0.131838,-11.729808,-9.154391,1.622492,7.546029,-1.234150,-11.151431,0.360784,-7.551110
-5.710460,-7.048661,-7.008774,3.084459,18.974228,-4.179171,-2.372168,3.377798,-9.776928,37.534218,1.039322,-18.713283,-6.579400,-1.211795,7.050568,1.485008,-12.295216,-2.290196,4.771069
-35.341451,-2.591012,-7.034409,7.522225,21.700771,-2.864088,-0.839933,-0.357977,-5.709911,36.778515,0.045411,-15.572122,-3.590341,-4.300191,6.129595,6.470130,-13.236072,4.549020,8.343465
-28.462394,-1.448600,-10.478065,2.392859,22.010605,-9.520256,-4.543679,8.768780,-5.547555,35.375067,-3.346853,-11.617624,0.951476,-1.863355,4.136095,6.461891,-16.040192,7.200000,5.685740
