-2.915084,-7.373465,4.193790,-0.392752,-1.474846,6.156924,1.991150,6.309087,-2.397848,4.758297,1.493065,-7.663127,3.228855,-4.534752,5.855634,-4.455940,-13.494347,1.113725,9.758618
-3.231083,-2.445411,7.927977,0.740703,-3.891554,7.933440,-0.068742,3.396292,3.333318,8.579995,2.270909,-21.321569,12.467765,-0.469017,5.185306,-8.740673,-8.679377,-6.588235,3.735592
-11.933211,0.265019,5.654994,-0.200641,-3.705653,6.226139,8.272297,3.081895,2.269886,7.457237,2.162875,-10.664057,1.896071,-9.173861,5.721569,-11.245594,-1.650629,4.956863,0.698192
-12.711055,7.903502,5.467002,0.798337,-4.139422,5.510918,17.404822,5.088487,2.359182,6.507210,2.076448,-10.355550,-13.204501,-13.193988,0.976806,-8.378119,-5.137331,9.960784,3.200595
-11.374136,9.404318,5.560998,0.145159,-1.474846,12.559304,17.699092,6.114900,7.530220,6.874266,0.563973,-9.738537,-22.210498,-10.288029,0.015030,-9.968414,-7.037491,6.572549,-0.820508
-18.034424,9.269917,1.100481,-0.354330,0.446128,14.947219,16.136416,13.577203,8.366354,3.268482,-2.655436,-5.195071,-6.980529,-10.366217,-1.523812,-9.177386,-10.007645,-4.250980,1.526574
-10.110140,6.593088,2.980392,0.990448,1.065797,14.566537,12.026780,14.557382,7.919875,3.851453,-1.834379,-6.849790,-2.102281,-7.421164,-4.193469,-9.548180,-7.959899,-15.027451,0.646418
-2.040009,1.945037,1.245747,0.490959,-1.412879,15.397116,14.472267,9.943145,3.373907,3.937819,-0.624399,-7.887495,-14.550225,-12.418631,0.236530,-9.581140,-4.879057,1.003922,1.440284
-1.408011,7.668299,2.330968,-0.853819,-3.643687,15.039506,13.457542,9.369833,3.520027,4.434424,1.514672,-2.698970,-16.853483,-13.304753,1.746227,-8.485237,-11.723323,-0.298039,0.318517
-3.425544,2.986648,3.570001,1.470726,-2.032547,14.439643,13.011063,6.531014,3.195315,8.083391,5.014969,-3.652537,-9.723735,-6.404730,5.896437,-7.924926,-14.379858,-2.839216,-13.712200
-13.853513,3.154650,2.416419,3.641581,1.251698,12.097871,3.442206,5.190204,2.318593,8.191348,6.008881,-18.012131,-1.494118,-4.990845,8.443687,-2.692607,-10.708675,1.066667,-5.342092
-20.295033,-3.363821,3.800717,6.023758,4.473976,9.410025,3.178378,2.425360,2.310475,8.752728,7.154040,-17.591440,-5.324254,-1.381201,9.621134,-2.091096,-12.959350,-0.266667,6.203479
-24.038407,-1.896605,2.595865,4.544503,2.924804,6.249210,5.715190,-1.597070,-0.376516,7.198138,7.910277,-13.384527,-8.727382,-1.641825,12.780423,-0.649119,-12.110735,1.803922,12.778759
-9.380911,-1.078996,0.553597,2.277592,1.251698,-0.972213,0.418326,-3.474205,-2.081254,5.600366,6.981186,-8.953246,-14.524346,-2.769024,15.001251,0.487984,-11.280568,7.074510,15.005035
1.557519,-7.295064,0.844129,4.160281,-1.474846,3.180682,3.076905,-8.079194,-0.132982,7.176547,6.246555,-9.598306,-12.648096,0.814557,16.266133,-4.175784,-9.472648,2.698039,6.997345
-3.547082,-9.859892,-1.539940,1.163348,-1.474846,9.225452,2.052033,-9.040879,3.747326,6.183337,3.848203,-8.644739,-5.168978,2.469520,12.827054,-3.104601,-5.967498,-3.482353,10.414420
-16.478737,-0.429389,-0.300908,-0.085374,-0.669276,7.345113,1.879530,-10.104280,6.531731,8.428855,2.270909,-17.703624,5.687388,6.066133,9.953384,-4.645457,-8.089036,-3.513725,13.969558
-22.118105,8.149905,0.468147,-0.488808,-3.581720,7.956512,1.067750,-9.198077,7.091859,7.500420,1.449851,-19.526619,10.850309,0.762432,9.597818,-6.812543,-8.218173,5.113725,10.034745
-20.149187,-1.762203,-4.607614,-3.677852,-5.874495,7.587366,2.985580,-1.384390,2.456596,3.981003,-1.207782,-4.662196,-0.290730,-3.915770,9.562844,-5.617762,-2.480797,17.129412,12.105699
-18.083040,4.509865,-1.215229,-4.004440,-6.927932,5.880064,0.022583,2.656535,3.917800,6.226520,-1.445457,-2.222187,-5.065461,-3.107836,7.266239,-9.169146,-0.174777,13.239216,7.773953
2.238132,-2.882216,-1.061418,-3.043885,-5.502693,7.310506,6.263142,-8.717235,5.857954,6.248112,-1.034928,1.143343,-10.331899,-3.661662,5.663279,-10.083772,1.928313,11.372549,-1.597116
-5.588922,-5.178241,0.023804,0.721492,-4.759091,6.987503,10.342336,-7.533623,3.333318,6.032197,0.844862,-4.606104,-9.659037,0.189059,6.059648,-7.611810,1.633143,0.643137,8.239918
-16.673198,5.842679,2.014801,1.682048,-5.874495,3.076860,4.862821,3.960357,4.469810,5.945830,2.638224,-9.317845,0.977356,-2.827665,5.249424,-7.224537,-2.259419,-1.537255,5.098970
-21.243030,2.661845,-0.027466,-2.621241,-8.291203,5.926207,9.317464,2.221927,5.241001,4.024186,0.326299,-8.027726,4.574578,-5.772717,6.508476,-9.136187,-1.503044,10.854902,5.047196
-20.854108,5.013870,2.467689,-2.928618,-10.583978,10.159854,9.530556,2.906203,8.001053,5.578775,-0.084230,-4.353689,-0.523644,-4.534752,5.593332,-12.382696,-2.775967,4.988235,4.909133
2.845823,2.695445,-0.036011,-2.044907,-9.530541,11.440330,11.133822,0.270817,5.598184,5.427634,0.261479,-3.652537,-12.182269,-4.775830,6.310292,-9.638819,0.802976,2.117647,-6.964340
-0.216938,-4.584634,1.032120,0.663859,-5.254826,14.889540,10.829404,-0.709361,3.601205,5.406043,0.866468,-4.858518,-11.224735,-2.462791,6.782437,-8.476997,-2.130282,0.219608,-4.272099
-5.710460,-4.976638,1.433738,1.182559,-3.333852,14.405035,7.764935,-0.025086,5.273472,6.312886,2.983932,-0.539422,-4.211444,-2.944945,6.018845,-7.801328,-2.185626,-11.372549,-2.149371
-14.242435,0.253819,0.758679,0.394903,-3.147951,12.893843,11.712215,1.232502,3.763561,6.593576,5.447105,-5.755993,-0.834195,-4.306706,9.108186,-5.164569,-2.111833,-17.380392,0.870771
-8.116915,6.761089,3.501640,2.104692,-6.122362,10.632822,9.804532,-0.089815,5.500771,8.212940,5.360678,-6.373007,3.746441,-4.691127,6.677516,-10.693523,-12.405905,-9.960784,-3.702586
-8.432914,10.434730,1.758450,2.219959,-5.440726,8.152621,7.247425,-0.755596,6.783383,7.889067,3.869810,-10.972564,0.485649,-2.860243,8.921660,-10.528725,-6.797665,-5.490196,-6.377569
-12.589517,0.914626,2.151522,3.468681,-1.474846,10.794324,7.501106,0.760906,7.099977,9.141375,4.323552,-15.151431,-7.498116,-0.149752,8.974121,-7.488212,-2.960449,-4.439216,-3.202106
1.095674,5.193072,0.767224,0.663859,-7.423667,9.594598,4.933852,-6.313024,5.719951,7.025406,2.616617,-4.157366,-11.561166,-2.814633,5.727398,-9.531701,-2.130282,3.184314,-2.442756
-27.903319,15.049180,2.202792,1.624414,-9.592508,4.784161,7.612726,-1.661799,7.075624,8.968643,3.999451,-2.446555,-3.551522,-1.159670,10.786923,-9.910735,-3.476997,-4.000000,1.733669
-27.660243,5.473075,4.168154,2.584970,-8.539071,3.088396,6.912566,1.324971,7.684459,10.177768,5.468711,-0.819883,-2.024643,-2.091402,10.169055,-8.559396,-4.731472,-8.000000,5.461387
-0.897551,-3.307820,-0.864881,0.932815,-8.415137,7.968048,2.630426,0.418769,2.789425,3.527581,1.990021,-3.652537,-6.022995,-5.596796,8.402884,-7.694209,-1.798215,2.149020,7.532341
-7.168917,-2.803815,-0.189822,5.946914,-2.776150,10.875074,-0.444190,-1.005264,1.474342,4.132143,2.422156,-6.064500,-9.788434,-4.241550,8.047318,-5.115129,-7.240421,6.352941,7.704921
-11.447059,-0.171786,0.476692,7.214847,-1.412879,6.883680,2.407187,-4.482124,0.207965,3.700313,5.209430,-4.942657,-6.540581,-4.880079,9.871778,-1.563745,-10.284367,1.254902,8.602335
-10.499062,-0.843793,0.852674,7.541436,-3.147951,8.625589,10.068360,0.770153,0.102434,3.765087,6.224949,-15.992813,-3.900893,-8.098787,8.880858,-3.813230,-7.756970,-3.231373,10.535225
-20.927031,4.610666,5.125200,5.946914,-2.032547,6.883680,11.722362,-0.709361,4.242512,6.939040,7.283680,-20.059495,-9.374365,-6.991135,10.099107,-5.716640,-9.417304,2.980392,9.465232
-18.715038,6.570687,4.877394,4.064225,-1.103044,6.722179,12.158694,5.051499,5.232883,6.939040,4.690867,-23.565255,-4.327901,-4.756283,7.546029,-9.572900,-7.867659,3.450980,2.700114
2.043671,3.434653,3.040208,3.756847,-3.024018,11.647974,6.699474,5.291920,4.388632,6.701534,0.758434,-12.655329,-0.924773,-4.463081,0.667872,-13.165484,-4.694575,-7.513725,-1.855985
-3.376928,-0.608591,3.253834,2.700237,-6.370230,11.198077,4.264134,0.816388,4.762051,5.859464,1.255390,-0.315053,-6.398245,-2.143526,3.465766,-11.146715,-4.251820,-5.772549,2.889952
-18.253193,0.153017,3.629816,3.891325,-6.927932,12.144015,8.485389,3.571984,5.346532,5.254902,1.298604,5.125887,-6.462943,-4.143816,2.212543,-12.695811,1.577798,-1.898039,-2.149371
-13.464591,2.897047,3.903258,4.006592,-7.423667,8.879377,5.979019,-0.015839,7.587045,6.420844,2.940719,-1.156435,6.864897,-1.198764,6.665858,-13.676356,-6.059739,-5.976471,-7.085145
-6.147997,5.092271,3.125658,2.700237,-7.051865,7.725795,5.177386,0.455756,6.255726,4.671931,1.644312,-12.767514,4.898070,-2.540978,5.208621,-14.673381,-3.938201,6.462745,-6.187732
-7.095995,6.705089,0.322881,1.643626,-5.688594,11.521080,7.186542,-4.879744,5.784894,2.253681,-2.266514,-4.381735,-0.238972,-5.199344,-0.328878,-15.686885,5.876219,8.172549,-3.581781
-13.877821,0.197818,-0.488899,4.621347,-5.006958,8.937057,7.348898,-0.330236,6.823972,2.815061,-0.300298,-4.662196,0.252735,-4.195941,3.174319,-12.259098,2.887617,5.725490,-1.562600
-9.915679,-0.395789,0.194705,4.659770,-3.953521,6.203067,2.163653,4.848066,5.517006,2.167315,1.860380,1.199435,-2.154040,-6.678386,7.481910,-11.286793,5.728634,6.352941,-13.919295
-11.592905,7.489097,1.339742,1.413092,-6.618097,5.014878,-1.499504,0.243076,6.190784,2.167315,2.551797,0.077592,3.034760,-4.143816,10.227344,-11.583429,4.972259,-1.960784,-7.205951
-7.898146,-1.403799,-1.984283,-0.354330,-8.105303,6.502998,5.715190,-1.023758,2.773190,0.850233,0.542367,-0.595514,-0.730678,-5.492546,7.656779,-11.295033,1.504005,7.733333,5.720256
-3.522774,-6.018250,-5.017777,-1.775952,-7.051865,7.668116,6.598001,-0.829572,0.297261,-1.460060,-1.402243,2.433463,-9.866072,-4.091691,6.456016,-8.880751,2.334173,14.792157,9.499748
-19.833188,7.197894,0.177615,-0.719341,-9.902342,7.518151,5.999313,0.067384,3.300847,-0.725948,-2.741863,-3.231846,-6.902892,1.596429,4.899687,-10.339208,7.093797,8.800000,7.877501
-10.790753,-5.738247,0.297246,-0.469596,-10.274144,12.351659,11.062791,1.158526,0.500206,0.375219,-2.612222,-5.559670,-2.943359,-0.442954,7.324529,-11.484550,6.042252,1.647059,9.655070
-1.578164,-5.368643,-1.386130,-0.911452,-9.158740,10.413642,7.105364,0.714672,-1.472419,1.713893,-1.078141,-6.990021,-2.050523,-3.492256,7.767529,-11.270314,4.068299,3.905882,9.171847
0.682444,2.661845,-1.950103,-0.315908,-8.601038,11.186542,9.418936,-4.611582,2.172473,2.124132,-3.260426,-3.147707,-2.749264,-3.238148,2.364096,-15.818723,9.067750,5.349020,-1.200183
-1.918471,-6.847059,-2.642252,-0.469596,-5.006958,15.074113,10.585870,0.927352,3.341436,1.195697,-4.578439,-2.558740,-7.226383,-3.394522,0.557122,-12.910048,10.635843,4.752941,0.629160
-16.575967,0.421820,2.100252,0.567803,-4.883024,11.498009,6.689326,-10.492653,8.520592,4.995804,-3.303639,-8.252094,7.253086,2.762722,1.256596,-13.857633,5.950011,9.443137,-3.944198
-8.505837,7.029892,0.980850,-1.679896,-7.919402,14.105104,9.530556,-11.001236,11.710887,7.176547,-4.340764,-9.710491,16.026169,3.186236,0.003372,-20.985122,5.950011,-2.635294,-8.793683
-16.989197,8.799512,0.374151,-3.543374,-10.212177,14.347356,12.260166,5.994690,7.846815,6.161746,-3.778988,2.994385,0.524468,-2.410666,1.344030,-21.660792,2.703136,1.992157,-6.567407
-21.072877,7.231495,3.860533,-1.583841,-7.795468,9.906065,11.580301,2.120211,6.012192,6.744717,-0.710826,-9.289799,-6.501762,0.944869,5.208621,-17.516136,-3.993545,15.984314,-0.975830
-1.140627,-0.832593,-0.053101,-3.370474,-8.724971,13.182238,9.632029,0.834882,4.599695,3.009384,-4.535225,-12.823606,-2.995117,1.726741,2.020188,-18.694438,11.687388,10.258824,-3.685328
3.040284,-8.695079,-2.445716,-6.040818,-11.761349,8.729412,6.263142,-3.455711,3.471321,0.396811,-6.393408,3.639445,2.167803,1.589914,1.192477,-18.867475,20.284230,12.125490,-5.065965
-7.630762,-6.914260,-2.172274,-5.963973,-5.502693,4.057404,7.044480,-0.607645,0.776211,0.353628,-3.670954,-0.090684,3.384131,0.241184,5.529213,-13.223163,12.019455,10.729412,1.733669
-12.735363,-0.227787,-3.163500,-7.212696,-12.690852,13.113024,13.031357,-0.709361,0.492088,-1.395285,-4.211124,6.135546,-1.312963,-3.941833,5.272740,-16.955825,16.447013,8.784314,1.405768
-2.112932,0.052216,-2.514076,-8.557473,-18.515740,14.255070,-0.271687,-4.722545,2.618952,-1.330510,-4.081483,6.780606,0.330373,-2.651743,5.418463,-17.697414,17.941314,11.513725,3.632044
-3.522774,-0.642191,-5.470665,-6.770840,-12.504952,13.228382,3.533532,-0.210025,0.508324,-2.949874,-6.976791,2.209094,0.666804,-2.169589,4.363424,-15.225452,16.483909,9.082353,6.479606
0.974136,3.860258,-5.778286,-8.057984,-16.284932,13.770565,14.705653,-4.925978,1.279515,-3.446479,-10.023346,3.218753,-1.959945,-3.114351,1.862806,-16.782788,16.963561,9.145098,4.736553
-4.300618,3.557855,-4.513619,-6.943740,-15.665263,10.852003,10.575723,-4.491371,3.114137,-2.582818,-8.165164,-1.913680,0.136278,-4.665064,4.171069,-13.050126,14.436164,11.105882,8.447013
-15.506432,5.540276,-4.778515,-4.888151,-16.904601,12.040192,13.630045,-7.478141,3.966506,-0.769131,-7.106432,2.181048,0.899718,-5.733623,5.505898,-16.263676,18.273381,8.329412,9.206363
-7.266148,7.578698,-0.232547,-4.734463,-17.958038,12.928450,12.006485,-7.320943,5.922896,2.663920,-5.356283,2.910246,4.975708,0.951385,7.627634,-19.955138,16.078050,-8.674510,-2.011307
-7.411994,4.319463,-0.531624,-4.042863,-13.124620,12.836164,13.447395,1.361959,4.794522,-0.207752,-7.322499,0.722652,6.528466,-1.524544,2.055161,-15.917601,12.904967,-8.705882,-0.043900
0.998444,9.135515,-0.386358,-4.830518,-16.780667,11.117327,11.996338,-2.984115,1.977646,-0.725948,-9.936919,0.273915,2.698329,-6.287449,-3.802930,-16.848707,12.443763,11.200000,0.870771
6.127352,-0.126986,-0.651255,-3.389685,-18.205905,11.844083,10.555428,-5.527031,0.232319,0.526360,-7.041611,-1.969772,3.474708,-4.456565,0.842741,-16.683909,9.750332,15.435294,-0.596155
1.581827,-1.000595,-1.924468,-3.428107,-15.541329,14.624216,12.239872,-2.068666,0.808682,0.483177,-4.124697,3.611398,4.380484,-5.779232,2.649714,-18.406043,11.668940,2.556863,-2.166629
-5.054154,7.007492,1.912261,-1.699107,-16.284932,13.228382,7.785229,-2.040925,6.028428,3.225299,-1.683131,3.975998,4.613397,-1.765621,2.783780,-21.026322,14.675990,-0.109804,-15.437995
-11.568597,10.177127,0.741588,-2.390707,-16.532799,14.047425,8.180972,-10.492653,8.423178,3.484398,-4.902541,6.612329,5.777966,-3.036164,-0.130694,-22.476539,13.993408,13.474510,-13.263493
-4.519387,11.397940,0.203250,-4.484718,-14.487892,13.412955,10.037919,-10.187503,7.254215,3.873045,-6.436622,5.658762,1.494942,-3.212085,-1.657877,-21.364157,14.546853,8.627451,-10.088029
1.533211,10.244327,1.818265,-3.063096,-15.355428,14.208927,0.347295,-6.044862,8.593652,3.398032,-5.356283,3.443122,-3.939712,-1.954574,1.518898,-19.098192,15.192538,6.556863,-11.986404
-5.175692,14.153170,0.083619,-3.005463,-14.116091,13.343740,3.208820,-2.521767,6.133959,1.433204,-6.242161,6.444053,0.912657,-6.639292,1.145846,-19.312428,6.060700,7.560784,-3.391943
0.147677,5.674678,-2.565347,-3.927596,-14.673793,7.495079,9.753796,-1.782010,6.052781,1.282063,-5.205035,1.423804,7.007233,-5.173281,1.705425,-14.895857,5.064500,1.396078,1.336736
12.155642,15.508385,-3.659113,-6.060029,-15.045594,10.275212,6.070344,-8.106935,5.565713,-0.531624,-7.106432,6.444053,-0.006058,-5.160250,2.620569,-18.331884,11.668940,-3.294118,-2.925978
0.269215,15.205982,-3.069505,-3.235996,-9.034806,9.859922,7.937438,-4.019776,3.755444,0.267262,-6.976791,1.031159,2.517174,-4.143816,-0.031601,-18.315404,9.842573,-1.254902,-0.458091
-6.050767,0.041016,-1.531395,-3.504952,-13.682322,7.875761,5.360037,-8.615518,6.572320,1.843442,-6.847150,0.638514,12.299550,-0.527657,1.478096,-18.471962,10.119295,10.023529,3.045274
1.265827,5.047471,-3.385672,-5.445274,-14.611826,8.094942,3.635004,-7.949737,3.836622,0.763867,-6.479835,6.247730,8.495293,-3.199054,3.174319,-19.139391,10.820325,7.168627,1.768185
-3.741543,5.237873,-3.419852,-3.543374,-11.637415,4.784161,1.960708,-4.371160,3.024842,3.354849,-2.893111,-0.371145,7.602457,-4.267613,4.672358,-12.712291,8.292927,8.454902,-0.302770
-5.175692,2.628244,-2.180819,-1.065141,-8.601038,5.983886,1.849088,-5.711971,4.469810,3.462806,-2.936324,5.602670,-0.226032,-2.931914,5.016266,-10.355688,12.167041,3.105882,-5.014191
0.585214,1.239429,-3.411307,2.123903,-3.457786,8.083406,4.152514,-1.587823,6.223255,4.002594,-3.757382,-2.979431,-5.324254,-5.531640,1.326543,-7.817807,9.252232,1.929412,-4.927901
-0.703090,0.925826,0.203250,-0.757763,-5.874495,9.836851,3.807507,-2.438544,9.673320,6.917449,-3.454887,1.059205,2.905364,-1.446357,3.430793,-12.934768,4.178988,-2.352941,-12.883818
2.140902,3.535454,-0.104372,-2.448341,-7.175799,9.802243,6.719768,-0.043580,8.252705,4.887846,-4.405585,5.827039,3.888777,-1.524544,2.294148,-12.893568,5.562600,-16.203922,-7.982559
-4.276310,7.825101,0.630503,-2.294652,-14.611826,6.687572,7.348898,-0.727855,9.137545,4.304875,-5.226642,2.405417,10.850309,-8.242130,-1.319799,-14.121309,3.588647,1.129412,-2.977752
-12.346441,2.549844,0.459602,-3.063096,-19.135409,5.222522,8.434653,-0.579904,10.176623,5.773098,-6.566262,7.397620,16.039109,-4.625971,-1.238193,-19.444266,7.868620,10.400000,-7.223209
-10.474754,4.453864,0.331426,-2.563607,-16.594766,7.875761,8.891279,0.474250,11.028992,7.111772,-7.884276,6.051408,6.981353,-2.866758,-3.657206,-17.886931,10.488258,0.329412,-1.959533
-0.994781,9.594720,3.382010,-2.851774,-16.346899,13.620600,7.896849,-2.641978,12.392782,8.061799,-6.415015,8.547509,-2.322255,-3.629084,-1.826917,-18.842756,7.112245,-8.800000,-5.808057
-5.904921,9.426719,0.809949,-4.792096,-16.966567,12.443946,7.876555,-2.299840,11.004639,7.111772,-5.507530,3.667491,0.019821,-4.006989,1.571359,-19.806821,8.071550,0.768627,-3.357427
-14.096590,13.604364,2.809491,-4.292607,-20.126879,9.986816,2.802930,-1.550835,12.733730,9.357290,-4.772900,6.892790,4.341665,-4.241550,1.233280,-22.954452,5.802426,9.819608,-7.257725
3.672282,6.805890,0.203250,-3.235996,-18.701640,9.894530,5.329595,-2.373816,11.045228,8.947051,-5.334676,3.246799,9.530465,-2.306416,1.443122,-20.721447,3.662440,-4.862745,-6.135958
5.762737,-0.115785,-3.308766,-2.621241,-14.054124,10.332891,12.757382,-4.916732,7.124331,6.723125,-5.918059,-2.334371,7.589517,-2.032761,1.903609,-14.220188,4.732433,-5.474510,-1.786954
-1.967086,1.597833,-1.625391,-0.584863,-14.611826,8.867842,8.424506,-6.007874,9.364843,7.586786,-4.448798,-1.380804,4.703975,-0.801312,3.733898,-13.289082,2.961410,1.694118,-4.134035
-11.447059,14.377173,-2.488441,-3.235996,-19.445243,-0.960678,9.215991,-2.836164,8.439414,5.665141,-4.513619,-4.129320,8.301198,-2.430213,4.678187,-13.635157,4.437263,8.407843,1.733669
-9.867063,10.669932,0.305791,-2.717296,-19.755077,2.673106,11.346914,4.043580,9.592142,6.852674,-2.331334,-4.493919,-1.067109,-2.137011,6.735805,-13.379721,1.116594,8.690196,-6.153216
-7.655070,8.597910,0.784314,-2.986252,-19.755077,7.760403,2.275273,-0.718608,12.003128,6.269703,-2.698650,-0.960113,-1.183566,0.540902,6.922332,-15.555047,2.758480,7.450980,-3.754360
-4.422156,13.951568,-1.505760,-6.136873,-21.180316,7.541222,5.025177,-5.822934,8.715419,4.650340,-4.772900,4.705196,-2.166979,-0.117174,2.533135,-17.211261,8.624994,7.874510,-0.095674
-4.568002,5.383474,0.750134,-4.215763,-19.135409,11.082719,6.415351,-2.105653,8.796597,7.003815,-3.044358,5.827039,8.521172,1.238071,2.037675,-17.598535,3.939162,-4.172549,-6.049668
-11.033829,10.613931,2.433509,-2.352285,-18.267872,5.372488,4.132219,-3.390982,7.798108,7.025406,-2.741863,1.676219,11.613748,-4.169879,2.189227,-19.320668,7.905516,2.980392,-2.373724
-7.776608,1.138628,2.604410,-2.371496,-18.763607,5.476310,5.918135,-0.459693,8.244587,8.731136,-0.537972,-0.371145,0.162158,-7.382071,7.814160,-18.570840,7.665690,12.407843,-3.823392
-10.669215,-6.074250,2.442054,-0.584863,-23.163256,7.264363,5.532540,-8.273381,8.415061,10.048219,0.520760,8.603601,5.842664,-4.345800,9.364660,-19.518425,6.374319,13.176471,-4.841611
-1.067704,-2.311009,2.390784,2.604181,-22.171786,7.633509,4.893263,-13.285237,8.739773,11.991455,0.131838,10.426596,-0.678920,-3.081773,4.200214,-20.828565,13.808927,1.945098,-5.221286
1.411673,0.869825,2.168612,0.010681,-20.064912,6.110780,-1.763333,-6.285283,8.626123,12.034638,-0.775647,8.856016,-1.028290,-1.342107,5.296056,-19.460746,12.222385,-1.615686,-5.134997
-6.901534,1.586633,-1.403220,-3.658640,-21.738018,2.626963,4.649729,-1.624811,7.164920,9.681163,-2.439368,7.257389,5.182742,-3.681209,6.724147,-19.089952,10.986358,6.980392,-2.149371
-24.062715,7.007492,1.245747,-1.987274,-21.428183,5.949279,11.468681,-0.210025,11.995010,12.811933,0.607187,6.247730,2.167803,-1.348623,9.131502,-19.979858,9.399817,-4.972549,-3.909682
-18.228885,16.180392,3.706722,-0.873030,-23.287190,2.800000,7.196689,-4.306432,12.709377,12.142596,0.672007,3.667491,-2.438712,-1.765621,9.953384,-19.716182,4.289677,-0.894118,-1.735180
-0.144015,8.295506,1.613184,-3.120729,-19.693111,0.262119,8.424506,-2.161135,12.936675,9.681163,-2.201694,-3.708629,2.439536,-4.430503,6.578424,-19.666743,5.839322,2.274510,-3.081300
-6.950149,9.941924,2.459144,-1.795163,-14.363958,2.488533,6.953155,-1.818997,10.265919,9.206149,-2.352941,-3.708629,0.265675,-2.742962,5.395148,-17.087663,5.691737,2.745098,-4.479194
-0.581552,0.231418,-0.676890,-1.910430,-15.355428,3.180682,6.750210,-1.023758,3.365789,7.219730,-1.985626,-1.661265,-5.505409,-6.443824,7.073884,-15.101854,7.462760,12.501961,2.579309
0.050446,0.589822,-1.642481,-2.717296,-18.639673,4.138155,11.864424,-2.928634,4.104509,8.299306,-1.142962,-0.371145,0.705623,-8.737316,7.592660,-18.348363,8.458961,10.321569,-1.459052
-13.464591,7.399496,-0.104372,0.029892,-18.020005,2.730785,10.301747,-1.717281,6.231373,8.212940,-0.127443,2.433463,15.223911,-5.759686,6.747463,-18.496681,-0.174777,4.501961,-5.842573
-11.544289,-0.922194,-2.778973,-1.487785,-14.116091,5.395560,7.988174,5.245686,5.922896,6.636759,-1.294209,-0.651606,18.601160,-3.120867,5.062898,-18.274205,7.333623,0.721569,-8.603845
-9.769833,1.597833,-2.112459,0.644648,-11.885283,7.114397,8.231708,5.227192,7.846815,10.069810,-0.667613,-2.558740,-0.057816,0.579995,5.360174,-15.917601,6.318975,1.913725,-11.813825
-13.124285,5.428275,1.339742,3.257359,-12.690852,6.664500,9.033341,5.948455,7.919875,11.473259,0.434333,-2.138048,-8.610925,0.501808,5.873121,-15.002976,-1.226322,1.694118,-6.636439
-9.551064,6.402686,2.279698,2.316014,-13.620356,10.736645,11.478828,7.908812,5.655009,8.687953,0.326299,0.133684,-9.904891,-5.088579,4.701503,-18.092927,2.813825,-2.211765,-4.876127
-2.501854,3.949859,3.655451,2.892348,-13.620356,8.164157,11.103380,7.178302,6.385611,8.472038,0.844862,-0.455283,-11.043580,-4.013504,6.217029,-17.161822,-1.687526,-4.611765,-3.633555
-6.488304,-0.216587,1.331197,3.257359,-9.592508,6.964431,9.895857,4.108309,5.679362,6.356069,-0.257084,-5.587716,-9.154391,-3.635599,8.717647,-14.417945,1.061250,4.549020,-2.442756
-13.343053,1.519432,-1.061418,3.468681,-8.539071,6.745251,10.697490,4.681621,5.216648,4.261692,-1.661524,-3.540352,-4.599634,-3.316335,3.716411,-14.731060,2.850721,10.243137,-2.494530
-5.880613,7.332296,0.297246,1.086503,-13.620356,3.261433,3.513237,0.853376,6.255726,5.341268,-0.170657,-1.436896,-0.847135,2.091615,5.296056,-16.123598,8.864820,2.603922,-8.621103
-7.533532,3.893858,-4.265812,-2.179385,-14.921660,1.381094,2.315862,-4.842756,3.357671,4.153735,1.946807,4.228412,1.921950,1.166400,14.062791,-16.428473,13.126345,5.254902,-6.532891
-15.725200,9.807523,-5.675746,-1.852796,-14.549859,-1.456718,9.418936,-4.269444,2.740719,4.974212,1.968414,-1.521035,5.092164,4.091905,12.966949,-15.143053,5.913115,0.627451,2.734630
-24.451637,7.500298,-3.180591,0.087526,-14.116091,-0.522316,8.028763,-3.455711,7.676341,8.515221,1.946807,-9.261753,16.970764,10.190509,12.220844,-13.668116,5.082948,-5.850980,-3.564523
-12.662440,1.541833,-2.095369,-1.391730,-16.718700,-2.206546,7.024186,-3.307759,8.561181,10.285725,0.131838,-6.737606,8.767025,7.545174,10.617884,-17.433738,2.186587,9.207843,-3.184848
-11.981827,5.786679,0.228885,-0.853819,-18.081971,-3.221698,2.468070,-6.775372,6.231373,10.717556,0.542367,-3.484260,-1.170626,4.554513,9.825147,-17.087663,-0.838911,20.925490,2.320439
-28.511009,8.329107,0.194705,-0.834607,-18.020005,-1.606683,6.496529,-7.746304,4.810758,8.687953,1.060929,1.732311,-0.316609,0.970932,11.463081,-14.895857,8.016205,16.611765,3.649302
-12.881209,8.866712,1.074846,-2.083330,-21.118349,1.507988,12.523995,-2.947127,1.027863,6.593576,-0.775647,5.322210,-9.128511,-1.029358,8.548608,-20.185855,9.086198,14.635294,1.095125
-9.599680,3.188251,-1.915923,-0.565652,-19.011475,3.146075,9.520409,0.465003,0.435264,4.261692,-1.942412,1.479896,2.892424,3.583688,6.910674,-19.518425,6.282078,12.047059,-1.510826
-4.665232,-0.462989,-4.522164,-1.026719,-17.028534,3.642115,8.049058,3.803159,1.182101,3.505989,-3.778988,-1.549081,-0.640101,4.652247,5.570016,-17.425498,12.609796,9.349020,-1.148409
0.171984,-4.842237,-1.557031,0.529381,-19.693111,4.749554,9.489967,3.488762,-0.522637,3.959411,-4.772900,3.443122,-6.294728,5.140917,4.940490,-18.562600,9.141543,12.141176,-0.820508
-5.175692,2.919448,-2.975509,-1.103563,-19.135409,2.465461,9.672618,4.663127,0.743740,1.411612,-4.988968,-0.988159,-5.440711,2.280568,7.726726,-15.975280,11.152392,10.290196,2.562051
-10.669215,2.471443,-2.907149,-0.565652,-19.817044,-2.437263,5.705043,3.118883,-0.084276,3.160525,-1.553491,-0.567468,-2.568109,0.254215,10.355581,-13.528038,8.108446,14.039216,7.618631
-23.916869,2.583444,-0.582895,2.412070,-18.081971,-4.882856,2.721752,0.418769,-1.017823,5.470817,0.650401,-0.960113,2.374838,3.446860,12.401541,-12.292058,7.942412,13.113725,8.239918
-13.464591,3.233051,-1.095598,0.260426,-11.885283,-2.910231,-1.377737,1.278737,-0.831113,4.693523,-0.516365,-1.633219,-6.657038,0.599542,11.031739,-11.377432,13.421515,14.070588,3.235111
-14.679973,-0.563790,0.758679,0.490959,-12.628885,-3.383200,4.801938,2.231174,1.823407,7.241321,1.320211,0.470237,-6.346487,3.707485,9.953384,-9.943694,3.238132,3.984314,7.635889
-13.488899,2.717845,-1.001602,-0.239063,-14.611826,-1.064500,10.017624,1.750332,2.213062,4.391241,0.780041,-3.428168,-2.749264,2.710597,11.970199,-10.701762,4.806226,-1.788235,7.842985
3.234745,-5.615045,-4.624704,-0.642496,-16.284932,-2.875624,8.607156,-9.401511,-2.535851,0.677501,-0.754040,6.135546,0.886778,2.762722,12.488975,-13.330282,10.728084,4.643137,5.996384
-6.002152,-7.586267,-6.179904,-2.640452,-16.284932,-3.406271,8.394064,-1.180957,-1.545480,2.642329,-2.028840,2.713924,8.805844,7.362737,11.060883,-14.080110,8.145342,7.639216,4.253330
-16.964889,-5.816648,-7.025864,-1.430152,-12.504952,-4.963607,4.741054,11.468894,-1.464302,3.829862,-2.979538,-7.354620,11.898421,7.792767,10.367239,-11.459831,7.186038,11.482353,3.338659
-12.929824,-4.271031,-2.787518,3.487892,-13.558389,-5.367361,5.146944,5.754269,0.508324,7.219730,-0.429938,-4.521965,2.840665,9.506371,7.919081,-13.742275,6.798627,5.411765,3.131563
-10.766445,7.668299,-2.479896,0.241215,-18.081971,-0.291600,7.318456,3.590478,2.066941,8.407263,-1.445457,-2.418509,-1.092988,3.622782,5.628305,-17.870451,1.319524,14.556863,0.128679
-9.891371,11.745144,-1.309224,-1.141985,-20.932448,-0.176242,8.901427,3.340810,1.880232,10.307317,-0.926894,-0.707698,-6.734676,4.489357,8.397055,-18.669718,-0.340810,8.172549,3.701076
-9.283680,9.561120,0.357061,-1.295674,-19.321309,-1.468254,8.353475,3.627466,4.072038,12.444877,0.023804,-8.448417,-4.314961,5.010605,8.717647,-16.560311,2.444862,4.501961,1.681895
-14.679973,13.010758,-2.949874,-2.025696,-20.684581,-3.094804,7.014038,2.601053,4.494163,10.069810,-2.590616,-9.570260,-0.523644,4.391623,7.138003,-14.731060,3.422614,12.360784,6.462348
-8.457221,1.239429,-1.924468,1.240192,-19.755077,1.646418,7.470665,-0.034333,4.339925,9.378882,-2.785077,-8.083818,-4.664332,8.809201,6.729976,-14.945296,5.581048,12.862745,1.474800
-5.491691,-8.168673,-4.633249,-1.506996,-18.143938,2.949966,5.968872,-0.062074,1.693523,7.845884,-3.282033,-1.745403,-1.196506,6.111742,8.764279,-13.330282,10.801877,16.941176,-3.443717
-4.422156,-2.389410,-7.974365,-4.830518,-23.287190,3.699794,6.719768,2.009247,-0.335927,5.665141,-4.146304,1.171389,5.363897,3.205783,9.323857,-17.507897,10.691188,11.733333,5.444129
-5.564614,-0.328588,-5.504845,-2.986252,-22.419654,1.877134,10.839551,3.793912,-0.928527,5.319677,-4.297551,-4.437827,7.434241,0.944869,8.070634,-17.730373,7.887068,13.333333,4.805585
-9.186450,1.194629,-4.855421,-1.391730,-18.701640,-1.237537,8.272297,4.977523,-0.311574,6.140154,-3.887022,0.638514,0.602106,2.873487,8.181384,-12.481575,8.422065,4.909804,5.961868
-4.835386,4.442664,-3.291676,1.048081,-17.524269,-0.868391,2.234684,2.739757,-0.108629,8.364080,-2.460975,0.189776,-5.104280,6.033555,8.379568,-10.866560,8.883268,-3.952941,6.842023
-13.950744,6.962692,-3.052415,1.624414,-16.594766,1.738705,8.434653,2.471595,-2.527733,9.897078,-0.321904,-4.465873,-14.731380,3.160174,9.965042,-10.981918,7.794827,5.772549,8.930236
-17.767041,8.273106,-3.488212,0.260426,-19.073442,6.318425,13.000916,2.721263,-2.121843,11.559625,0.239872,-13.552804,-3.616220,3.407767,10.641199,-13.165484,1.928313,11.137255,3.424949
-15.239048,10.401129,-1.770657,-0.930663,-22.543587,3.284504,9.875563,0.335546,-0.303456,11.257343,-0.602792,-16.553735,12.286610,6.698146,10.087449,-14.492103,-1.097185,6.854902,2.562051
-21.680568,10.423529,-3.727474,-2.890196,-16.718700,4.115084,10.524987,-0.561410,-1.431830,9.098192,-2.028840,-17.254887,19.558694,7.727611,9.353002,-11.583429,-4.067338,2.886275,8.343465
-16.648890,4.554665,-3.522393,-1.987274,-13.434455,2.615427,9.236286,0.936599,-0.238514,10.112993,-2.677043,-14.730739,19.118746,8.385687,7.138003,-10.825360,-2.757519,0.533333,4.356878
-5.224308,0.634623,-3.573663,-1.756741,-15.541329,3.353719,9.429084,3.747677,0.451499,8.968643,-1.337423,-6.821744,-1.804669,5.395026,7.884108,-14.343786,5.747082,2.792157,2.113344
-6.293843,4.252262,-6.077363,-2.448341,-15.665263,5.072557,10.129244,2.009247,0.297261,8.795911,-0.559579,1.367712,-16.284138,0.130419,10.699489,-16.708629,12.757382,9.458824,-0.820508
-11.374136,1.911437,-5.239948,-0.700130,-15.851164,-2.033509,6.354467,-1.532341,1.579873,12.574426,2.249302,3.975998,-20.994171,0.319371,9.912581,-12.028382,9.658091,14.980392,6.341543
-14.218128,2.012238,-2.676432,0.049104,-15.107561,-3.913848,2.985580,-0.533669,2.229297,16.007477,2.595010,-5.784039,-13.320958,2.489067,9.189792,-11.451591,7.942412,13.333333,8.291691
-11.422751,5.865080,-1.394675,2.642603,-14.425925,-5.540398,3.645151,-0.339483,2.870603,17.324559,0.823255,-4.185412,-11.211795,5.870665,7.079713,-16.601511,8.237583,9.239216,1.612863
-7.825223,3.333852,-0.933242,4.198703,-12.566918,-4.663676,5.289006,-2.808423,1.734112,16.007477,2.054841,-3.259892,-13.023346,5.219104,7.143832,-14.475624,2.666239,9.019608,2.993500
-9.040604,5.932280,-0.352178,1.989425,-16.656733,-1.941222,6.547265,-2.586496,1.758465,16.504082,2.162875,-10.495781,-7.200504,2.059037,10.256489,-13.684596,3.791577,5.678431,5.375097
-4.956924,8.340307,-0.335088,-0.027741,-20.002945,-5.805722,4.253986,0.150607,2.261769,15.769970,0.844862,-10.271412,-7.795727,4.717403,11.486397,-13.223163,-0.156329,5.929412,8.964752
-4.859693,9.919524,1.109026,2.123903,-18.081971,-3.002518,6.679179,3.516503,4.307454,14.604028,-1.445457,-1.801495,-1.739971,3.687938,7.138003,-16.197757,-3.845960,-4.517647,2.493019
-6.099382,6.077882,-0.215457,3.026825,-14.487892,2.073243,4.670024,3.618219,4.697108,13.027848,-2.482582,-1.997818,-3.189212,3.127596,3.582345,-14.310826,4.068299,-5.929412,0.853513
-7.606455,12.573953,-0.711070,1.432303,-15.727230,2.580819,-1.245823,3.128130,2.229297,11.538033,-3.411673,-6.036454,-6.695857,1.159884,4.421714,-13.486839,8.864820,4.925490,2.182376
-15.700893,14.533974,-1.804837,0.721492,-19.011475,4.761089,10.880140,3.488762,0.264790,11.797131,-3.584527,-0.118730,-6.359426,-3.042679,4.060319,-17.631495,6.632593,8.094118,2.130602
-11.349828,-1.717403,-2.377356,0.913603,-20.746548,5.949279,13.640192,3.553491,0.037491,14.798352,-1.747951,-0.202869,-6.165332,0.078294,5.465095,-17.384298,5.046052,8.831373,3.528496
-16.235660,6.346685,-1.719387,2.469703,-18.577707,4.357336,10.108949,2.785992,0.954803,18.533684,-1.726345,-4.465873,0.213916,2.026459,3.838819,-16.807507,2.075898,4.564706,1.336736
-18.933806,13.436362,-1.027237,5.005570,-12.690852,1.900206,9.439231,5.236439,-0.173571,18.490501,-2.180087,-7.494850,-2.710445,0.808042,0.766964,-13.709316,2.684688,2.949020,-1.648890
-14.923049,10.009125,2.057527,8.482780,-15.107561,0.354406,7.633021,-0.764843,0.443381,19.073472,0.347906,-7.831403,-0.730678,1.348836,1.268254,-13.635157,1.393317,0.658824,0.025132
-6.707073,2.359442,-0.958877,3.545525,-14.116091,-0.441566,5.187533,-6.285283,-0.303456,17.885939,2.443763,-2.755062,-0.407187,-0.586297,5.482582,-13.486839,0.489357,4.831373,3.977203
-7.752300,0.937026,-0.505989,1.931792,-13.496422,-0.637675,3.868391,4.293248,0.159258,18.101854,3.048753,-11.281071,-1.364721,-0.273548,8.437858,-13.346761,1.061250,8.313725,-1.372763
-21.510414,0.690623,-1.240864,5.140047,-10.955779,-1.179858,8.475242,10.128084,-0.230396,17.151827,2.292515,-18.096269,-1.739971,1.003510,7.079713,-10.701762,0.434012,10.258824,3.097047
-4.932616,-2.669413,-4.214542,5.716381,-5.068925,-1.237537,2.346304,11.718563,-4.565301,15.532464,0.931289,-8.420371,-8.494469,1.609461,7.277897,-10.067292,6.079149,-0.235294,-1.217441
-22.750103,13.369162,-1.061418,7.944869,-7.113832,-2.829480,3.421912,10.562692,-4.540948,17.087053,1.860380,-4.017136,-14.032639,5.134401,6.421042,-7.224537,2.555550,-8.470588,3.770108
-23.941176,12.305150,-2.112459,5.466636,-12.628885,0.031403,13.396658,9.212634,-5.620615,16.223392,-0.408331,-2.895293,-13.088045,-0.469017,2.434043,-11.896544,2.906065,2.619608,8.567819
-2.769238,2.874647,-2.300450,6.331136,-12.752819,-2.921767,10.626459,9.665736,-7.211704,17.259785,1.276997,-6.961975,-12.958648,-4.469596,4.439200,-12.868849,-1.798215,11.560784,3.079789
-12.565209,-0.720592,-0.993057,7.406958,-11.823316,-1.560540,9.632029,7.853330,-5.693675,19.548486,3.070359,-10.439689,-11.341192,2.241474,8.455344,-6.845502,-5.819913,1.490196,8.188144
-11.592905,-2.445411,-1.779202,6.600092,-13.930190,7.898833,10.900435,9.231128,-4.995544,21.470130,1.168963,-10.804288,-5.997116,6.326757,6.409384,-11.533989,3.459510,-16.094118,5.858320
-20.416571,1.172229,-0.360723,8.559625,-10.274144,1.830991,0.124056,7.317006,-2.381613,22.117876,2.573404,-10.467735,-11.975235,5.186526,7.435279,-7.183337,1.633143,-0.047059,5.306065
-14.995972,4.017060,-3.351492,3.872114,-14.054124,-1.237537,0.844511,3.044907,-2.625147,20.261006,-0.818860,-6.597375,-3.952651,1.335805,7.726726,-12.745251,1.872969,15.858824,1.664637
-12.492287,2.897047,-7.034409,1.086503,-17.462303,-1.779721,8.668040,2.785992,-3.282689,20.887160,-0.689220,-6.260822,6.929595,-0.227939,6.234516,-17.021744,1.965209,8.345098,6.548638
-13.926436,-4.864637,-8.546883,1.816526,-14.983627,-3.290913,8.891279,5.837491,-4.508476,20.174640,0.650401,-3.652537,2.814786,0.084810,6.718318,-11.962463,0.747631,7.121569,10.966674
-3.863081,-6.320653,-10.537881,1.854948,-11.885283,-1.779721,8.180972,6.586496,-6.099565,19.591669,-1.294209,-6.737606,-10.668330,-1.276951,4.584924,-11.410391,5.728634,12.815686,12.692470
-20.513802,-2.187808,-8.000000,2.853925,-10.088243,-3.060197,3.563973,2.120211,-2.454673,22.182650,1.385031,-5.924269,-12.829252,1.277165,6.485161,-9.037308,6.189837,14.274510,13.900526
-20.197803,-0.608591,-8.076905,2.008637,-13.062654,1.069627,8.069352,2.453101,-4.224353,19.138247,0.974502,-0.034592,-8.326253,-1.309529,6.654200,-10.726482,5.525704,11.921569,8.861204
-7.266148,-2.154208,-6.786603,2.354437,-12.319051,2.707713,10.646754,3.340810,-3.842817,19.591669,0.672007,-12.627283,-8.015702,-2.612650,5.849805,-9.737697,3.570199,7.670588,9.068299
-19.857496,9.236316,-3.590753,3.372625,-14.054124,-5.505791,8.931868,7.326253,-1.253239,22.290608,-0.862074,-18.012131,-5.401892,0.508324,6.403555,-9.614099,0.876768,10.321569,8.982010
-12.151980,14.365972,-6.615702,2.527337,-14.921660,-6.544015,7.470665,9.684230,-2.300435,21.167849,-4.038270,-9.345892,-6.307668,0.182544,2.795438,-11.014878,2.481758,7.592157,5.098970
-7.995377,-1.415000,-7.410391,1.489937,-12.628885,-3.071733,6.354467,7.511192,-1.586069,21.556497,-3.670954,-6.737606,-0.394247,4.033265,3.349187,-10.471046,2.573999,5.772549,2.820920
-12.103365,-3.419821,-7.213855,1.970214,-14.487892,-7.339986,7.947585,3.812406,-2.414084,22.398566,-2.482582,-1.885634,-2.011704,3.740063,6.257832,-9.951934,5.285878,4.407843,7.635889
-13.051362,0.869825,-7.632563,1.605203,-16.099031,-8.205173,6.151522,-0.848066,-1.220768,26.155489,1.363424,1.451850,-0.187213,4.280858,9.347173,-11.097276,4.566400,-5.176471,7.860243
-21.534722,-3.251820,-6.453346,1.163348,-16.222965,-4.963607,6.953155,2.499336,0.516442,25.464561,0.823255,-2.811154,-1.934066,5.909758,9.183963,-12.794690,5.470359,4.266667,7.842985
-11.641520,-7.597467,-8.709239,1.701259,-12.628885,-2.356512,3.969863,3.368551,-2.625147,22.592889,-0.970108,-6.373007,-9.206149,3.824765,6.525963,-9.144427,10.174640,10.352941,8.878462
-11.763058,-3.711025,-7.393301,2.123903,-12.938720,-0.879927,3.432059,1.223255,-0.652522,23.240635,-1.402243,-5.475532,-11.095338,4.183124,5.010437,-10.718242,8.717235,11.545098,6.703960
-16.308583,-0.608591,-5.351034,1.835737,-16.532799,-3.533165,1.108339,1.140032,0.751858,22.204242,-2.028840,-2.727016,-14.472587,4.632700,6.345266,-11.723507,13.956512,13.819608,7.601373
-16.259968,-3.643824,-6.111543,2.488914,-14.735760,-3.129412,-0.048447,0.686931,-1.927016,22.722438,-0.170657,0.975067,-8.882658,1.596429,12.034318,-11.682307,13.107897,13.913725,-0.820508
-14.120897,-3.072618,-6.359350,2.104692,-16.842634,-6.497871,3.848096,-2.059419,0.305379,23.866789,-0.689220,-1.380804,-3.590341,4.469810,11.643778,-12.860609,7.923964,12.109804,1.319478
-12.711055,-6.589456,-8.811780,-0.392752,-14.425925,-7.143877,4.943999,-3.640650,0.459617,23.780423,-3.476493,-3.287938,-4.250263,7.923079,7.213779,-9.342184,11.798077,5.521569,12.554406
-13.124285,-0.429389,-5.470665,0.606226,-13.558389,-2.160403,6.455940,-8.818952,3.244022,25.550927,-4.902541,-3.372076,-6.294728,6.815427,5.360174,-11.154955,7.591897,5.458824,8.326207
-11.908904,4.353063,-4.795605,-0.373541,-17.090501,-6.290227,5.725338,-4.990707,3.909682,25.011139,-4.038270,-6.485191,-6.941711,7.923079,7.085542,-11.657588,6.374319,3.905882,10.379904
-20.489494,2.751446,-7.982910,-1.141985,-16.966567,-9.012680,6.476234,-0.034333,1.328222,24.536126,-3.152392,-3.287938,-10.357778,3.042893,8.595239,-11.772946,8.772580,14.117647,14.711650
-16.600275,3.513054,-6.991684,1.682048,-17.090501,-9.439506,3.462501,-2.392309,1.539284,27.321431,-0.581186,-11.757855,-5.194858,4.091905,8.875029,-10.907759,4.031403,16.031373,10.604257
-9.137835,-4.248631,-9.486839,1.835737,-14.611826,-7.351522,0.966278,-0.885054,0.207965,27.083925,-0.429938,-9.486122,-4.094987,5.727321,8.093950,-9.160906,3.607095,12.345098,9.189105
-11.592905,-5.917449,-7.282216,6.062181,-13.248554,-6.520943,3.635004,-0.284001,0.297261,27.062333,-0.624399,-7.578988,-8.015702,6.632990,7.610147,-8.163882,-2.056489,11.168627,8.930236
-16.332891,-4.528634,-3.522393,6.638514,-12.257084,-7.409201,7.277867,2.887709,-0.043687,26.436179,0.693614,-13.384527,-4.276143,8.125063,9.685252,-6.606546,-0.322362,-1.725490,8.826688
-10.571984,-0.765393,-6.795148,1.240192,-14.673793,-5.967224,6.811093,-0.154543,-0.766171,25.097505,-1.359030,-1.633219,-8.597986,0.267247,7.248753,-10.602884,8.071550,5.364706,7.894759
-11.811673,5.450675,-4.949416,2.316014,-16.718700,-6.001831,4.619287,-2.290593,0.686915,29.221485,-0.257084,-3.568399,-7.304021,1.068666,7.452766,-13.346761,6.208286,2.917647,6.427832
-11.398444,2.695445,-3.368582,4.678981,-13.496422,-4.675212,4.365606,0.853376,3.252140,29.696498,-0.192264,-6.990021,-8.520348,0.697276,5.272740,-12.728771,7.093797,-3.654902,6.565896
-5.661845,1.989837,-3.727474,7.445380,-7.051865,-6.751659,5.116503,0.603708,3.787915,30.214694,-0.429938,-16.076951,-12.311666,1.446571,4.165240,-9.902495,0.858320,3.513725,2.924468
-14.923049,5.159472,-3.137865,7.944869,-7.051865,-10.500801,3.269703,-0.468940,1.214572,31.164721,0.153445,-12.543145,-11.729381,5.010605,6.228687,-10.067292,-3.071138,6.901961,6.583154
-9.162142,-5.659846,-7.376211,6.869047,-8.848905,-6.890089,6.395056,3.747677,-2.186786,27.515755,-0.473152,-2.867247,-18.225086,-0.429923,5.855634,-11.814145,5.636393,10.478431,7.532341
-9.429526,-9.266285,-6.239719,4.871092,-10.212177,-8.228244,2.305715,4.034333,-0.076158,29.718090,1.449851,-5.335302,-5.130159,4.137514,9.463752,-12.654612,3.404166,0.439216,6.859281
-22.555642,-2.691814,-6.872053,2.316014,-12.504952,-10.777661,-4.218967,0.085878,1.441871,30.322652,0.304692,-4.690242,6.373190,7.499565,10.402213,-9.655299,2.795377,2.901961,9.603296
-36.848524,-3.375021,-8.452888,4.160281,-6.246296,-6.740124,4.801938,-2.077913,-0.993469,30.106737,0.542367,-8.252094,-9.917830,6.431006,12.768765,-3.739071,6.171389,15.121569,6.686702
-28.608240,6.660288,-6.974594,2.066270,-10.274144,-15.022843,3.553826,-2.577249,-1.107118,32.524987,0.477546,-7.046113,-15.844190,8.092485,10.833555,-4.439460,3.275029,12.376471,12.174731
-12.783978,2.639445,-11.101854,0.529381,-12.442985,-17.145434,3.401617,2.499336,-1.715953,33.626154,1.039322,-6.990021,-18.975586,3.974624,11.294041,-4.455940,5.212085,12.376471,9.085557
-14.607050,-15.650355,-9.521019,2.911559,-9.902342,-14.619089,3.990158,1.019821,-2.341024,35.245518,4.409979,-2.558740,-17.707500,5.838087,15.473396,-4.900893,3.810025,12.439216,6.807507
-10.644907,-15.975158,-8.897230,3.968170,-6.742031,-18.483589,4.619287,-0.607645,-5.125429,33.993210,4.820508,-12.318776,-11.768200,9.447730,15.467567,0.446784,3.699336,0.517647,13.745205
-8.505837,-10.263096,-9.965362,3.468681,-2.714183,-13.534722,-0.961700,0.612955,-3.566812,33.151141,3.264820,-11.701762,-14.744320,5.466697,12.698817,0.636301,4.990707,0.345098,11.432639
-11.884596,-5.480644,-6.778058,2.623392,-8.663005,-12.288853,-4.929274,-3.141314,0.686915,32.611353,1.320211,-15.263615,-9.594339,4.684825,11.107515,-4.192264,3.367269,15.435294,10.483452
-13.002747,-1.078996,-10.674601,-0.123796,-9.840375,-13.223255,6.953155,0.677684,-0.157336,28.077134,-1.013321,-21.686168,-1.196506,1.635523,12.803738,-2.923323,0.802976,8.705882,15.401968
-7.873838,-0.395789,-12.024720,-4.234974,-14.425925,-10.893019,4.781643,-3.788602,2.627070,28.077134,-2.655436,-2.755062,8.456474,-0.729641,11.556344,-8.707713,-1.060288,0.392157,13.727947
-14.947356,-2.837415,-7.974365,-0.450385,-17.276402,-6.163333,5.532540,-14.579812,2.830014,31.488594,-0.689220,-4.521965,-1.765850,3.388220,12.762936,-7.067979,5.562600,11.011765,5.806546
-8.019684,-3.901427,-9.888457,1.124926,-14.240024,-4.848249,5.928283,-4.888991,-2.227375,30.193103,-2.849897,-4.886564,-17.021698,1.251102,9.574502,-7.545892,6.595697,16.925490,8.809430
-12.711055,0.601022,-7.051499,2.200748,-12.133150,-8.758892,2.112917,4.357977,-2.194903,33.950027,-1.877592,-5.026795,-19.803723,1.681132,5.931411,-9.721218,5.894667,13.003922,9.637812
-25.958709,-3.935027,-3.095140,5.197681,-12.071183,-4.525246,7.561990,-0.136049,-1.456184,37.404669,0.996109,-4.437827,-19.544930,0.104356,8.461173,-7.982605,8.661891,8.768627,6.099931
-20.100572,3.255451,-2.078279,3.257359,-15.975097,-6.728588,8.089647,-4.195468,0.021256,37.188754,0.585580,-7.298528,-9.749615,-3.498772,9.014923,-12.250858,5.212085,9.803922,5.547677
-17.548272,8.821912,-1.206683,3.468681,-13.620356,-11.019913,8.739071,0.992081,2.943664,36.411460,0.153445,-6.064500,-9.529641,-1.563638,5.768200,-13.363241,2.389517,4.564706,-0.233738
-10.596292,-4.416632,-5.769741,3.026825,-10.274144,-5.909545,2.752193,0.585214,2.326711,33.928435,-1.747951,-0.427237,-7.394598,-0.006409,7.872450,-12.794690,-0.008743,7.529412,1.474800
-7.971069,0.052216,-4.727245,3.968170,-10.460044,-6.174868,-1.164645,-0.228519,3.942153,35.547799,1.017716,-5.755993,-15.520699,1.081697,8.239673,-10.355688,0.341772,4.141176,4.098009
4.450126,-5.211841,-6.846418,1.624414,-10.336110,-10.500801,7.328603,2.379126,3.203433,34.597772,2.011627,0.975067,-24.112627,-1.316045,8.297963,-7.018540,-0.064088,-6.839216,7.463310
-3.595697,-2.658213,-9.264668,0.875181,-13.868223,-17.606867,6.110933,-4.278691,0.841154,34.144350,2.227695,-4.746334,-10.111925,-1.146639,13.229252,-6.565347,-5.303365,9.741176,12.088441
-12.638132,-2.221408,-6.530251,4.563714,-13.682322,-15.299702,4.619287,-1.763516,0.402792,36.044404,4.150698,-11.253025,-15.210147,-0.462501,13.328344,-6.309911,-2.351659,13.678431,11.035706
-10.304601,-12.223117,-7.760739,3.161303,-10.645945,-5.263539,6.466087,2.859968,0.069963,38.181964,3.632136,-5.868177,-17.241672,1.713710,11.369818,-6.285191,5.046052,-6.556863,9.775875
-6.901534,-4.875837,-4.693065,2.892348,-12.071183,-5.874937,2.468070,0.862623,1.596109,42.478676,2.638224,-1.717357,-16.620569,-1.889418,7.487739,-8.378119,4.381918,-6.509804,4.840101
4.207050,-4.898238,-2.984054,1.009659,-13.682322,-6.105653,3.482795,-1.005264,0.459617,45.004883,1.514672,-3.035523,-20.321309,-8.685191,5.593332,-11.237354,0.802976,7.325490,2.631083
1.241520,-3.207019,-4.146181,-1.391730,-17.276402,-3.740810,7.521401,-0.764843,1.100923,44.227588,-0.883680,2.405417,-15.028992,-9.369329,3.459937,-15.151293,3.016754,6.588235,1.526574
-1.359396,-0.709392,-4.787060,-0.949874,-16.099031,-4.894392,5.958724,-2.170382,3.414496,39.887694,-2.806683,11.127749,-16.038285,-7.675273,2.422385,-16.000000,8.145342,5.082353,-2.390982
7.148272,5.114672,-9.127947,-3.543374,-15.355428,-0.776104,3.959716,-4.454383,6.669734,35.072786,-6.134127,16.961334,-8.313313,-3.225116,-0.486259,-17.804532,12.314626,-1.521569,-16.369924
17.940856,8.362707,-12.349432,-8.615106,-17.648203,4.784161,-0.028153,-8.966903,10.671809,31.639734,-9.591211,27.534707,-3.551522,-4.026535,-3.808759,-20.696727,11.502907,-3.372549,-19.700710
26.837446,10.076326,-10.204623,-7.808240,-18.515740,9.998352,0.692302,-16.706615,11.589120,31.920424,-8.359625,26.356771,-3.499763,-7.571023,-4.997864,-22.839094,5.322774,-7.858824,-14.264454
37.848798,9.527520,-11.059129,-7.846662,-22.171786,12.351659,1.575113,-13.516411,11.369940,30.797665,-9.958526,32.947601,0.951476,-13.200504,-8.337850,-28.920119,12.001007,-18.070588,-16.162829
32.598352,14.287572,-15.271839,-16.261128,-27.624872,7.621973,-4.249409,-15.763424,12.847379,28.033951,-15.511467,47.054780,13.554696,-12.783505,-11.403876,-31.944152,25.874022,-15.670588,-15.230900
44.582010,18.935622,-17.399557,-21.256016,-30.599283,8.452552,-7.161669,-20.756786,17.247227,27.710079,-20.070497,57.431830,19.558694,-10.242420,-15.763928,-34.234836,29.084001,-20.674510,-24.671000
51.801373,19.484428,-17.331197,-19.661494,-28.492409,5.753170,-10.307317,-20.349920,18.830198,27.925994,-20.697093,63.742199,-2.128161,-12.249226,-16.055375,-34.383154,31.980362,-14.854902,-22.841657
66.653330,25.207691,-18.091707,-21.736294,-31.714687,4.368872,-12.133822,-23.789792,16.273091,26.716869,-21.885466,70.725673,-12.518700,-18.452079,-17.949783,-35.841611,36.721538,-13.301961,-19.131197
82.939437,16.303593,-21.689174,-26.808026,-37.911376,9.467704,-17.917754,-26.582376,16.467918,22.895171,-24.953628,83.598825,-0.044877,-22.889204,-19.057282,-40.991531,47.384573,-17.725490,-22.341176
78.685603,11.509941,-25.226825,-30.054704,-42.930694,7.356649,-17.653925,-30.909957,17.425818,17.907530,-27.546441,95.153811,5.881483,-19.761715,-19.919966,-43.241016,56.903822,-11.984314,-21.443763
87.460655,10.221927,-29.473716,-32.187137,-44.975601,8.106477,-12.712215,-33.591577,19.130556,13.740368,-31.543694,107.830640,5.053346,-20.087495,-23.959426,-43.496452,61.073106,-16.298039,-24.136004
77.056992,17.076402,-28.209049,-30.554192,-44.293965,4.541909,-17.846723,-35.672145,23.968765,15.769970,-31.608515,108.868345,13.360601,-16.477852,-24.367453,-44.007324,59.172946,-20.345098,-26.293248
93.610483,13.805966,-25.901884,-29.785748,-45.719203,2.350103,-21.124285,-40.378851,22.832273,18.404135,-30.160861,103.763958,19.131685,-15.656886,-24.822110,-46.627604,58.748638,-22.807843,-29.537743
108.267979,9.393118,-28.764477,-33.992981,-51.358190,4.241978,-23.458152,-45.067063,19.301030,16.417716,-32.019043,111.672953,15.068635,-21.983536,-25.702281,-50.681621,71.791485,-11.796078,-31.177249
95.968322,14.858778,-26.252232,-33.589548,-52.163760,-5.701900,-29.952392,-43.319387,20.129046,22.096284,-27.524834,122.526787,16.026169,-18.106752,-23.994400,-52.873426,73.986816,-16.392157,-35.612543
90.742184,12.013947,-22.364233,-27.557259,-45.905104,-4.986679,-26.268940,-37.835935,22.694270,30.495384,-23.916503,116.188373,14.214618,-11.903899,-22.525505,-49.346761,65.611353,-42.023529,-37.200275
93.950790,20.134035,-24.782483,-31.630014,-49.065415,-1.998901,-28.065003,-41.090867,23.700877,29.070344,-29.858366,118.235737,11.924300,-16.191165,-27.987228,-50.640421,66.386175,-23.701961,-38.270268
91.228336,14.074769,-22.560769,-33.243748,-49.437217,-3.833097,-33.443046,-42.265232,25.827741,30.128328,-28.345892,119.890455,13.554696,-16.119493,-28.430228,-50.953536,72.086656,-16.360784,-41.687343
86.561273,12.506752,-21.971160,-30.285237,-45.657237,-10.108583,-30.662699,-39.370932,27.475654,32.611353,-24.780774,110.887663,13.942885,-18.054627,-24.081834,-46.808881,69.725292,-22.713725,-39.046876
77.567453,20.402838,-24.885023,-31.668437,-46.152972,-19.164202,-30.682994,-42.006317,25.998215,31.186313,-23.657221,117.141939,19.403418,-17.318364,-20.374624,-46.742962,68.286336,-14.227451,-42.998947
70.275166,15.497185,-26.474403,-30.842359,-45.781170,-11.977386,-25.599222,-37.761959,24.780545,24.989548,-25.472190,120.030686,17.190738,-12.698802,-19.651835,-48.432136,73.986816,-14.713725,-47.192630
90.815106,6.716289,-30.558938,-31.860548,-43.054627,-10.523873,-32.986419,-38.187320,20.429404,17.454108,-29.080522,123.564492,8.081224,-15.148669,-23.568887,-43.570611,77.012314,-16.266667,-29.123552
102.020920,-0.642191,-30.447852,-32.187137,-42.992660,-8.055207,-33.889525,-38.242802,16.500389,13.697185,-29.771939,122.246326,7.757733,-11.350072,-22.350637,-42.186313,74.300435,-15.623529,-28.640330
95.871092,-3.061418,-30.550393,-33.070848,-42.992660,-7.282307,-29.911803,-40.462074,16.581567,14.819944,-28.518746,118.291829,9.685740,-17.122896,-18.089677,-41.939117,76.643351,-6.572549,-32.212726
90.669261,7.769100,-25.645533,-30.669459,-41.815290,-10.143191,-36.487221,-53.500298,19.065614,22.506523,-22.965805,112.598474,12.558343,-28.603388,-17.489296,-39.796750,71.422522,-9.050980,-20.287480
92.662486,18.790021,-22.518044,-30.784726,-45.967071,-6.705516,-30.601816,-37.503044,20.835294,26.090715,-23.441154,103.231083,10.255085,-29.867414,-21.534585,-45.951934,63.231540,-13.396078,-26.690181
72.511467,14.377173,-23.833982,-30.611826,-42.620859,-11.804349,-25.710842,-27.396109,19.487739,30.473793,-23.527581,104.268788,15.845014,-24.843885,-21.668650,-42.285191,62.641199,-15.607843,-29.555001
69.302861,11.453941,-20.518502,-24.598749,-37.911376,-10.143191,-25.944228,-33.249439,17.312169,31.359045,-21.539757,95.097719,19.571633,-21.990051,-19.815045,-40.142824,55.557107,-14.007843,-29.624033
63.177340,5.181872,-20.125429,-22.562371,-34.503197,-6.094118,-19.439841,-25.213825,15.924025,29.890822,-20.416205,86.768032,3.694682,-24.902525,-16.556664,-37.151751,55.962966,-9.584314,-23.928908
51.533989,2.717845,-19.698177,-21.198383,-34.317296,-6.947768,-15.817273,-23.928496,13.967636,31.315862,-17.348043,81.467323,9.970413,-24.433402,-12.412284,-34.836347,48.989563,-6.933333,-21.944244
59.944427,1.844236,-18.442054,-19.430961,-33.139925,-4.548318,-20.586481,-19.841337,14.682002,32.330663,-15.533074,73.810742,15.081575,-19.761715,-10.587823,-34.160678,41.554955,-20.235294,-22.824399
48.471229,2.617044,-18.219883,-15.819272,-27.191104,-4.075349,-18.181582,-20.516365,13.764691,34.640955,-15.122545,69.912337,3.824079,-19.807324,-11.497139,-30.205539,40.558755,-16.345098,-16.680568
52.311833,5.137072,-17.185931,-14.666606,-29.421912,2.719249,-12.844129,-21.015702,11.191348,34.597772,-15.900389,67.247959,1.482002,-17.794003,-12.715389,-33.229572,39.654795,-16.454902,-23.014237
51.290913,9.045914,-17.109026,-16.184283,-30.599283,8.291051,-7.658885,-12.980087,11.605356,34.252308,-15.317006,69.744060,-1.287083,-20.211292,-11.800244,-32.578622,38.861524,-33.678431,-23.566491
44.217395,15.037980,-16.724498,-15.704005,-29.669780,0.285191,-8.886702,-14.746258,9.145663,33.151141,-13.199542,60.797360,-0.161334,-26.101396,-8.460258,-31.268482,31.722087,-8.643137,-20.684413
30.094667,17.300404,-13.212482,-15.338994,-27.562905,-5.298146,-9.576715,-14.237675,11.093935,35.742123,-13.394003,55.889296,1.507881,-22.811017,-9.666850,-30.123140,35.596201,-8.078431,-17.785077
26.521447,14.858778,-12.409247,-13.840528,-24.340627,-3.175555,-4.716182,-12.194095,12.327840,36.908064,-15.576287,53.505379,-2.555169,-23.573342,-12.890257,-31.062486,34.839826,-6.525490,-15.990249
40.012177,9.964324,-10.520790,-11.880995,-25.951766,-0.856855,-6.522393,-11.315633,10.606867,35.461433,-16.030030,45.007416,-1.118868,-20.211292,-10.302205,-34.935225,28.917967,0.674510,-20.856992
32.330968,16.337194,-10.631876,-14.186328,-29.607813,-1.825864,-6.491951,-6.386999,10.022385,33.734112,-17.801785,45.932937,1.779614,-21.077867,-11.129915,-35.479057,29.250034,-0.439216,-14.247196
42.686015,6.044282,-12.733959,-14.743450,-28.182574,-2.298833,-6.055619,-11.343374,7.075624,31.596551,-16.678233,42.651545,-2.593988,-22.250675,-7.702495,-32.801099,30.043305,3.341176,-5.946120
39.842023,-3.128618,-10.922408,-10.094362,-24.340627,-4.998215,-9.597009,-17.612818,7.522103,33.194324,-13.545251,45.792706,-2.399893,-17.578988,-4.887114,-29.686427,28.788830,-2.494118,-3.719844
24.382376,5.450675,-13.503014,-10.689906,-21.923919,-6.382513,-12.377356,-3.178302,9.145663,33.669337,-13.696498,31.769665,7.188388,-16.946975,-3.383246,-25.269856,24.767132,1.568627,-10.467704
22.753765,10.849134,-13.827726,-11.823362,-21.118349,-9.024216,-6.278859,-0.977523,10.087327,33.798886,-13.502037,16.232136,20.153918,-14.119203,-2.188312,-24.594186,17.074250,3.388235,-16.801373
13.273793,9.706722,-17.382467,-12.265217,-19.879011,-13.223255,-2.615702,-6.710643,6.905150,32.568170,-12.529732,24.505730,17.527169,-14.106172,-0.369680,-19.328908,17.701488,1.631373,-5.307576
18.767315,4.073060,-18.689860,-16.933516,-21.366217,-5.321218,-2.930266,-6.719890,4.299336,34.230716,-9.461570,29.862531,-1.908186,-16.060853,2.830411,-15.884642,28.050904,-6.305882,-0.423575
20.152850,0.130617,-13.793545,-17.336950,-26.633402,-3.810025,-4.726329,-15.846647,6.361257,40.060426,-6.847150,40.379812,-8.442710,-15.298528,2.107622,-20.894484,29.785031,-2.996078,-2.218402
21.757153,-2.479011,-16.510872,-18.335927,-26.819303,-6.036439,-8.166247,-13.285237,5.906661,38.851301,-9.007828,38.472679,-5.181918,-15.950088,0.084977,-18.883955,31.851225,4.501961,-0.578897
14.902403,2.605844,-12.674144,-16.606928,-25.394064,-2.910231,-4.766918,-20.581094,9.681437,38.203555,-9.051041,36.172900,-3.771496,-14.985779,-2.275746,-18.966354,31.574502,3.325490,-4.358389
5.106432,4.431464,-8.000000,-11.285451,-24.588495,-6.290227,-5.051041,-14.727764,9.657084,39.304723,-6.890364,35.583932,-3.732677,-15.272465,-1.523812,-23.934997,30.338476,2.447059,-5.445640
16.895628,6.973892,-9.239033,-12.073106,-26.199634,-7.282307,-1.337148,1.574640,3.073548,34.921645,-7.603388,30.086900,-10.810666,-21.677302,-2.275746,-27.066148,28.881071,5.976471,-2.684367
7.026734,14.589975,-4.231632,-7.539284,-24.340627,-9.658686,5.593423,1.177020,4.226276,38.138781,-5.637171,24.449638,-9.283787,-14.568780,1.268254,-27.099107,24.398169,-11.937255,-6.446601
-6.925841,17.882811,-2.189364,-4.465507,-19.445243,-12.300389,8.495537,7.418723,4.210040,40.988861,-5.680385,14.072587,-13.010407,-14.809857,-1.815259,-24.816663,22.571801,-5.490196,-4.617258
9.676265,3.625055,-5.342489,-5.080262,-17.090501,-12.150423,3.371176,1.574640,-0.871702,39.779736,-6.955184,15.306615,-16.361776,-16.152071,-3.324956,-20.045777,17.350973,7.592157,5.237034
17.284550,-2.781415,-7.008774,-2.928618,-14.549859,-11.146807,-2.118486,3.165118,-3.339513,40.708171,-5.161822,12.193500,-10.280140,-11.838743,-0.375509,-19.674983,17.129595,-1.254902,2.078828
2.772900,-4.058228,-12.520333,-6.655573,-12.504952,-8.135958,0.306706,6.272099,-4.654597,38.268330,-4.146304,7.678080,-9.283787,-16.503914,3.005280,-15.604486,20.579400,16.329412,-1.010346
1.824903,-13.399130,-14.237888,-9.498817,-12.938720,-12.196567,-1.367590,0.354040,-4.370474,39.758145,-1.877592,4.761288,0.563287,-11.499931,8.950805,-11.682307,21.243534,16.423529,-0.716960
-7.241840,1.889036,-12.451972,-8.749584,-15.417395,-11.458274,-3.802930,-0.025086,0.069963,42.370718,-1.964019,1.087251,7.291905,-9.186893,5.231937,-14.681621,18.273381,10.854902,-1.976791
-5.394461,4.521065,-11.964904,-8.499840,-16.037064,-10.489265,-7.953155,-4.195468,2.635187,45.868544,-2.223301,5.266117,10.656214,-6.763088,3.477424,-14.788739,14.860472,-3.686275,4.874617
4.911971,-5.951049,-10.879683,-10.132784,-18.577707,-14.192264,0.337148,-3.945800,2.180591,49.042496,-1.985626,14.156725,1.779614,-8.183490,1.000122,-18.109407,19.786130,-3.670588,2.562051
0.026139,-4.831037,-11.170214,-12.053895,-21.490150,-10.466194,5.532540,-4.787274,1.433753,49.603876,-2.396155,17.662486,-5.013703,-12.601068,0.667872,-21.603113,24.269032,9.270588,-1.907759
-4.081849,-4.259831,-6.948959,-7.424018,-24.526528,-6.209476,4.903410,-2.549508,1.547402,53.144884,-0.062623,14.885924,-8.041581,-10.685481,0.848569,-26.011444,21.852323,6.070588,-2.321950
1.703365,-5.111040,-7.444572,-6.175296,-22.233753,-6.094118,7.633021,2.471595,0.451499,51.763027,-2.050446,11.211887,-11.043580,-10.470466,-2.048417,-25.665370,21.686290,7.686275,-6.204990
-1.529549,0.500221,-5.880827,-5.330007,-14.859693,-9.208789,5.979019,4.237766,0.289143,51.611887,-2.914717,5.995315,-10.694209,-8.900206,-4.001114,-22.682536,19.048203,1.537255,-3.064042
-23.552255,5.517876,-2.300450,-1.929641,-14.611826,-17.041611,7.430076,7.002609,2.862486,54.051728,-0.624399,10.791196,-14.149096,-7.251759,-1.477180,-19.081712,14.307027,0.298039,-0.164706
-15.579355,0.052216,-6.684062,-6.213718,-20.374746,-13.580865,6.222553,6.420050,0.759976,50.035706,-4.038270,8.547509,-3.305669,-11.675853,0.323964,-19.246509,18.033555,7.733333,2.665599
-30.625772,6.828290,-4.077821,-6.213718,-22.791455,-10.316228,7.693904,3.137377,0.078080,51.352789,-2.655436,-0.230915,-5.647745,-11.473869,3.407477,-19.699702,16.982010,15.388235,8.982010
-21.388876,8.239506,-3.154955,-4.427085,-21.304250,-13.557794,4.598993,1.121538,1.271397,52.669871,-1.402243,-2.979431,-5.259556,-4.749767,9.358831,-16.700389,15.782879,-0.815686,2.803662
1.241520,0.511421,-7.436027,-6.597940,-21.552117,-9.808652,6.669032,6.762188,1.328222,48.653849,-6.911971,-0.174823,-3.331548,-9.382361,3.162661,-19.526665,20.247333,-8.109804,4.443168
-12.127672,-1.190997,-7.367666,-6.674784,-20.808515,-13.926940,1.970855,1.445182,3.836622,50.316396,-5.529137,0.862882,-5.595987,-11.154604,1.991043,-15.035935,16.022705,11.874510,11.173770
2.529824,-3.072618,-8.717784,-9.594873,-22.915389,-10.962234,-4.076905,0.039643,1.953292,50.489128,-4.513619,0.442191,-0.458946,-8.971878,3.803845,-18.397803,17.111147,7.545098,7.860243
1.654749,-6.331853,-11.905089,-13.379461,-25.703899,-11.527489,1.037308,-4.250950,-0.563226,49.193637,-4.924147,7.453712,-3.473884,-7.564508,5.581674,-20.260014,24.545754,6.054902,14.435523
-6.852918,-10.229496,-13.383383,-12.591806,-22.791455,-15.080522,-0.657282,-20.275944,-0.076158,51.180056,-3.778988,7.734173,-1.558816,-4.489143,8.653529,-14.970016,23.494209,21.521569,14.314717
-17.669810,-9.064683,-14.622416,-12.995239,-20.560647,-14.769055,-1.834363,-0.764843,-0.717464,51.849393,-5.961273,4.480827,0.433890,-3.980926,5.721569,-15.382010,21.077501,18.164706,16.696315
-15.943969,-6.567056,-9.580835,-7.731395,-18.949508,-18.679698,-6.674601,5.661799,1.263279,56.124514,-2.590616,0.610468,-2.128161,-1.426810,6.222858,-14.582742,17.572351,11.043137,6.445090
-12.492287,-5.234241,-4.513619,-6.809262,-16.966567,-16.014923,-5.416342,0.511238,-0.400870,57.247272,-0.365118,0.189776,-6.488823,-2.821149,9.370489,-15.530327,15.118746,12.047059,-1.251957
-13.902129,-9.165484,-4.359808,-10.517006,-19.383276,-18.656626,1.828794,1.519158,-2.633265,53.036927,-1.964019,-0.090684,-9.063813,-5.505577,11.049226,-15.176013,17.683040,15.011765,10.414420
-22.555642,9.751522,-0.565805,-5.214740,-18.887541,-26.454841,3.361028,-1.310414,-1.618540,53.749447,-1.186175,-6.681514,-6.812314,-6.424277,8.228016,-15.901122,16.557702,10.290196,11.795056
-27.879011,11.431540,-2.223545,-7.327962,-16.284932,-25.808835,0.519799,6.475532,0.678798,52.648280,-4.103090,-7.186343,-1.765850,-6.026825,5.558358,-14.706340,15.672190,5.521569,14.936004
-16.794736,-4.416632,-4.496529,-7.385595,-17.152468,-14.688304,1.412757,1.870542,3.755444,50.985733,-6.177340,-3.624491,0.304494,-6.183200,4.672358,-14.755779,14.473060,9.443137,8.809430
-29.459007,1.721035,-4.445258,-4.004440,-12.752819,-11.146807,4.517815,3.775418,4.120745,50.057298,-3.951843,-4.101274,-6.682918,-11.343557,4.911345,-13.750515,15.782879,10.070588,6.807507
-29.167315,1.273030,-5.744106,-4.350240,-14.054124,-12.634928,4.507668,4.949783,6.312551,50.726635,-1.359030,-2.446555,-12.635157,-12.249226,10.425528,-14.673381,14.251682,11.388235,5.599451
-19.274113,4.935470,-7.658198,-6.982162,-16.408865,-17.122362,-1.286412,1.824308,4.453574,52.713054,-1.575097,-5.223117,-5.065461,-8.580941,11.008423,-13.387961,9.086198,9.913725,8.792172
-6.585534,-6.197452,-10.640421,-7.308751,-11.823316,-18.264408,-2.960708,-1.855985,3.154726,51.590295,-2.050446,-13.608896,-2.102281,-5.069032,8.134752,-6.639506,13.808927,2.133333,16.368414
-12.297826,-8.504677,-8.974136,-6.982162,-12.628885,-16.384070,-3.041886,-1.097734,5.370886,53.188067,-1.164569,-9.177615,-5.052522,-2.469306,9.935897,-6.870222,13.882719,-1.913725,14.314717
-13.877821,-7.205463,-10.794232,-12.572595,-11.947250,-19.937102,-7.455940,1.944518,3.284611,52.648280,-1.294209,-0.343099,-7.562814,-3.954864,10.827726,-5.683680,14.140993,8.470588,11.415381
-11.131060,-11.360708,-9.948272,-12.687861,-13.496422,-20.087068,-5.142367,1.066056,2.692012,54.354009,-0.192264,1.479896,-5.401892,0.162997,12.605554,-8.823072,14.823575,-0.407843,11.656992
-17.013504,-1.392599,-6.538796,-11.765728,-16.470832,-16.960861,-4.178378,-1.282673,4.891936,56.642710,-1.726345,-3.876905,0.744442,0.032685,9.364660,-13.445640,14.786679,1.003922,7.307988
-16.114122,-1.471000,-8.914321,-12.188373,-14.735760,-17.433829,-6.116503,-4.445136,5.468299,53.166476,-4.600046,-5.307256,-1.054170,-3.485740,6.409384,-11.756466,17.424765,21.098039,4.149783
-26.469169,0.545022,-6.803693,-10.747539,-16.160998,-20.871504,-5.264134,2.249668,5.395239,54.159686,-4.319158,-1.464942,3.202976,-1.179217,6.625055,-11.871824,14.952712,5.223529,12.934081
-16.964889,-1.885405,-6.205539,-7.270329,-14.425925,-16.476356,-0.474632,-5.249622,2.545892,53.015335,-3.260426,-0.623560,-0.251911,-7.336461,4.147753,-11.814145,10.894118,9.725490,12.053925
-12.467979,-3.005417,-5.351034,-4.830518,-12.195117,-18.033692,4.294575,-1.375143,-1.553597,50.510719,-2.072053,-6.288869,-9.296727,-12.692287,5.552529,-10.990158,8.200687,17.756863,13.952300
-13.148592,-1.258198,-0.796521,-0.988296,-12.442985,-20.917647,4.446784,4.903548,-1.675364,52.194858,0.304692,-6.344961,-12.156390,-13.304753,6.403555,-9.927214,8.661891,8.078431,8.084596
-15.603662,-1.963806,-0.454719,0.318059,-8.043336,-16.107210,-3.031739,6.817670,-0.303456,52.389181,1.082536,-3.484260,-14.420829,-11.206729,5.832319,-6.252232,8.311376,6.431373,-0.164706
-18.471962,-1.672602,-1.420310,-0.930663,-3.519753,-19.579492,-1.296559,9.527031,-0.262867,53.814221,1.320211,-16.974426,-13.385657,-7.616632,7.610147,-3.747311,7.481209,4.611765,4.667521
-25.496864,1.273030,-2.018463,1.566781,-5.750561,-25.647333,2.944991,3.756924,-1.090883,54.354009,2.443763,-13.833265,-12.298726,-6.580652,8.886687,-5.420005,5.562600,5.678431,11.743282
-42.901122,13.077958,-1.104143,-3.235996,-10.583978,-19.637171,3.990158,3.645960,0.605737,54.138094,2.206088,-8.560601,-9.180270,-5.766201,10.769436,-6.705425,8.458961,-0.203922,11.121996
-37.626368,5.193072,-2.155184,-6.770840,-10.645945,-20.444678,2.884108,-8.744976,-0.027451,56.577935,4.323552,-9.990951,-3.939712,-0.442954,18.795895,-1.802701,6.651041,-0.109804,8.377981
-29.021469,-1.067796,-5.257038,-7.885084,-11.141680,-27.781460,-3.133211,-4.223209,-2.868681,57.959792,2.357336,-6.429099,-0.226032,1.830991,15.473396,-1.918059,4.437263,3.341176,15.678096
-10.377523,-1.549401,-8.247807,-10.517006,-9.592508,-26.708629,-5.416342,1.029068,-3.225864,56.038148,-1.272602,-8.588647,-1.080049,-0.240970,9.376318,-4.010986,6.724834,7.639216,10.138293
-12.127672,-13.701534,-10.401160,-8.960906,-7.113832,-23.974640,-8.998322,-1.402884,-3.696696,53.036927,0.067018,-3.596445,-1.519997,0.267247,13.514870,-0.813916,8.108446,11.043137,10.414420
-24.913481,-10.666300,-9.854276,-8.038773,-6.989899,-21.840513,-5.456931,-3.659144,-7.000641,50.877775,2.162875,-6.232776,-6.514702,-5.459968,14.039475,-0.195926,13.698238,15.121569,21.079835
-11.276905,-10.173495,-5.086137,-3.697063,-7.113832,-19.648707,-0.910964,-5.064683,-7.853010,51.676661,5.144610,-13.356481,-23.142153,-7.557992,14.692317,0.339666,10.322225,13.615686,19.233234
-18.666423,-11.450309,-3.018235,-0.411963,-4.573190,-18.114443,-0.423896,13.799130,-7.333471,51.525521,3.286427,-15.824537,-18.703853,-9.167346,9.382147,-2.115816,7.555001,9.600000,14.815198
-20.319341,-8.751080,-4.308537,-0.143008,-0.979110,-21.136828,-2.625849,7.501946,-6.635340,52.086900,2.703044,-18.488914,-1.274144,-3.283757,8.542779,-0.583200,5.285878,-1.270588,13.814237
-23.989792,-10.240696,-1.941558,2.834714,-5.440726,-21.909728,-1.925689,4.866560,-5.888502,54.181277,5.598352,-17.170748,-10.474235,0.045716,12.092607,0.380865,0.323323,-0.784314,19.595651
-26.809476,-9.355886,-2.565347,1.220981,-6.556130,-26.835523,-3.995727,5.532341,-7.926070,53.727855,6.332982,-10.327504,-14.394949,-5.987732,14.348409,-1.341268,4.086748,16.752941,14.176654
-16.648890,-8.000671,-1.685206,-0.623285,-6.432197,-30.111696,-6.542687,-1.088487,-4.752010,55.584726,7.737423,-12.963836,-9.464942,-0.091112,18.201343,-0.558480,7.038453,7.545098,2.993500
-35.681758,0.119417,-2.257725,-1.987274,-5.626627,-23.697780,-4.289998,3.017166,-3.169039,52.453956,5.619959,-16.133043,-13.113924,-2.013214,16.388540,-0.871595,8.993957,11.576471,10.794095
-45.380499,12.383551,-4.188907,-2.851774,-3.643687,-19.510277,0.357443,-4.324926,-2.024430,49.474327,2.703044,-9.514168,-18.250965,-5.681498,12.086778,0.389105,9.030854,12.392157,16.679057
-25.059327,6.458686,-4.522164,-3.082307,-7.671534,-21.148363,1.118486,3.192859,-2.576440,48.632258,1.039322,-7.270481,-20.411887,-5.375265,9.801831,-1.662623,4.843122,9.380392,14.418265
-17.037812,-4.226230,-6.692607,-5.541329,-8.353170,-19.314168,-6.755779,3.063401,-3.534340,49.085679,2.162875,-4.297597,-15.701854,-6.320027,15.811475,-2.692607,10.469810,7.905882,12.053925
-11.033829,-7.575067,-6.948959,-5.656596,-7.795468,-14.999771,0.560388,-0.959030,-2.000076,54.807431,4.755688,-7.018067,-12.699855,-7.584054,14.762264,-2.066377,6.079149,-5.992157,11.484413
-2.915084,-9.411887,-8.350347,-5.464485,-6.432197,-14.976699,6.669032,6.669718,-2.219257,56.988174,3.696956,-12.262684,-12.195209,-8.685191,10.816068,-3.458915,-1.189425,-3.670588,6.531380
-23.722408,-3.554223,-6.743877,-3.677852,-1.350912,-18.702770,2.985580,7.261524,-0.465812,60.248493,5.944060,-11.505440,-11.276493,-7.108415,10.058305,-1.530785,-0.838911,-0.831373,4.943648
-31.039002,-6.712657,-2.966964,0.683070,-1.474846,-23.247883,0.935836,-2.068666,-2.876799,64.415656,9.638819,-19.330297,-2.684565,-1.713497,12.302449,1.081254,-6.354910,0.533333,10.949416
-29.726390,-8.045472,-3.983825,2.661814,-2.776150,-23.443992,-1.083467,0.021149,-5.368963,63.724727,9.682033,-21.153292,-3.900893,-0.045502,17.262882,0.446784,-3.901305,0.549020,9.223621
-28.681163,-13.488731,-7.145495,0.433326,0.446128,-27.089311,-4.990158,11.589105,-7.544533,60.183719,9.898100,-18.488914,-4.302022,-1.257404,16.965606,2.778668,-6.742321,6.525490,11.070222
-22.045182,-10.498299,-6.906233,0.452537,0.941863,-29.880980,-8.216983,9.314351,-6.740871,56.815442,7.478141,-21.966629,0.110399,-1.120577,14.558251,2.490272,-7.590936,8.549020,14.331975
-21.996567,2.236240,-5.769741,2.681025,2.800870,-29.211902,-3.610132,7.427970,-4.281178,54.310826,4.258732,-18.292592,-14.187915,-2.905852,10.792752,2.308995,-1.779767,7.137255,8.222660
-27.271321,-5.861448,-3.924010,4.947936,3.482506,-27.746853,-3.782635,4.949783,-5.149783,54.073320,5.274250,-14.057633,-14.472587,2.925612,12.156725,3.668574,-1.337011,1.913725,10.328130
-42.852506,-1.459800,-1.531395,6.004547,2.429068,-25.889586,-3.782635,8.195468,-6.619104,54.440375,5.598352,-3.764721,-10.409537,-3.140414,11.492226,-1.061112,3.035203,2.290196,7.204440
-35.754681,3.244251,-2.257725,4.160281,-0.297475,-26.270268,-1.235676,6.309087,-8.193957,55.390402,5.987274,-8.280140,-18.548577,-8.848081,13.491554,-2.016938,3.016754,15.686275,4.494942
-13.270130,-11.147906,-3.223316,0.779126,-3.705653,-20.237034,-4.919127,3.183612,-5.880385,58.110933,5.490318,-15.039246,-13.256260,-5.042969,12.424857,-3.739071,2.629343,9.364706,7.635889
-11.690135,-13.802335,-4.966506,1.585992,-0.607309,-16.084138,-3.975433,4.727855,-3.615518,58.953002,4.863722,-7.663127,-7.329900,-5.042969,8.251331,-3.697871,8.329824,-6.101961,-1.976791
-16.770428,-7.283864,-3.932555,3.430259,0.198260,-20.352392,-5.771496,2.360632,-3.095979,61.479210,6.181735,-6.513237,-8.248615,-2.801602,9.393805,-0.649119,0.452461,-13.490196,5.582193
-15.822431,-12.424720,-3.787289,1.048081,-4.015488,-19.833280,-5.142367,-2.022431,-5.604379,62.839475,6.549050,-7.831403,-11.599985,-3.850614,12.226673,-2.766766,0.839872,0.125490,11.191028
-23.698100,-9.311086,-5.282673,2.027848,-6.122362,-24.216892,-9.759365,-1.449119,-7.479591,61.975814,7.456535,-14.001541,-12.893950,-5.642405,15.222751,-2.857404,7.868620,16.000000,12.261021
-19.419959,-6.029450,-1.984283,1.778103,-6.494163,-25.347402,-13.970474,-0.672374,-5.271550,63.854276,6.505837,-11.224979,-9.891951,-3.511803,11.171633,-5.238727,3.533303,9.411765,12.899565
-20.465187,-8.191073,-1.693751,3.257359,-4.139422,-21.921263,-1.367590,3.220600,-4.954955,62.429236,3.588922,-9.289799,-9.684916,-2.984039,7.371160,-8.213321,3.496407,4.862745,4.805585
-23.527947,-5.189441,-0.693980,5.043992,-1.412879,-23.570886,0.722744,4.561410,-5.734264,61.263294,3.264820,-15.375799,-7.135805,-1.192248,7.371160,-7.776608,-0.968048,3.058824,7.411536
-21.704875,-8.874281,0.194705,3.180514,-6.432197,-22.175051,-0.708019,-0.071321,-4.614008,62.126955,3.200000,-18.012131,0.162158,1.361868,9.160647,-10.141451,0.138842,5.976471,7.377020
-19.711650,-6.835859,0.066529,3.641581,-9.964309,-21.436759,1.453346,2.980179,-2.917388,61.198520,2.465370,-16.161089,5.066285,-1.244373,7.907424,-14.335546,0.747631,5.160784,2.009796
-21.631952,-1.415000,1.365377,0.279637,-11.823316,-23.213275,0.316854,3.599725,-2.771267,62.321279,2.249302,-12.346822,-4.030289,0.449683,9.189792,-15.522087,-0.174777,8.658824,4.598489
-34.004532,-2.221408,-1.104143,-2.083330,-10.831846,-25.670405,-1.793774,-1.125475,-4.070115,61.738308,0.045411,-9.710491,-2.762203,1.765835,10.303120,-10.883040,4.677089,13.992157,13.883268
-26.858091,-0.272587,1.382467,1.336248,-7.423667,-23.386313,2.772488,-7.681575,-3.745403,61.479210,0.023804,-6.316915,3.319432,4.039780,8.723476,-8.724193,-0.377707,-5.113725,6.893797
-37.358984,3.389853,3.689631,2.700237,-4.139422,-24.805219,1.473640,9.564019,-4.143175,61.673533,3.178393,-13.047974,-7.756909,1.342321,12.652186,-4.653696,-7.388006,-3.372549,7.118151
-39.765438,0.108217,-1.463035,0.452537,-5.502693,-22.774914,3.817655,7.178302,-8.754086,57.851835,2.638224,-24.855375,-15.391302,-1.974121,15.898909,-1.168231,1.965209,10.431373,21.390478
-16.381506,-4.304631,-10.110628,-7.596918,-14.487892,-19.106523,0.113909,2.832227,-11.108248,51.827802,-3.649348,-14.730739,-10.888304,-1.133608,13.427436,-4.991531,18.550103,10.149020,21.701122
-4.519387,-16.848768,-14.630961,-11.381506,-13.744289,-17.860655,-10.784237,9.906157,-9.119387,49.452735,-6.933577,-5.279210,-8.339193,-3.453162,9.720226,-6.919661,24.988510,16.611765,19.250492
-13.731975,-19.592798,-10.486610,-5.695018,-10.893812,-24.147677,-6.025177,-0.062074,-8.226429,54.591516,-3.476493,-2.670924,-17.875715,2.130709,12.675502,-5.518883,24.748684,22.447059,11.915862
-20.100572,-16.131960,-8.076905,-5.464485,-8.848905,-30.215518,-3.965286,4.727855,-9.711986,56.837034,-1.272602,-0.343099,-11.457649,3.746578,13.852949,-4.340581,20.745434,7.435294,12.709728
-23.430716,-15.359152,-7.786374,-6.847684,-12.814786,-23.709316,1.585260,-0.404211,-7.187350,58.132525,-2.158480,-5.812085,1.067933,-1.140124,11.270726,-8.625315,21.852323,2.258824,19.233234
-26.882399,-6.376654,-2.548257,-4.964996,-17.090501,-26.973953,-6.552834,0.243076,-3.428809,63.811093,-0.883680,-7.018067,-0.096635,-5.284047,10.763607,-11.731746,19.952163,18.180392,6.997345
-25.983017,-6.387854,-1.898833,-6.040818,-14.611826,-27.043168,-5.903410,2.841474,-3.055390,64.869078,-1.445457,-14.310048,-0.368368,-1.153155,9.387976,-10.635843,17.922866,15.419608,8.498787
-32.983612,-5.155840,-5.667201,-8.057984,-19.073442,-24.736004,0.996719,-0.154543,-1.740307,63.400855,-4.319158,-5.279210,-1.856428,3.557626,7.196292,-11.468070,22.202838,11.184314,12.036667
-24.524559,0.332219,-3.924010,-7.424018,-19.693111,-25.831907,-1.793774,-3.899565,-3.290806,60.183719,-3.303639,3.330938,-5.595987,2.384817,7.097200,-11.674067,22.313527,12.078431,3.373175
-36.094987,-1.056596,-6.043183,-7.443229,-17.524269,-25.520439,1.808499,-3.011856,-7.706889,53.857404,-3.390066,4.200366,-6.838193,1.127306,10.512963,-8.567636,27.645045,15.168627,8.982010
-27.587320,0.108217,-7.649653,-7.039796,-20.126879,-28.542824,-2.260548,-1.245686,-9.046326,50.834592,-5.399496,4.256458,-0.420127,0.912291,9.941726,-10.248569,25.117647,18.588235,9.948455
-12.783978,4.543465,-9.444114,-7.270329,-16.346899,-29.258045,-4.361028,-1.412131,-8.624201,49.862974,-6.847150,-6.316915,9.802197,3.635813,8.362081,-10.454566,21.261982,8.454902,7.290730
-29.483314,-2.591012,-10.606241,-5.579751,-9.902342,-26.028016,-3.579690,4.089815,-7.503944,51.223239,-5.421103,-7.803357,8.469413,4.723919,7.907424,-8.575875,28.844175,2.447059,9.534264
-25.132250,-5.962249,-6.863508,-1.987274,-9.034806,-27.077775,-1.641566,-6.423987,-8.948913,53.382391,-2.785077,-7.102205,1.559640,4.078874,7.837476,-6.153353,22.700938,3.262745,16.402930
-15.190433,-10.935103,-9.324483,-3.869963,-7.485634,-28.865827,-2.575113,0.677684,-16.498466,51.180056,-2.396155,-6.485191,4.471061,-3.159960,8.595239,-4.563058,15.395468,13.098039,18.025177
-16.697505,-19.010391,-6.769512,-1.795163,-7.981369,-26.881666,-1.245823,7.039597,-17.391424,55.152895,-0.149050,-10.439689,5.014527,-3.831067,8.682673,-8.790112,14.639094,15.074510,15.471000
-23.333486,-18.259983,-3.736019,0.394903,-7.237766,-26.581735,-1.174792,3.840146,-14.728786,59.449607,1.147356,-9.682444,-6.475883,-1.531060,9.766857,-5.658961,16.760632,13.521569,13.607141
-23.139025,-17.274372,-5.445029,1.240192,-5.626627,-24.551431,0.063172,11.487388,-13.827710,58.154116,-0.278691,-8.196002,-15.507759,0.795010,8.717647,-4.274662,21.686290,8.188235,7.894759
-24.305791,-15.415152,-3.078050,2.930770,-5.254826,-21.459831,0.945983,7.039597,-11.790143,57.052949,0.758434,-6.232776,-16.982879,4.528450,9.836805,-4.233463,21.243534,-2.760784,7.273472
-17.378119,-10.845502,-3.624933,0.452537,-6.494163,-19.764065,-3.305715,1.787320,-16.482231,49.798199,0.391119,-4.578058,-14.873716,-0.286580,10.320607,-2.511330,21.612497,7.419608,8.464271
-22.118105,-7.776669,-4.906691,-1.353307,-10.583978,-20.063996,5.938430,6.568002,-15.646098,46.494697,0.218265,-5.755993,-10.150744,0.228153,12.273304,-5.378805,20.726986,1.349020,10.017487
-28.049165,-5.906249,-5.838102,-2.602029,-10.150210,-20.467750,7.490959,7.224537,-15.516213,46.969711,0.153445,-4.774380,-10.047227,-2.319448,11.101686,-5.980316,18.753033,9.019608,11.070222
-23.746715,0.757824,-7.632563,-2.986252,-5.564660,-26.166445,2.813077,5.486107,-16.977417,48.265202,-1.510277,-10.607965,-12.881010,-2.925399,5.121187,-4.810254,18.550103,19.372549,15.522774
-26.031632,-10.419898,-2.377356,-1.065141,-4.759091,-23.870817,3.411765,5.652552,-11.457313,55.433585,1.968414,-14.338094,-12.544579,1.296712,5.377661,-4.060426,19.251133,10.980392,7.635889
-30.723003,-13.611933,0.596323,2.085481,-4.821057,-21.725154,-0.657282,2.425360,-10.937774,59.579156,2.897505,-12.122454,-6.333547,-2.540978,6.438529,-2.000458,14.620645,10.745098,6.168963
-34.126070,9.964324,-0.830701,0.548592,-3.705653,-28.831220,1.504082,2.323644,-8.819028,61.911040,2.098054,-4.634150,-5.803021,-4.899626,5.097871,-3.500114,10.174640,-4.752941,6.427832
-29.313161,14.085969,1.211566,-2.333074,-5.502693,-26.339483,5.086061,3.710689,-5.620615,64.825895,1.925200,-12.627283,-4.780789,-2.964492,2.923674,-5.329366,9.713436,-8.172549,-0.389059
-26.250401,0.713024,-0.890517,0.068315,-1.784680,-21.229114,6.019608,3.803159,-8.616083,61.587167,-0.905287,-20.480186,-1.830549,-2.006699,1.658793,-3.096361,10.396017,-2.227451,5.185260
-15.700893,-5.379843,-4.334173,0.990448,1.003830,-20.663859,1.879530,5.523095,-14.899260,55.260853,-2.525795,-14.366140,-11.496468,-1.622278,3.011109,1.880522,12.517556,3.152941,5.858320
-18.010117,-11.763912,-5.624475,-2.640452,-2.032547,-18.310552,3.766918,1.805814,-15.053498,51.568704,-3.476493,-12.346822,-11.276493,-1.055421,6.735805,2.473793,17.111147,8.894118,9.396201
-25.764248,-8.571878,-5.308309,-4.311818,-5.626627,-19.717922,6.039902,1.556146,-15.719158,49.495918,-2.936324,-9.093477,1.080873,-0.605844,8.496147,-1.720302,13.532204,8.737255,10.569741
-23.892561,-6.197452,-6.666972,-6.924529,-11.017746,-26.189517,-0.910964,8.611582,-15.613626,50.230030,-3.930236,-6.681514,6.774319,3.342611,9.236423,-1.736782,13.569100,8.078431,10.052003
-17.159350,-17.531975,-8.837415,-6.924529,-9.654475,-23.478599,-2.362020,6.318334,-13.080873,51.870985,-6.090913,-7.859449,1.999588,2.528161,5.785687,-1.514305,21.261982,11.701961,13.158434
-22.215335,-10.274296,-2.232090,-0.988296,-6.432197,-24.539895,-9.109941,8.435889,-13.324407,57.052949,-3.822202,-16.357412,-2.749264,4.456779,5.564187,1.905241,11.410666,10.431373,12.934081
-25.035019,-7.373465,1.912261,-0.815396,-8.848905,-23.443992,-4.462501,8.371160,-10.320821,63.271305,-0.170657,-15.908675,-9.503761,4.248280,9.195621,-1.720302,10.967910,11.952941,-2.218402
-20.659648,-8.739879,0.254520,-2.794141,-12.752819,-24.389929,4.345312,5.892973,-12.821103,66.877089,-0.278691,-3.344030,-6.100633,2.143740,7.528542,-6.565347,11.521355,3.733333,-3.771618
-22.118105,-6.410254,2.706950,-0.392752,-12.381018,-28.035248,4.253986,3.618219,-13.235111,69.662394,-0.883680,-1.296666,-5.078401,6.997864,6.386069,-5.370565,12.093248,-20.517647,10.138293
-34.855299,-8.303075,2.083162,1.643626,-5.440726,-25.162829,5.613718,-1.513848,-13.608530,68.626001,-1.596704,-7.859449,-6.734676,3.603235,3.803845,-5.527123,16.520806,-1.803922,10.621515
-39.303593,2.527443,-0.779431,-0.834607,-9.034806,-30.676951,-0.626841,6.059419,-16.376699,66.013428,-4.945754,-12.010269,11.678447,5.082277,2.428214,-6.861982,10.008606,7.984314,9.758618
-27.125475,-0.384588,-1.616846,-1.564630,-11.513481,-30.088624,-0.383307,12.929915,-16.936828,61.630350,-4.254337,-17.226841,4.056992,6.131289,6.047990,-5.601282,11.115496,4.752941,10.138293
-27.757473,-5.223041,-3.795834,-1.833585,-10.274144,-24.516823,6.354467,11.283955,-18.365560,56.621118,-2.871504,-16.329366,-11.807019,0.619089,7.907424,-5.279927,15.026505,16.078431,14.331975
-16.187045,-5.323842,-1.471580,1.067292,-10.769879,-23.882353,3.574121,10.618173,-16.482231,55.368811,-0.278691,-14.674647,-18.069810,1.550820,8.886687,-7.298695,13.163241,9.756863,10.552483
-32.789151,-9.344686,-0.941787,4.909514,-6.556130,-21.252186,4.193103,10.035615,-16.798825,53.252842,-0.365118,-14.730739,-13.049226,0.899260,7.808331,-4.010986,13.550652,11.294118,14.021332
-32.059922,-11.987915,-2.582437,4.640558,-8.353170,-19.014237,5.431067,10.248295,-16.644587,53.382391,-3.670954,-6.513237,-5.376013,-1.361654,3.191806,-6.342870,17.314076,5.223529,14.556329
-12.540902,-13.119127,0.160525,3.680003,-11.203647,-21.090684,-1.793774,11.025040,-14.460899,59.816663,-2.396155,-10.383597,-6.657038,-1.296498,4.316793,-8.864271,12.646693,4.219608,8.067338
-16.843351,-4.181430,0.092164,1.124926,-15.169528,-24.378393,1.696880,6.068666,-13.218875,62.817884,-3.282033,-12.879698,3.358251,-2.469306,4.800595,-11.756466,8.864820,4.439216,11.035706
-21.777798,-3.755825,2.339513,2.892348,-13.496422,-25.993408,1.128634,8.805768,-12.049912,65.430457,-0.991714,-9.486122,-3.512703,-1.921996,8.408713,-11.327993,9.473610,0.439216,5.478645
-26.955322,-7.519066,2.330968,4.256336,-11.699382,-19.498741,-6.096208,-4.741039,-11.059541,67.589609,-1.164569,-0.791836,-8.468589,-0.905562,7.289555,-8.707713,17.018906,4.062745,5.219776
-22.312566,-9.546288,0.425422,6.907469,-10.522011,-22.705699,-0.738460,-3.409476,-12.139208,67.675975,-1.618311,-3.652537,-7.575753,0.084810,3.267582,-7.389334,8.016205,4.047059,11.311833
-24.159945,-10.912703,-0.873426,4.294759,-8.167269,-27.481529,8.150530,16.323552,-13.730297,64.977035,-0.473152,-11.224979,-10.551873,2.463005,6.117937,-7.471733,-2.499245,6.149020,9.120073
-15.555047,-10.431098,-6.068818,1.816526,-13.000687,-23.155596,9.926299,9.480797,-16.360464,58.067750,-3.195605,-5.054841,-7.187564,2.938643,5.290227,-11.781186,12.941863,0.329412,11.087480
-17.207965,-11.607111,-7.726558,0.318059,-15.665263,-24.009247,6.811093,5.236439,-18.584741,54.721065,-4.664866,-8.897154,-5.893599,2.313146,6.531792,-12.234379,24.859373,9.223529,16.610025
-29.361776,-12.122316,-6.530251,-2.064118,-12.442985,-29.465690,4.690318,5.948455,-14.371603,56.599527,-3.541314,-8.027726,-5.660685,5.597009,7.342016,-11.649348,25.874022,10.760784,18.577432
-36.872831,-14.765545,-5.299763,2.239170,-6.432197,-35.971893,2.031739,9.684230,-13.210758,59.384833,-0.926894,-15.600168,-8.805020,9.121950,8.402884,-8.633555,22.682490,15.701961,17.403891
-39.327901,-14.440742,-5.521935,0.356481,-7.981369,-37.344656,-0.992142,7.686885,-13.584176,61.587167,-2.201694,-21.125246,-6.889952,7.551690,7.720897,-8.229801,27.829526,29.192157,15.833417
-48.637720,-10.072694,-4.043641,1.374670,-8.848905,-38.544381,1.666438,7.529686,-13.080873,66.358892,-0.062623,-26.510094,-3.409186,6.274632,10.099107,-7.175097,25.302129,21.066667,20.889998
-49.877409,-7.787869,-1.599756,1.951003,-5.998428,-31.599817,7.805524,9.434562,-15.191501,69.057832,2.508583,-31.979080,-6.268849,4.958480,12.057633,-5.658961,13.938064,13.741176,20.648386
-41.807279,-13.903136,-2.283360,3.026825,-3.643687,-31.622889,5.613718,9.906157,-16.254932,69.964675,3.113573,-28.641596,-6.333547,5.414572,10.851041,-4.307622,13.679789,5.003922,22.339666
-47.082033,-16.826368,-4.735790,3.603159,-0.607309,-31.818997,6.729915,11.145251,-17.967788,66.639582,0.996109,-32.848508,-3.965591,5.349416,9.959213,-1.440146,23.051453,9.976471,19.923552
-51.530327,-15.549554,-1.497215,4.851881,1.003830,-30.100160,6.435645,11.274708,-19.940414,62.990616,2.184482,-39.355200,-8.274495,9.591073,13.036896,4.072328,15.524605,21.207843,14.159396
-59.673381,-18.170382,0.288701,8.060136,3.668406,-33.480156,6.252995,15.158434,-21.856214,58.391623,3.804990,-51.190646,-3.266850,9.558495,18.848356,9.271687,9.289128,24.015686,21.166125
-57.534310,-16.456764,-2.155184,2.719448,-0.111574,-34.149233,13.690929,17.183520,-24.543206,52.173266,-0.624399,-49.003052,3.397070,4.854231,14.196857,5.547265,18.845274,25.082353,27.016571
-65.847517,-12.290318,0.972305,5.447425,0.384161,-39.086564,15.010071,14.039551,-24.664973,54.483558,1.212177,-48.133623,-0.834195,9.226200,14.167712,3.388418,19.048203,28.141176,25.411582
-81.258549,-11.506310,3.159838,9.155169,4.659876,-33.099474,17.069963,10.350011,-21.361028,58.715496,2.832685,-49.900526,-7.394598,10.242634,16.458488,7.121080,15.118746,26.933333,22.805631
-75.376104,-11.831113,4.655222,8.367514,2.429068,-30.250126,18.947204,19.384298,-19.802411,61.759899,3.048753,-55.734112,-12.363424,10.366430,15.263554,8.983291,12.517556,14.133333,25.618677
-64.632136,-14.171939,2.894942,8.751736,3.048737,-35.129778,20.408408,21.890227,-20.890196,62.774701,4.237125,-67.709789,-9.840192,4.795590,15.566659,8.085145,15.469261,16.172549,28.431724
-70.854887,-12.659922,1.083391,6.888258,1.437598,-38.267521,18.318074,21.991943,-24.096727,64.394064,4.690867,-64.035752,-10.306020,3.121080,19.110658,9.807279,10.746532,27.498039,31.244770
-74.841337,-16.792767,-0.787976,6.235080,2.614969,-36.317967,14.654917,22.408057,-26.767483,63.314488,4.928542,-60.417807,-13.618570,7.597299,18.376211,12.328679,10.709636,32.031373,34.437491
-81.137011,-27.936889,-1.736477,9.904402,8.997559,-32.822614,15.334783,23.980041,-27.514321,63.703136,6.916365,-63.446784,-13.644450,7.994751,18.690974,11.578851,13.439963,35.482353,32.366537
-99.173266,-15.851957,2.296788,12.344213,12.529671,-37.713802,16.968490,26.957565,-26.256062,65.063401,9.055436,-69.869337,-10.060166,13.376638,24.170184,10.260472,8.477409,25.992157,31.538155
-92.294209,-7.003861,2.664225,11.767880,11.290333,-38.555917,18.399252,25.367086,-25.176394,61.112154,8.277592,-70.009567,-10.720089,10.457649,19.122316,11.002060,11.060151,22.180392,31.175738
-87.456992,-15.157549,1.707179,10.845747,10.360830,-36.906294,17.526589,27.142504,-27.067842,59.471199,8.061524,-70.878996,-2.464591,9.050278,19.757671,11.562371,7.444312,26.023529,31.089448
-78.609018,-17.319173,0.314336,7.618280,8.749691,-33.226368,14.259174,17.054063,-27.806561,56.534752,6.937972,-65.157595,5.557992,12.053971,19.810132,13.383383,4.345022,20.439216,35.179583
-74.768414,-22.247227,-0.839246,7.925658,7.448386,-26.835523,14.147555,13.521721,-24.924743,56.988174,5.403891,-60.389761,-9.904891,10.327337,15.508370,14.825360,11.761181,24.894118,37.285054
-85.998535,-21.732021,-0.224002,8.867002,11.166400,-32.384253,14.928893,24.655070,-22.676112,60.162127,5.231037,-68.298756,-12.816312,14.002136,16.674159,13.564660,12.203937,29.474510,33.315724
-70.781964,-15.751156,-0.762341,7.483803,9.369360,-34.887526,15.750820,24.063264,-24.275319,61.284886,4.237125,-62.493217,-6.450004,11.747738,15.665751,9.634241,9.196887,28.392157,18.698238
-67.087205,-14.832746,-1.821927,5.043992,4.783810,-32.211215,18.673228,16.545480,-24.478264,62.472419,4.539620,-54.780545,-9.012055,9.499855,16.207843,6.041657,11.318425,27.686275,21.545800
-72.337652,-17.531975,-1.240864,2.392859,1.499565,-29.996338,18.734112,19.338064,-24.729915,63.120165,5.836027,-56.884001,-15.624216,11.285130,17.729198,8.991531,8.292927,28.376471,32.849760
-73.480110,-24.151247,-2.496986,3.680003,6.085115,-26.374090,20.043107,17.877043,-26.808072,63.811093,5.706386,-58.931365,-18.975586,11.343771,17.711711,15.822385,8.071550,27.560784,33.643626
-78.025635,-20.365606,-1.232319,7.214847,7.076585,-29.927123,16.816281,18.256168,-27.327611,63.163348,7.650996,-61.539651,-14.627863,13.207233,16.860685,14.767681,11.041703,24.894118,32.193957
-72.580728,-23.423239,-0.224002,6.830625,3.792340,-29.246509,20.469291,22.722454,-28.512810,60.226902,8.752941,-68.130480,-14.718441,9.297871,17.152132,15.014878,10.746532,28.392157,33.540078
-82.522545,-17.218372,0.562142,6.753780,3.606439,-29.073472,24.629664,24.433143,-29.852247,58.780270,9.444358,-68.579217,-6.424125,10.092775,18.889158,11.175097,9.971710,21.207843,34.195880
-86.192996,-3.912627,3.535821,9.462547,1.065797,-32.695720,21.473869,17.608881,-28.106920,60.809873,12.642161,-63.811383,-5.233677,10.855100,20.579553,6.321813,5.931563,21.364706,28.397208
-87.335454,-8.023072,1.536278,10.730480,8.068055,-30.469306,20.865034,6.188876,-26.247944,60.226902,14.089815,-65.522194,-13.993820,9.415152,19.040711,11.620050,8.440513,29.176471,32.314763
-88.964065,-6.410254,0.767224,9.385702,11.228367,-30.353948,13.873579,10.405493,-23.861311,60.442817,14.089815,-67.513466,-5.945357,16.419425,17.822461,5.975738,6.872419,23.811765,32.055894
-64.923827,-17.027970,-0.394903,7.080369,9.803128,-32.441932,9.276875,16.748913,-21.807507,61.975814,14.068208,-68.326802,-0.911833,17.976654,18.440330,1.188373,6.023804,18.086275,25.273518
-64.632136,-19.245594,0.519417,10.096513,9.679194,-29.973266,4.203250,15.324880,-21.977981,62.666743,15.040513,-63.867475,-3.875013,15.201007,20.666987,-0.377203,11.908766,15.435294,23.306111
-73.407187,-17.811978,2.963302,11.940780,9.803128,-30.873060,11.316472,5.569329,-22.180926,65.344091,17.460472,-58.735042,-10.254261,13.441794,21.733684,0.364385,4.160540,21.019608,28.259144
-68.497047,-27.780087,1.288472,13.151080,10.980499,-30.042481,18.257191,15.500572,-24.031785,64.653162,17.049943,-60.614130,-17.474586,10.529320,17.670909,1.303731,2.758480,26.321569,29.139300
-79.945937,-20.231205,2.621500,14.726390,10.236896,-33.295583,9.033341,22.084413,-22.927764,65.689555,17.806180,-58.622858,-17.992172,13.278904,18.446159,1.822843,6.872419,24.486275,25.998352
-93.047745,-6.835859,4.159609,14.169268,11.476234,-35.360494,14.137407,18.394873,-23.236240,66.812314,19.556329,-63.418738,-11.017700,12.803265,21.727855,4.228885,1.190387,25.992157,18.404852
-74.306569,-17.229572,0.750134,11.172335,6.085115,-30.480842,16.806134,17.793820,-26.808072,64.696345,16.661021,-69.673014,-0.420127,8.151125,23.161776,1.138933,1.042802,26.400000,25.204486
-55.322316,-24.420050,0.733043,9.865980,5.899214,-32.822614,14.847715,14.594369,-25.200748,65.538415,14.954086,-64.568627,-10.215442,7.590784,19.116487,-1.530785,5.691737,25.568627,29.795102
-77.417945,-16.579965,1.579004,12.843702,12.219837,-30.815381,16.379950,19.060655,-24.015549,65.495232,12.966262,-59.155734,-20.088396,9.630167,18.003159,-0.715038,8.551202,27.152941,25.014649
-81.623163,-18.752789,0.809949,10.884169,11.352300,-29.765621,13.142977,13.799130,-22.197162,66.142977,9.573999,-63.502876,-18.095689,13.161624,17.758343,1.765164,8.661891,29.113725,37.871824
-74.355184,-16.165560,-0.394903,7.695125,7.882155,-30.873060,13.548867,13.595697,-19.802411,64.005417,6.592264,-60.025162,-12.285786,12.470970,15.455909,-1.135271,11.152392,28.329412,34.402976
-83.567773,-13.824735,-4.077821,3.526314,4.473976,-30.584665,13.741665,12.421332,-21.637034,61.587167,6.549050,-52.088121,-6.424125,11.128756,22.398184,-1.258869,16.096498,30.494118,31.123964
-81.623163,-10.039094,-1.839017,3.487892,3.544472,-29.777157,11.072938,6.438544,-20.248890,63.962234,9.725246,-64.316213,-1.015351,12.053971,21.727855,0.347906,12.536004,33.129412,30.916869
-79.848707,-9.288685,-1.804837,5.793225,5.217578,-28.865827,8.799954,8.509865,-18.349325,64.027008,9.962921,-62.493217,7.990646,16.393362,19.606119,2.482033,8.329824,11.215686,32.435569
-64.948135,-17.979980,-4.282902,6.792203,6.890684,-26.881666,13.508278,12.772717,-20.687251,61.436027,8.601694,-59.267918,-4.741970,14.151995,17.705882,0.216068,14.362371,10.917647,31.572671
-69.372122,-23.244038,-1.659571,8.713313,6.271015,-24.516823,12.128252,14.575875,-20.979492,61.133745,9.962921,-69.673014,-2.024643,12.327626,16.627527,-1.431907,17.314076,21.725490,32.193957
-77.806867,-10.083894,-3.180591,3.468681,0.508095,-26.823987,8.292592,8.038270,-21.645151,58.931411,8.580087,-61.287236,-0.303670,10.881163,20.707790,-0.393683,18.199588,25.741176,38.268757
-64.632136,-6.981460,-5.658656,3.161303,-1.722713,-26.489448,17.952773,1.066056,-22.716701,55.973373,6.592264,-53.013642,-15.805371,3.029862,19.174777,-2.832685,18.919066,41.647059,32.452827
-61.277684,-22.135225,-5.795377,5.850858,0.136294,-22.578805,18.165866,3.451774,-23.057649,57.117723,6.721904,-50.798001,-11.108278,1.987366,16.878172,-1.522545,16.428565,38.807843,32.867018
-56.100160,-24.744854,-4.812696,6.869047,-0.235508,-20.340856,13.893874,10.414740,-24.340261,57.808652,5.209430,-47.993393,-10.888304,2.710597,13.917067,-2.618448,18.088899,32.517647,30.796063
-66.357977,-20.500008,-0.805066,7.022736,2.676936,-23.824674,13.031357,7.677638,-21.580209,61.997406,6.657084,-52.817319,-13.618570,6.105226,14.773922,-1.753262,17.074250,32.219608,32.142184
-71.316732,-18.304784,-1.292134,2.777081,5.155612,-24.586038,13.335775,9.360586,-21.807507,64.674754,8.515267,-52.592950,-9.413184,6.978317,17.280369,-0.789197,16.188739,25.239216,30.778805
-64.826596,-18.024781,-3.454032,4.467659,6.271015,-24.286107,13.782254,10.072602,-23.723308,64.113375,10.222202,-51.835706,-5.608927,5.688228,17.618448,-2.091096,12.572900,22.227451,26.947539
-62.614603,-12.783124,-1.685206,4.794247,2.924804,-25.197436,12.544289,0.760906,-21.287968,64.113375,8.536873,-51.050416,-8.753262,6.848005,16.341909,-6.054475,15.247883,34.086275,23.323369
-72.507805,-14.037537,-1.967193,5.293736,3.048737,-27.227741,15.791409,14.446418,-20.224537,64.523613,7.499748,-54.443992,-6.126513,7.857923,13.957870,-4.793774,18.808377,30.101961,20.113390
-83.640696,-9.803891,-1.770657,6.196658,3.544472,-26.927810,6.841535,12.264134,-17.829786,66.812314,8.493660,-57.220554,1.249088,10.861616,16.615869,-4.826734,16.022705,29.239216,23.979171
-78.973632,-4.943038,-1.163958,3.603159,-1.846647,-22.463447,10.991760,2.351385,-15.508095,66.553216,7.262074,-49.423743,7.900069,10.646601,16.271962,-9.778897,15.358572,18.964706,24.307073
-60.329686,-7.507866,-1.745022,2.296803,-3.829587,-21.644404,16.593042,9.554772,-15.451270,64.761120,7.370108,-54.023301,10.487999,5.173495,11.521370,-8.526436,8.827924,14.713725,21.908217
-52.526940,-11.024704,0.151980,4.851881,-1.846647,-19.637171,9.429084,6.706706,-16.206226,64.955444,9.509178,-62.072526,-0.109575,5.675196,14.202686,-5.782559,9.971710,20.988235,22.909178
-68.715816,-13.992737,1.083391,7.253269,1.561532,-19.544884,11.488975,7.317006,-16.709529,66.078202,10.805585,-58.061936,-5.660685,9.134981,15.444251,-4.307622,14.897368,16.454902,25.532387
-62.444450,-14.664744,2.373693,8.060136,0.755962,-22.232731,5.086061,9.360586,-16.871885,65.344091,9.746853,-49.760296,-9.439063,9.662745,13.917067,-5.263447,14.270130,21.788235,20.406775
-64.534905,-16.703166,0.339971,8.501991,1.995300,-23.351705,10.514839,11.626093,-19.834882,63.012207,9.854887,-48.021439,-13.346838,8.555093,15.135317,-4.719615,15.487709,23.105882,22.494987
-68.472740,-13.555932,-0.873426,4.986358,-2.280415,-21.033005,19.454566,9.083177,-17.935317,63.055390,9.422751,-46.899596,-13.139803,5.929305,14.249317,-9.243305,17.277180,26.337255,23.754818
-70.368734,-12.581521,2.783856,7.752758,2.800870,-21.805905,17.739681,12.513802,-16.880003,64.739528,11.842710,-51.527199,-12.712795,5.694743,14.552422,-6.927901,13.993408,18.572549,19.958068
-65.555825,-10.935103,-0.591440,5.812436,7.510353,-20.929183,15.831998,9.767453,-20.614191,62.321279,10.740764,-55.341466,-15.119570,4.541482,13.852949,-0.270085,11.687388,21.098039,26.291737
-61.180453,-5.939849,0.459602,6.350347,4.164141,-17.110826,17.140993,10.414740,-16.490349,62.018997,9.422751,-52.424674,-11.651743,6.053101,12.506462,-1.852140,7.462760,6.854902,23.944656
-73.042573,0.253819,1.416648,5.774014,2.305135,-18.610483,18.155718,13.632685,-17.001770,61.543984,10.027741,-47.993393,-7.096986,4.860746,13.007752,-7.867247,9.510506,11.105882,20.113390
-54.325704,-11.539910,-2.590982,0.894392,-3.767620,-17.791440,15.974060,7.067338,-20.760311,59.838254,9.573999,-48.554314,-9.555520,3.642329,14.972107,-8.921950,15.506157,24.486275,25.946578
-64.607828,-14.026337,0.169070,6.177447,0.074327,-17.895262,19.068971,6.947127,-17.643076,62.407645,11.302541,-53.378241,-3.693858,5.551400,15.776501,-6.128634,9.510506,22.258824,18.232273
-81.744701,5.226673,-0.258183,5.562692,1.685466,-22.325017,17.567178,8.639322,-18.251911,62.299687,8.536873,-50.377310,-1.921126,4.561028,11.795331,-6.837263,9.953262,32.831373,13.158434
-67.087205,-0.003784,-0.745251,6.369558,3.792340,-24.078462,11.681773,12.375097,-17.139773,62.990616,8.493660,-53.322148,-4.521996,7.597299,12.553094,-6.458228,11.207736,23.419608,12.968597
-58.968460,-15.011948,-1.779202,4.698192,1.003830,-20.617716,11.773098,5.892973,-18.219440,60.874647,9.228290,-50.826047,-0.627161,7.193332,15.339330,-6.919661,12.904967,25.474510,18.732753
-67.014282,-12.055116,-4.060731,1.547570,-3.643687,-19.533349,13.477836,4.533669,-19.688762,59.492790,8.018311,-45.329015,7.951827,4.261311,12.716304,-5.716640,15.616846,24.580392,24.997391
-56.100160,-11.864714,-3.137865,2.316014,-5.316793,-17.249256,6.384909,7.344747,-15.207736,59.643931,6.354589,-42.356130,7.576577,4.274342,10.303120,-9.572900,11.816526,26.007843,18.905333
-46.474342,-15.594354,-5.940642,0.913603,-4.821057,-17.053147,9.784237,10.904829,-14.038773,56.750668,3.502495,-41.654978,1.934890,5.642618,9.615305,-8.361639,20.597848,11.670588,22.736599
