-8.991989,-1.952605,-0.095827,2.392859,4.907744,-1.260609,6.252995,-6.044862,-4.768246,-9.276188,-8.726940,-3.512306,1.663157,-3.179507,2.026017,-6.680705,13.790478,9.850980,13.693431
-3.571389,-8.437476,1.143206,6.484825,2.553002,-2.148867,7.521401,-6.488716,-4.045762,-7.980697,-6.090913,-4.858518,-0.601282,-3.596506,4.905516,-6.136873,11.170840,6.807843,13.434562
-1.602472,-3.083818,1.766995,2.373648,0.941863,-0.268528,1.828794,0.501991,-2.868681,-5.152209,-5.442710,-6.457145,5.286259,-0.781765,6.292805,-6.433509,9.252232,-2.760784,6.703960
0.609522,-2.927016,4.262150,1.336248,0.446128,2.996109,2.569543,3.202106,-0.782406,-1.524834,-4.513619,-7.102205,6.619043,-2.273838,3.168490,-9.622339,6.558801,-9.301961,6.358801
-7.120302,-3.509422,5.150835,6.350347,5.465446,3.226825,6.557412,3.266835,-1.293828,-2.582818,-5.853239,-10.383597,8.624689,-6.984619,1.128359,-7.290455,7.813275,-11.623529,9.137331
0.609522,-0.104585,5.031205,3.199725,2.181201,5.314809,4.446784,4.376471,1.393164,-1.481651,-7.624994,-14.702693,20.063340,-3.075257,-1.593759,-12.011902,4.787778,-1.239216,-9.414969
-6.293843,-1.795804,3.074388,4.947936,2.800870,4.934127,11.296178,2.776745,-3.290806,-3.921492,-7.084825,-9.093477,12.196033,-4.163363,2.002701,-14.121309,7.739483,6.352941,-8.224170
-17.888579,-4.909438,1.664454,7.118791,6.952651,0.273655,11.509270,0.566720,-10.020462,-8.196612,-5.291463,-4.521965,-4.069108,-6.528527,5.068727,-6.936141,10.174640,10.117647,15.056809
-11.276905,-1.997406,1.245747,4.813458,11.104433,1.369558,9.865415,9.656489,-11.473548,-9.815976,-4.729686,-8.252094,-10.073106,-8.906722,2.031846,-4.596017,9.049302,6.462745,15.660838
-10.912291,-2.691814,-2.095369,3.430259,14.512612,4.980270,8.180972,14.316960,-13.145815,-12.925154,-6.803937,-10.804288,-10.901244,-15.344137,1.344030,0.578622,7.296727,6.870588,24.289815
-10.547677,-4.080629,-0.856336,4.217914,13.149340,5.268666,4.416342,12.356603,-10.101640,-11.521706,-6.436622,-15.516030,-4.353780,-10.007858,5.645792,2.416114,4.787778,1.835294,19.423072
-6.463996,-0.798993,-0.369268,3.026825,11.848035,4.807233,5.441215,8.722545,-5.977798,-8.995499,-5.853239,-14.506371,-1.028290,-7.538445,5.948898,-2.766766,7.757931,-3.749020,10.638773
-4.835386,5.148272,3.065843,4.602136,6.890684,4.807233,-1.103761,3.498009,-4.484123,-6.167010,-5.356283,-8.897154,-4.819608,-12.112398,1.174990,-7.554131,6.909316,4.721569,14.590845
-4.762463,2.941848,4.954299,4.659770,6.642817,6.733715,1.747616,6.947127,-4.435416,-6.167010,-5.464317,-12.739467,-3.538582,-13.148379,0.154925,-9.795377,8.034653,7.435294,9.948455
-10.134447,-4.483833,1.613184,6.254292,10.422797,4.184298,6.050050,5.254932,-2.779385,-7.289769,-5.550744,-14.366140,5.221561,-9.343267,0.294820,-4.530098,4.031403,3.607843,11.691508
-12.686748,0.433021,5.091020,11.268391,10.236896,1.750240,8.485389,-6.313024,-0.246632,-5.735180,-3.951843,-5.671855,7.084871,-2.782055,4.940490,-5.238727,1.688487,-14.870588,6.634928
-9.964294,3.501854,3.988708,10.538369,7.448386,2.511604,13.102388,7.511192,-2.836210,-8.542077,-4.340764,-5.868177,-2.154040,-9.193408,2.562280,-8.823072,2.186587,-9.866667,8.343465
-14.874434,-1.403799,0.057984,8.079347,5.837247,-2.183474,8.059205,15.019730,-5.977798,-9.729610,-3.325246,-2.670924,3.332372,-9.760266,2.469017,-9.902495,3.016754,6.180392,7.877501
-15.871046,-0.429389,2.424964,4.851881,5.837247,2.177066,4.335164,0.825635,-3.988937,-6.944305,-2.590616,-2.642878,4.962768,-7.082353,4.526635,-9.053788,5.359670,6.870588,6.583154
-7.071687,-4.349432,1.707179,4.275547,6.828717,5.730098,3.858244,6.836164,-1.318181,-5.778363,-4.016663,-11.926131,1.171450,-8.541848,2.160082,-7.644770,6.853971,4.533333,6.772992
-4.252003,-3.453422,2.689860,6.062181,4.535943,4.265049,4.193103,5.393637,2.440360,-2.474861,-4.232731,-16.329366,9.841016,-5.792264,0.702846,-10.858320,4.584848,0.109804,2.700114
-7.655070,-0.563790,3.869078,5.850858,5.527413,3.676722,2.823224,-0.367224,3.016724,-1.870298,-3.670954,-16.974426,13.528817,-8.222583,2.107622,-9.408103,1.190387,2.258824,5.047196
-17.135042,-0.843793,2.553140,5.140047,5.961181,3.895903,4.264134,3.775418,1.490578,-4.331731,-4.708080,-5.307256,16.543755,-10.737606,5.022095,-9.152667,7.296727,3.137255,-6.774502
-12.856901,2.292241,3.253834,6.177447,5.465446,2.776928,4.223545,7.298512,0.264790,-4.115816,-6.415015,-4.129320,11.807843,-12.770474,-0.655299,-8.188602,9.473610,1.882353,-5.652735
-0.751705,0.701823,1.100481,7.464591,7.758221,0.239048,3.848096,6.697459,-0.457694,-6.512474,-8.489265,-5.587716,0.692683,-13.734783,-3.266667,-6.062715,13.421515,-7.403922,10.448936
-4.519387,-1.011795,3.100023,11.191547,4.721843,1.727169,3.239261,0.289311,3.138491,-3.316930,-6.911971,-4.578058,-1.287083,-11.271885,-3.301640,-7.397574,15.377020,-9.882353,10.811353
-9.988602,-7.855070,0.903944,7.272480,7.820188,-1.491325,0.053025,1.990753,-0.222278,-3.489662,-4.513619,-8.784970,-1.701152,-8.620035,0.271504,-3.623713,12.960311,2.870588,16.264866
-6.196612,-5.962249,-1.591211,5.236103,8.130022,0.204440,2.315862,8.297185,-4.289296,-7.937514,-5.118608,-5.727947,-1.429419,-11.174151,1.856977,-3.046921,12.517556,1.129412,12.934081
-8.019684,-6.085451,-0.198367,9.020691,9.307393,2.811536,7.947585,8.075257,-4.565301,-7.786374,-3.995056,-3.540352,1.197330,-11.923445,2.369924,-3.236439,12.056352,-6.776471,3.442206
-5.613230,-8.426276,-2.915694,5.293736,9.493294,5.384024,3.452354,8.824262,-3.501869,-10.398947,-7.171252,-4.493919,0.472709,-8.163943,2.002701,-4.859693,16.908217,-7.294118,11.139254
-1.578164,-3.050217,-0.292363,4.967147,7.138552,6.664500,-3.559396,7.390982,-0.319692,-7.073854,-7.776242,-12.487053,5.765026,-7.499351,-0.183154,-6.367590,13.366171,-3.137255,8.153628
-19.468574,-4.293431,-0.377813,3.987381,7.634287,4.461158,5.075914,4.718608,-2.519615,-6.059052,-6.868757,-12.851652,5.946181,-9.317205,2.282490,-7.092699,15.137194,11.968627,7.756695
-20.902724,-1.067796,-1.548486,3.929747,4.721843,4.864912,7.369192,8.352667,-3.988937,-8.261387,-8.186770,-6.064500,2.543053,-11.506447,-0.422141,-8.122683,14.177890,14.447059,9.758618
-11.981827,-0.026184,0.459602,5.985336,4.907744,1.427237,1.402609,7.224537,-2.698207,-5.260166,-5.291463,-16.413504,10.863249,-8.391989,1.373175,-5.469444,2.813825,9.913725,9.292653
-9.259373,-2.983017,-1.112688,4.390814,4.164141,1.531060,2.244831,6.161135,-1.204532,-4.828336,-6.479835,-18.573053,15.340368,-6.378668,-0.235615,-9.136187,9.897917,9.615686,6.962829
-7.946761,-5.547845,-1.941558,2.565759,6.766751,-1.572076,1.818647,7.113573,-1.090883,-5.022660,-6.328588,-2.222187,5.752087,-6.991135,-0.672786,-7.463493,13.845823,6.901961,2.182376
-9.016297,-7.787869,-3.120775,2.527337,5.465446,-0.430030,-1.448768,1.805814,-2.625147,-5.389715,-5.334676,0.722652,1.313787,-5.570733,2.783780,-5.288167,12.886519,7.654902,10.983932
-8.675990,-7.855070,-3.659113,3.583948,2.614969,6.422248,-1.499504,-5.305104,-3.120333,-8.088655,-5.853239,-4.578058,5.622690,-6.873854,2.503990,-5.477684,16.557702,9.662745,14.176654
-10.255985,-3.487022,-2.437171,3.948959,1.499565,-0.130098,1.828794,5.541588,-3.574929,-8.563668,-4.859327,-8.364279,3.953475,-6.495949,8.233845,-6.400549,16.945113,5.772549,6.980087
-8.991989,-0.574990,-2.488441,3.507103,2.553002,1.865599,1.514229,10.830854,-1.277592,-7.268177,-5.918059,-1.128389,7.977707,-5.336172,3.867964,-5.691920,18.070451,-9.756863,-1.648890
-12.176287,-4.696635,-0.488899,2.277592,3.606439,4.045869,-7.841535,5.310414,0.289143,-4.331731,-5.550744,-0.258961,5.583871,-4.065629,1.186648,-0.739757,16.760632,-4.800000,5.979126
-15.020279,-8.191073,0.698863,4.832670,3.606439,-0.349279,-7.009461,2.138705,-2.844327,-0.639582,-3.735775,-12.122454,-1.015351,-4.867048,5.657450,0.405585,9.030854,9.098039,20.458549
-10.353216,-11.383108,1.869535,6.926680,5.775280,2.580819,6.445792,-4.186221,-5.799207,-0.596399,-1.899199,-13.664988,-1.312963,-7.857710,3.244266,0.545663,5.728634,5.270588,18.801785
-14.947356,-9.042283,1.339742,5.524269,2.491035,0.135225,4.274281,5.994690,-6.010269,-1.913481,-2.288121,-10.832334,-0.950652,-8.724285,2.847898,-1.992218,10.709636,7.701961,15.816159
-23.187640,-7.048661,0.621958,5.216892,2.862837,0.792767,2.265126,11.737057,-3.453162,-2.302129,-4.578439,-14.029587,11.329076,-5.010391,1.991043,-3.681392,10.894118,0.360784,15.332937
-12.808286,-6.074250,2.211337,5.524269,4.597910,3.884367,7.115511,9.573266,-1.845838,-2.971466,-5.982879,-23.565255,7.071931,-3.120867,0.638727,-2.577249,13.476860,-7.984314,12.934081
-10.377523,-2.479011,2.672770,7.906447,5.775280,3.076860,0.276265,10.350011,-4.159411,-5.713588,-5.874846,-16.469596,-6.152392,-9.551766,3.005280,1.031815,10.211536,3.200000,13.451820
-14.607050,-1.695003,1.920806,7.618280,3.668406,2.396246,1.940414,9.027695,-6.132036,-9.729610,-6.415015,-12.991882,4.069932,-11.350072,2.882872,-0.673838,4.381918,8.674510,17.162280
-18.423346,-3.083818,-0.480354,6.465614,2.800870,2.949966,5.847105,6.420050,-4.175647,-10.809186,-6.242161,-12.038315,7.097810,-11.095964,3.512398,0.150149,7.850172,7.937255,15.401968
-18.326116,-7.642267,0.656138,9.981247,3.916274,5.672419,2.853666,7.261524,-2.113725,-7.872740,-4.621653,-10.355550,0.757382,-9.890578,3.932082,-0.303044,10.229984,5.756863,10.224582
-10.644907,-8.527077,1.613184,12.305791,3.544472,6.537606,3.614710,-0.413458,-4.086351,-5.864729,-3.390066,-12.234638,-0.678920,-9.167346,3.832990,-2.066377,9.178439,4.674510,11.915862
-9.623987,-10.599100,2.365148,11.498924,4.412009,5.487846,2.995727,-4.704051,-7.244175,-5.562448,-3.692561,-5.868177,-1.701152,-11.643275,4.101122,2.037079,6.817075,5.145098,15.885191
-6.415381,-7.866270,4.099794,10.058091,4.350042,2.892287,6.283436,8.361913,-6.781460,-3.770352,-4.059876,-9.345892,-5.194858,-13.832517,2.562280,0.117189,6.577249,-0.674510,12.761501
-10.426139,-4.965438,4.868849,9.289647,3.854307,1.173449,4.111925,10.294530,-3.493751,-1.136187,-1.467063,-8.476463,-10.901244,-9.532219,9.825147,1.419089,6.927764,-9.521569,8.274434
-16.721813,-1.146197,5.031205,9.232013,3.420539,3.803616,5.055619,11.172992,-2.438437,-1.352102,-2.072053,-12.739467,-6.954650,-6.665354,7.755871,1.328450,3.883818,-12.611765,12.157473
-14.120897,7.589899,4.937209,9.366491,5.961181,4.738018,7.389487,6.401556,-3.055390,-3.554437,-4.729686,-17.927993,8.430594,-9.037034,2.818753,-1.407187,-2.462348,-2.886275,1.647379
-11.908904,0.321019,6.133516,11.306813,9.183459,1.542596,1.635996,3.007919,-2.730678,-4.007858,-3.606134,-22.471458,3.785260,-5.883482,6.339437,1.410849,-0.986496,7.058824,0.025132
-11.033829,-6.768658,0.527962,8.963058,7.944121,0.354406,1.889677,8.075257,-4.573419,-7.440909,-4.794507,-17.563394,-9.193210,-9.929671,6.520134,3.058824,7.425864,10.431373,16.230350
-10.499062,-7.619867,-1.420310,5.677958,2.305135,3.180682,2.934844,5.338155,-4.971191,-8.347753,-6.371801,-6.120592,-3.435065,-9.121736,7.371160,-1.596704,13.052552,4.956863,14.849714
-5.831998,-8.639078,2.570230,11.037858,2.243168,4.911055,7.105364,4.052827,-4.727657,-6.382925,-4.967361,-14.057633,-3.033936,-7.707851,4.468345,-4.398260,10.063951,-1.301961,14.711650
-1.894163,-10.475898,0.109255,8.982269,3.234638,6.168460,2.965286,7.372488,-8.372549,-8.909133,-6.955184,-12.459007,-0.834195,-13.578408,3.168490,-1.555505,9.418265,7.356863,16.420188
-9.599680,-8.706279,1.690089,9.078325,3.668406,7.125933,4.700465,8.657816,-6.838285,-7.073854,-6.609476,-12.318776,3.591165,-11.604181,1.559701,-3.755550,8.532753,9.913725,8.119112
-7.047379,-7.485466,-0.189822,10.058091,4.845777,2.961501,5.319448,7.705379,-5.425788,-7.030671,-6.371801,-12.290730,1.404364,-11.004746,4.969635,-3.285878,8.329824,7.513725,7.118151
-6.172305,-7.339864,-0.352178,6.561669,2.491035,2.211673,-3.234684,5.180957,-4.191882,-6.382925,-5.896452,-6.737606,1.054994,-9.532219,6.327779,-1.720302,12.536004,5.035294,10.293614
-12.079057,-5.883848,0.903944,6.984314,0.136294,2.027100,6.740063,-0.163790,-3.087861,-6.512474,-4.859327,-6.176684,2.866545,-6.978103,5.978042,-3.804990,10.986358,7.560784,5.495903
-7.436301,-6.981460,-2.872969,6.331136,4.412009,-1.202930,-0.870375,2.508583,-6.692164,-10.031891,-5.939666,-6.961975,1.469062,-7.447227,7.003937,0.965896,11.023255,7.827451,15.005035
-10.620600,0.769024,1.561913,9.404913,4.164141,2.430854,-5.071336,5.282673,-2.243610,-6.620432,-5.075395,-7.971633,7.382483,-3.440131,4.602411,-1.596704,7.038453,-8.015686,8.153628
-10.717830,3.457053,2.903487,8.598047,-1.412879,6.076173,7.917144,3.248341,-0.693111,-6.318151,-5.572351,-8.167956,3.578225,-5.153735,9.755200,-7.397574,5.322774,-2.400000,-2.891463
-5.710460,2.673045,3.288014,10.288624,1.499565,3.284504,8.465095,4.700114,-3.980819,-5.260166,-4.254337,-9.093477,-8.714443,-8.053178,6.595911,-4.612497,4.418814,-1.631373,6.220737
-4.422156,0.825025,3.732357,9.635447,0.632029,1.750240,2.975433,8.463630,-2.836210,-4.202182,-4.146304,-6.849790,0.472709,-6.235325,3.541543,-6.318151,6.300526,-8.345098,5.150744
-4.884001,-3.789425,4.774853,9.731502,2.429068,4.518837,2.224537,4.709361,-0.733700,-3.662394,-3.908629,-11.898085,3.060639,-6.847791,3.098543,-7.727169,7.333623,-0.376471,2.044312
-5.686152,-0.283787,7.551995,11.133913,1.561532,5.695491,6.861830,0.030396,0.987274,-0.941863,-4.708080,-17.254887,1.701976,-6.730510,0.697017,-8.625315,5.470359,3.074510,-0.458091
-4.519387,0.130617,5.535363,8.386725,-1.722713,1.819455,3.087053,5.754269,-0.701228,-2.496452,-5.788418,-11.000610,3.047700,-8.802472,2.708003,-8.608835,7.702586,4.486275,1.077867
-4.568002,-2.019806,3.476005,8.770947,1.933333,-0.430030,2.326009,4.727855,-2.024430,-4.331731,-4.578439,-3.007477,4.885130,-6.632776,4.375082,-6.211032,8.901717,-6.776471,1.302220
-7.023072,0.724224,3.903258,7.061158,-0.917144,0.769696,3.208820,4.607645,-2.446555,-4.072633,-4.643259,-10.467735,6.644923,-6.065919,6.129595,-6.655985,8.089998,-5.254902,6.514122
-6.050767,-2.635813,2.749676,7.541436,-0.979110,1.184985,3.604562,6.040925,-1.537362,-5.346532,-4.556832,-10.131182,11.756085,-8.378958,3.961227,-5.246967,4.677089,6.760784,-3.305653
-6.755688,-5.469444,2.630045,6.926680,-0.855177,2.165530,-0.322423,-1.347402,-0.181689,-4.634012,-4.081483,-8.224048,16.504936,-5.525124,5.039582,-6.120394,9.713436,8.643137,-7.982559
-5.661845,-0.317388,4.834668,7.579858,-2.156481,1.346487,-1.631418,-6.331518,-0.806760,-2.453269,-3.584527,-14.955108,9.103456,-5.375265,5.208621,-5.922637,6.521904,8.941176,5.823804
-1.019089,6.201083,4.638132,6.023758,-4.015488,-0.591531,0.479210,-8.023713,-0.563226,-2.863508,-4.319158,-3.876905,4.315785,-7.922866,4.375082,-8.106203,8.938613,1.380392,5.047196
-9.648295,6.313085,7.073472,5.601114,-5.378759,-0.441566,3.858244,0.992081,-0.912291,0.180896,-2.936324,-1.492988,-3.538582,-5.388296,5.103700,-10.446326,12.462211,-7.105882,5.823804
-18.374731,3.569055,7.979248,11.441291,-1.846647,0.815839,5.481804,3.146624,-0.684993,-0.164569,-2.655436,2.012772,-2.102281,-4.925689,4.474174,-11.410391,6.318975,-2.274510,-0.665187
-20.051957,13.055558,8.560311,9.558602,-4.077455,0.700481,-5.964294,-2.734447,1.685405,0.461585,-3.411673,-1.184482,3.280613,-1.674403,6.875700,-14.409705,10.432914,5.505882,-6.498375
-8.675990,7.052293,8.449226,7.925658,-1.908614,-0.187778,-5.984588,2.952438,0.053727,0.807050,-3.735775,-14.927062,5.881483,-2.019730,3.646464,-10.009613,5.986908,4.015686,0.818997
-0.824628,-2.871015,6.073701,12.248157,-0.607309,1.957885,2.326009,3.923369,-2.373495,-1.935073,-3.843809,-1.745403,6.968414,-7.121447,1.822004,-11.468070,8.053101,-6.698039,-3.754360
-4.568002,-2.512612,5.415732,9.769924,-0.235508,2.996109,5.339742,5.412131,-2.730678,-1.783932,-2.979538,1.760357,3.526467,-1.882902,4.987121,-11.327993,7.186038,-10.352941,-7.879011
-5.345846,-6.264652,2.766766,6.715358,1.499565,5.626276,6.669032,3.645960,-2.763149,-4.979477,-4.146304,-11.168887,8.262379,-6.522011,4.007858,-7.966125,5.783978,-0.266667,4.581231
-6.463996,-3.072618,0.656138,6.965103,0.508095,5.453239,7.409781,2.545571,-1.431830,-6.080644,-6.393408,-14.001541,9.996292,-8.365927,1.816175,-7.776608,11.982559,1.662745,4.753811
-1.772625,-1.560601,2.100252,5.908492,-2.156481,4.668803,1.727321,-0.302495,-0.652522,-5.648814,-8.726940,-3.708629,12.338369,-4.515206,0.073320,-9.342184,11.539803,3.372549,-3.253880
1.119982,3.613855,2.894942,4.832670,-8.910872,6.722179,6.587854,-9.475486,1.969528,-4.569238,-10.131380,3.134615,6.619043,-4.990845,-0.130694,-14.104829,16.926665,-3.686275,1.699153
-2.939391,11.543542,4.954299,2.853925,-8.353170,4.484230,3.594415,-0.505928,5.736187,-1.265736,-9.547997,-1.633219,4.160510,-7.362524,-0.188983,-14.747539,15.155642,-6.400000,0.577386
-3.814466,11.733944,5.936980,0.414115,-10.274144,6.975967,-2.707027,2.323644,7.936110,-2.647593,-11.125292,5.574624,8.068284,-10.848371,-4.822995,-18.702678,16.502358,4.360784,-4.738064
1.897826,6.178683,3.322194,-0.411963,-11.513481,7.818082,7.795377,0.335546,5.784894,-4.893111,-12.940261,2.349325,3.565286,-8.476692,-3.534798,-17.631495,17.609247,6.823529,-3.995972
0.439368,2.684245,5.321736,3.603159,-8.724971,8.902449,7.105364,-1.384390,4.697108,-4.979477,-11.190112,-6.036454,2.866545,-9.369329,-1.896864,-14.764019,15.838224,8.219608,-1.165667
-9.210758,4.498665,5.988251,6.753780,-6.742031,9.790707,11.600595,0.178347,4.981231,-6.512474,-9.526390,-2.110002,4.600458,-13.161410,-2.450614,-15.365530,15.450813,1.035294,0.335775
-5.637537,5.988281,6.894026,10.058091,-5.006958,9.075486,10.322042,9.295857,3.414496,-6.231785,-6.090913,-3.764721,8.055344,-12.158007,4.340108,-15.324331,15.266331,-11.137255,-17.198306
0.925521,2.695445,4.569772,8.021714,-1.412879,12.905379,8.465095,6.290593,1.393164,-8.239796,-6.242161,-11.056703,6.580224,-11.799649,2.276661,-14.920577,14.971160,-2.133333,-13.177203
-2.623392,2.628244,2.305333,4.986358,0.074327,14.001282,6.547265,0.150607,0.735622,-10.722820,-8.943008,-8.672786,5.648569,-13.402487,-1.232364,-15.761044,11.281529,8.486275,4.615747
-5.880613,7.388296,4.552682,5.658747,-4.077455,11.175006,6.709621,0.233829,3.528145,-9.772793,-9.720851,3.302892,-0.873014,-12.659709,-3.115114,-19.617304,15.819776,5.521569,1.992538
-2.453239,8.205905,-0.993057,-0.335119,-4.883024,10.263676,6.192111,3.424033,1.084688,-11.046693,-11.708675,0.638514,6.722560,-13.741299,-2.194141,-18.710918,19.620096,8.407843,1.630121
5.033509,5.540276,2.211337,2.219959,-7.175799,8.475624,-8.105364,1.380453,2.188708,-8.002289,-8.748547,-3.091615,18.937591,-10.828824,1.064240,-17.713893,17.406317,-0.156863,-0.544381
0.439368,1.441032,6.022431,3.065248,-5.502693,6.168460,-1.042878,4.811078,5.208530,-4.957885,-7.776242,-0.623560,6.334371,-12.223163,-2.351522,-16.016480,15.174090,0.125490,1.802701
-5.661845,6.962692,4.920119,0.952026,-6.432197,12.616983,8.627451,-6.118837,3.106020,-3.208972,-9.785672,-1.296666,0.032761,-10.073014,-2.596338,-17.277180,20.597848,2.776471,1.940764
-7.168917,11.073136,8.953384,5.005570,-7.919402,6.018494,9.652323,-9.281300,3.000488,-1.093004,-8.791760,-3.932998,-1.300023,-6.118044,-3.185061,-17.664454,21.151293,-0.282353,1.975280
-2.696315,8.709911,6.876936,5.043992,-6.680064,1.288808,7.024186,3.081895,1.263279,-4.094224,-9.202289,-3.428168,-3.357427,-10.809277,-0.970062,-16.074159,17.885969,6.180392,0.042390
-3.425544,4.274662,4.817578,6.657725,-10.336110,9.652277,6.587854,-1.402884,-0.684993,-6.749981,-9.526390,-5.026795,2.064286,-10.255451,0.807767,-19.098192,17.885969,12.062745,1.785443
-9.939986,3.020249,5.287556,3.046036,-9.344640,10.459785,2.031739,-1.818997,1.287633,-7.224994,-10.520302,-2.306325,8.081224,-9.050065,-0.486259,-19.650263,20.394919,12.141176,4.736553
-1.845548,10.132326,4.279240,2.949981,-7.733501,12.201694,-0.210803,-3.686885,3.365789,-6.577249,-10.909224,-2.250233,6.696681,-7.988022,-1.617075,-18.908675,18.144244,-0.580392,4.667521
-1.578164,5.450675,2.108797,3.411048,-8.477104,10.275212,6.009461,2.527077,2.131884,-6.987488,-10.498695,-4.606104,3.358251,-7.740429,-1.937667,-17.194781,15.469261,5.003922,3.355917
0.317830,-1.560601,0.032349,-1.948852,-7.361700,9.236988,4.801938,4.265507,2.018235,-7.807965,-11.427787,3.302892,0.912657,-8.971878,-2.473930,-16.074159,18.550103,9.898039,4.391394
2.627054,0.813825,-0.027466,1.528359,-8.724971,11.209613,5.694896,-1.865232,2.935546,-6.339742,-9.828885,-0.146777,6.735500,-9.037034,-1.768627,-18.043488,14.159442,8.721569,1.474800
1.679057,2.325841,0.194705,0.471748,-10.645945,9.894530,1.920119,-1.088487,5.224765,-5.562448,-9.310323,1.676219,11.070283,-5.342687,3.355016,-17.656214,17.535454,10.713725,-16.335409
2.529824,6.951492,0.314336,-1.391730,-6.927932,11.786404,0.164645,-9.577203,6.336904,-6.814755,-12.789014,-0.427237,9.155215,-5.388296,-0.958404,-16.585031,19.454063,8.549020,-4.237583
-2.696315,7.858701,1.613184,4.659770,-6.246296,10.182925,7.267720,-4.260197,4.323690,-7.700008,-12.616159,-5.138979,8.624689,-5.459968,-5.674022,-18.471962,14.694438,4.533333,4.633005
4.401511,1.519432,-0.642710,3.699214,-7.175799,8.625589,11.783246,3.451774,2.456596,-12.104677,-12.119203,6.696468,0.058640,-8.001053,-5.271824,-18.710918,15.377020,3.450980,2.648341
2.943053,2.023438,0.263066,4.986358,-5.626627,10.655894,0.560388,-0.949783,1.238926,-10.852369,-8.813367,5.266117,-0.083696,-6.899916,-0.398825,-16.947585,14.528405,1.662745,6.583154
-4.324926,6.089082,3.330739,5.812436,-7.051865,11.382650,0.550240,5.217945,0.378439,-6.620432,-5.377890,-2.390463,1.960769,-1.843809,2.445701,-14.005951,11.705837,-13.945098,6.824765
-3.425544,7.690700,-1.121233,1.701259,-7.361700,11.232685,8.495537,4.441199,-2.876799,-10.636454,-9.202289,-0.455283,-4.586694,-10.359701,-0.014115,-11.913024,14.786679,0.909804,12.830533
-4.324926,4.554665,-0.557259,3.257359,-4.944991,10.332891,4.385901,3.488762,-4.094469,-10.766003,-10.649943,-4.550011,-2.555169,-10.294545,0.446372,-11.080797,15.856672,13.647059,7.946532
-3.085237,3.132250,1.314107,2.469703,-4.883024,15.339437,10.027771,4.533669,-1.967605,-9.038682,-11.924743,-3.512306,1.585519,-9.069612,-3.488167,-16.585031,12.812726,8.470588,3.994461
-3.595697,8.172305,1.382467,3.487892,-5.316793,20.392126,11.083085,1.611627,2.026352,-7.505684,-10.541909,-4.942657,-4.444358,-12.314382,-4.321706,-17.928130,16.705287,3.105882,3.010758
-0.727398,7.119493,3.766537,3.910536,-5.378759,14.843397,9.307317,3.479515,5.273472,-5.929503,-8.834974,-9.794629,1.637278,-9.395392,-1.378088,-13.355001,9.768780,-11.074510,6.876539
1.557519,6.615488,2.963302,3.545525,-6.618097,5.914672,9.987182,-0.801831,3.820386,-7.246586,-9.699245,2.293233,5.985000,-10.620325,-2.147509,-15.934081,7.721035,-3.733333,6.496864
-0.532937,7.959503,2.561685,2.873136,-5.626627,8.083406,4.588846,-0.441199,0.865507,-9.384146,-8.554086,-0.847929,0.136278,-10.229389,-1.284825,-11.954223,15.210986,0.894118,5.823804
-8.481529,5.954681,1.570459,5.063203,-3.209918,7.852689,2.975433,-0.681621,-2.016312,-10.981918,-7.128038,-5.840131,2.775967,-6.958556,4.310964,-6.738384,13.126345,0.862745,7.704921
-8.311376,7.589899,1.527733,9.212802,-2.652216,10.771252,8.505684,-4.833509,-1.342535,-9.837568,-5.593957,-9.906813,2.154864,-11.174151,3.570687,-7.529412,14.731334,9.066667,-5.859831
-2.404623,5.439475,1.749905,5.677958,-4.511223,13.712886,8.870985,-5.369833,-1.228885,-7.894331,-5.701991,-19.246159,3.694682,-10.333639,2.708003,-6.837263,13.292378,8.517647,0.007874
4.207050,1.284230,-0.249638,6.830625,-5.254826,11.175006,1.798352,-0.875807,-1.983841,-7.117037,-6.371801,-3.372076,-0.277790,-8.326833,1.921096,-8.411078,12.849622,-4.909804,7.221698
4.352895,-3.207019,0.921035,6.273503,0.693996,13.735958,1.169223,6.179629,-1.732189,-5.238575,-5.874846,0.442191,-8.287434,-11.975570,0.766964,-5.955596,4.289677,-6.117647,9.724102
-11.933211,-4.483833,0.733043,3.487892,2.243168,7.195148,3.340734,4.256260,-3.006683,-4.569238,-5.961273,-7.803357,-7.627512,-10.665934,2.941161,-3.137560,5.378119,10.384314,19.336782
-6.998764,2.975448,-1.548486,1.912581,-4.015488,7.645045,-1.874952,-0.487434,0.037491,-8.088655,-9.569604,1.339666,-4.729030,-14.549233,0.428885,-9.136187,23.328176,13.098039,10.362646
8.703960,7.466697,-0.770886,-0.258274,-8.167269,9.836851,-2.422904,-5.813687,2.862486,-8.909133,-11.492607,13.483619,-3.176272,-15.200793,-2.858640,-16.873426,26.741085,4.188235,2.786404
6.953811,6.525887,0.357061,-0.008530,-12.195117,7.598901,-0.728313,-7.653834,3.666148,-8.542077,-12.767407,19.205020,3.345312,-12.594553,-7.498482,-19.361868,31.556054,-1.992157,4.253330
2.797208,4.341863,-2.377356,-1.122774,-12.381018,2.615427,-3.802930,-2.521767,3.706737,-9.427329,-15.252186,14.381094,6.243793,-10.503044,-5.580758,-18.323644,36.647745,3.215686,7.463310
10.089494,4.005859,-2.496986,-0.373541,-14.178058,0.354406,-1.296559,-3.788602,5.119234,-10.031891,-15.965209,9.332799,2.801846,-10.379248,-5.376745,-21.767910,38.843076,12.313725,2.907210
12.179950,2.829847,-1.539940,-0.431174,-15.975097,-1.018357,-1.570535,-6.451728,3.885328,-12.320592,-14.128634,13.567758,3.720562,-13.422034,-4.181811,-19.724422,39.451865,9.552941,5.702998
11.669490,-0.227787,-0.574350,-0.565652,-15.913130,-4.859785,-2.899825,-10.677592,1.847761,-12.212634,-12.637766,28.095628,6.321431,-10.874434,-2.118364,-21.224079,41.241337,-0.235294,5.961868
14.270405,2.045838,1.228656,-1.141985,-15.169528,-0.926070,-3.457923,-10.178256,2.521538,-10.981918,-13.285969,30.844144,2.297200,-10.626841,-4.776364,-22.287022,41.868574,-2.400000,0.249485
12.957794,5.002670,-2.556802,-0.719341,-12.566918,-5.944152,-5.964294,-8.837446,-0.904173,-12.385367,-12.594553,24.786191,2.103105,-11.037324,-2.369009,-17.821012,40.134447,4.988235,3.839139
11.693797,2.460243,-3.197681,1.009659,-13.062654,-4.882856,-7.821241,-16.614145,0.086198,-12.471733,-12.227237,28.993103,9.866896,-8.763378,-3.103456,-19.114672,38.824628,4.737255,3.683818
3.672282,4.196262,-6.128634,-1.718318,-10.893812,-4.167636,-6.705043,-6.618173,-1.131472,-13.378576,-11.881529,21.645029,7.589517,-8.958846,-0.795193,-14.401465,39.119799,6.572549,4.063493
0.974136,3.277852,-6.410620,-1.103563,-9.530541,-9.520256,-4.746624,-3.825589,-1.326299,-12.342184,-10.455482,19.906172,4.095811,-8.281224,1.845319,-13.495079,38.603250,7.498039,4.943648
11.402106,4.129061,-2.308995,0.029892,-9.840375,-11.008377,-6.370184,-10.788556,3.260258,-11.478523,-10.952438,31.152651,5.907362,-5.049485,0.149096,-16.741588,36.168093,-5.945098,-1.597116
16.628244,4.801068,-5.197223,0.106737,-7.547601,-14.019226,-12.600595,-5.637995,1.052216,-15.062715,-12.054383,25.094697,14.046403,-5.212375,1.856977,-15.027695,37.367224,-6.290196,-2.183886
17.649165,-1.112596,-3.454032,-0.104585,-7.609567,-8.297459,-15.898451,-8.402838,2.180591,-13.421759,-11.967956,22.346181,12.532464,-6.482918,-0.865141,-13.907073,35.282582,-0.298039,1.958022
20.614694,-1.616602,-4.855421,-2.813352,-11.265614,-5.482719,-2.260548,-9.170336,2.602716,-12.989929,-13.307576,24.365499,11.316136,-9.512673,-3.872877,-14.838178,34.489311,10.509804,-11.762051
11.329183,-4.338231,-5.180133,-0.469596,-12.009216,-10.235477,-8.115511,-6.627420,1.498695,-11.586481,-10.239414,17.045472,14.680446,-8.385473,1.198306,-12.844129,36.703090,9.898039,-2.114855
4.960586,-4.875837,-1.292134,1.470726,-10.707912,-11.712062,-17.410391,-7.468894,2.756954,-9.060273,-8.013916,21.729168,12.079576,-6.665354,0.778622,-14.986496,39.673243,-1.741176,10.656031
11.620874,-6.903059,-3.325856,-1.103563,-9.902342,-6.071046,-5.710613,-10.686839,0.118669,-11.694438,-11.449393,31.292882,5.221561,-10.757153,-2.998535,-13.865873,38.123598,2.164706,6.065415
12.204257,-2.848615,-1.351949,-1.718318,-10.645945,-9.035752,-7.395056,-12.850629,0.524559,-9.362554,-10.693156,27.085969,2.840665,-10.229389,-2.182483,-9.869535,32.718288,6.431373,6.496864
3.356283,1.004227,-0.693980,-2.371496,-10.831846,-11.873564,-9.089647,-12.859876,0.881743,-8.779583,-8.424445,24.561822,10.255085,-7.707851,0.446372,-9.366903,28.936416,6.305882,6.376059
2.797208,1.485832,-1.104143,-5.618173,-12.690852,-6.313298,-6.907988,-16.382971,1.945174,-8.347753,-7.646601,22.009628,7.874189,-7.395102,1.274083,-11.204395,33.400870,7.843137,5.064454
-1.286473,4.655467,0.527962,-2.909407,-9.654475,-12.427283,-6.826810,-12.924605,3.836622,-6.274968,-5.550744,9.332799,10.682094,-2.436728,3.494911,-9.754177,34.212589,3.121569,0.284001
-4.276310,0.937026,-0.839246,1.163348,-2.032547,-13.707759,-5.649729,-7.099016,1.928939,-12.061494,-5.853239,14.268910,2.905364,-5.446937,2.900359,-1.440146,33.161044,-6.007843,7.238956
6.710735,0.903426,-2.966964,-1.545418,-2.714183,-10.754589,-4.665446,-8.134676,0.475853,-15.516136,-8.770153,18.644099,2.284260,-11.265370,-3.453193,-4.867933,35.633097,3.937255,6.168963
7.367041,-6.063050,-3.932555,-0.604074,-2.094514,-6.382513,-4.766918,-13.266743,-1.253239,-15.105898,-7.516960,21.448707,6.373190,-8.704738,-1.436378,-5.312886,35.042756,2.901961,3.424949
10.356878,-5.066239,-2.890059,1.893370,-1.165011,-1.375967,-3.792782,-14.145205,-2.884916,-14.479744,-4.772900,29.217472,-1.649393,-13.070192,-2.520562,-3.343557,36.186542,-11.341176,4.943648
14.027329,1.284230,-2.872969,0.702281,1.127764,-6.659373,-4.259556,-10.104280,-2.722560,-11.068284,-2.547402,23.748486,1.546700,-12.496818,0.009201,-4.670176,28.327626,-7.152941,-6.118700
2.651362,2.180240,-1.283589,3.142092,6.023148,-7.824491,-5.213397,-5.490043,0.719387,-7.484092,-2.244907,12.726375,2.931243,-11.838743,1.361517,-3.920348,23.660243,-1.082353,-8.897230
-4.008927,6.357885,2.057527,4.775036,8.130022,-8.493568,-7.354467,-3.307759,3.325200,-3.511254,-2.871504,2.153002,17.164858,-8.737316,-6.216114,-2.577249,18.531655,-12.847059,-2.460014
0.512291,5.103471,2.467689,4.083436,7.448386,-11.792813,-11.464103,-6.525704,3.284611,-2.150988,-3.368460,8.912108,21.603159,-4.235035,-4.479088,-4.118105,13.237034,-14.854902,-3.564523
2.432593,-0.899794,3.732357,6.523247,3.234638,-9.843259,-7.526970,-7.265461,0.086198,-2.582818,-2.288121,19.737896,7.628336,-7.349493,-1.226535,-9.094987,23.106798,-3.890196,-14.454292
1.679057,-3.016617,4.518502,5.658747,3.358572,-11.354452,-11.393072,-7.089769,-3.777874,-4.871519,0.477546,21.168246,-0.821256,-6.137591,3.372503,-4.406500,27.737285,-1.647059,-13.315267
-1.505241,-5.335042,0.664683,6.196658,4.535943,-11.446738,-7.080491,-9.891600,-4.654597,-9.060273,-1.747951,16.484550,-5.363073,-6.867338,3.098543,-2.461891,28.862623,1.521569,4.201556
-9.502449,-8.795880,-1.676661,6.004547,4.907744,-13.396292,-6.847105,-7.598352,-4.143175,-10.334173,-2.893111,14.353048,-1.908186,-6.561105,2.113451,-1.736782,33.419318,6.101961,8.619593
-7.314763,-5.615045,-3.402762,3.795270,4.659876,-19.210346,-19.104982,-5.027695,-2.755032,-9.578470,-2.871504,16.204089,1.714916,-5.590280,5.441779,2.828107,28.327626,6.541176,11.070222
3.866743,-5.693446,-3.770199,1.701259,0.570062,-15.726528,-11.382925,-10.039551,-3.136568,-9.427329,-4.275944,15.671214,3.526467,-7.786038,3.932082,-1.497826,29.452964,3.450980,10.673289
1.022751,-7.933471,-2.215000,2.469703,-3.271885,-15.599634,-8.115511,-10.196750,-3.315160,-9.492103,-3.670954,10.959472,3.060639,-4.652033,5.249424,-3.351797,33.290181,5.584314,10.293614
1.654749,-7.877470,-1.309224,8.867002,-1.598779,-12.854108,-8.034333,-12.536233,-1.618540,-6.555657,-3.670954,9.865675,1.236149,-3.146929,3.454108,-2.799725,33.161044,-8.501961,12.364569
4.109819,-4.383032,0.032349,0.952026,1.313664,-13.257862,-5.548257,-13.442435,-0.011215,-3.727169,-5.810025,12.698329,12.066636,-6.228809,0.743648,-2.758526,31.611398,-15.450980,7.221698
-6.099382,-2.523812,-0.335088,-2.525185,1.003830,-18.448981,-11.230716,-4.056764,-0.376516,-3.986267,-5.939666,6.640375,13.722911,-8.287739,2.882872,-0.657359,24.527306,3.341176,12.519890
-5.540307,5.797879,1.989166,-0.373541,-0.855177,-16.626322,-13.087663,-3.686885,-2.990448,-5.584039,-4.362371,7.650034,2.879484,-10.737606,2.882872,-2.824445,29.692790,4.956863,10.880385
2.140902,2.348241,2.219883,-2.851774,-5.688594,-18.356695,-8.501106,-7.626093,-3.680461,-5.562448,-4.448798,14.801785,5.868544,-9.076127,4.957977,-4.983291,29.655894,-0.266667,9.154589
2.651362,-11.293507,-0.138552,1.413092,-3.519753,-12.842573,-7.709621,-7.367178,-3.785992,-5.994278,-4.924147,16.905241,7.097810,-9.988312,3.518227,-5.230488,24.121447,5.662745,11.518929
3.769512,-11.360708,-0.394903,1.509148,-1.041077,-9.647150,-9.779660,-9.586450,-3.550576,-5.691997,-4.902541,20.214679,3.177096,-7.264790,3.512398,-5.617762,25.339025,5.725490,5.685740
1.679057,-8.325475,1.980621,3.065248,-2.156481,-14.353765,-11.088655,-12.027649,0.102434,-2.237354,-2.936324,17.746624,4.186389,-3.831067,5.237766,-8.666514,27.110048,4.454902,0.197711
-9.210758,-7.362264,2.912032,4.410025,2.553002,-15.749599,-10.073930,-5.416068,-0.043687,-2.302129,-0.754040,17.297887,4.199329,-4.906142,2.305806,-6.977340,25.468162,1.866667,1.888991
-6.804303,-5.525444,1.579004,0.567803,0.755962,-17.503044,-10.033341,-0.459693,-0.725582,-3.079423,-0.840467,16.400412,3.798199,-2.150042,3.325872,-8.468757,22.719387,0.909804,5.633967
-3.765850,-2.490211,1.117571,-0.411963,0.198260,-13.177111,-8.622873,-2.734447,0.175494,-4.957885,-2.957931,7.509804,9.957473,-2.045792,2.113451,-11.023117,23.162142,2.164706,5.892836
-3.255390,-5.402243,1.109026,0.414115,2.491035,-7.997528,-2.544671,2.157198,0.695033,-6.080644,-5.140215,5.518532,12.196033,-3.785458,-2.246601,-10.808881,24.121447,-3.968627,2.648341
-2.550469,-0.630991,5.766079,1.835737,-1.350912,-13.119432,-6.035325,-2.604990,4.632166,-1.956664,-3.260426,4.621057,10.682094,-2.684321,-1.733654,-12.242618,22.202838,-3.701961,2.268666
-3.887388,-2.624613,4.364691,1.009659,1.189731,-17.156970,-2.940414,-4.112245,2.862486,-2.129397,-0.905287,13.203159,10.112749,-5.759686,0.784451,-9.951934,19.232685,-8.439216,5.254292
0.585214,-2.344610,6.646220,4.198703,1.747433,-14.134585,-7.080491,-1.828244,3.771679,-1.114595,2.076448,15.166384,7.447181,-7.329946,2.346609,-9.053788,20.118196,-12.752941,-8.379492
1.654749,-0.317388,8.372320,5.966125,2.367102,-12.484962,-10.987182,-10.844038,4.055802,-1.352102,3.804990,9.136477,5.674449,-2.039277,6.939818,-6.623026,18.642344,-9.301961,-12.538659
1.703365,-6.589456,3.117113,4.871092,6.828717,-14.469123,-4.513237,-4.287938,-3.047272,-6.663615,1.039322,9.865675,-3.396246,-7.844678,4.584924,-4.538338,23.291279,-5.584314,5.702998
-2.550469,-6.096651,4.057069,10.711269,3.854307,-12.934859,-7.922713,-2.752941,-3.883406,-6.879530,0.261479,9.192569,-5.725383,-7.290852,2.160082,-4.958572,21.889220,0.219608,8.792172
0.682444,-9.938293,-1.010147,3.737636,3.296605,-12.092744,-7.435645,-1.347402,-4.816953,-9.556878,-1.337423,10.454643,2.517174,-3.648631,6.543450,-6.120394,19.878370,4.784314,5.582193
1.168597,-5.917449,-2.215000,-0.738552,3.234638,-11.527489,-12.275883,0.492744,-3.509987,-10.290990,-1.445457,10.454643,3.655863,-5.987732,3.978714,-4.299382,21.907668,0.313725,13.158434
-3.717235,-4.080629,0.502327,2.335225,1.003830,-10.396979,-11.464103,-4.787274,-1.448066,-7.721599,-1.359030,15.418799,2.180743,-3.674693,2.404898,-5.296407,22.036805,-2.070588,10.190066
-4.349233,-5.368643,1.476463,4.659770,0.260227,-16.303319,-8.957733,-1.754269,-1.496773,-7.548867,-1.467063,16.007767,2.193683,-3.805005,2.119280,-6.507668,24.269032,0.407843,6.272511
-7.655070,-2.255009,2.108797,4.506081,1.685466,-16.280247,-10.540703,-4.713298,-1.991958,-8.002289,-1.445457,14.717647,7.447181,-2.306416,2.690517,-3.392996,22.645594,-2.478431,5.340581
-2.015702,-5.413443,0.938125,2.873136,1.623499,-13.280934,-9.769512,-5.453056,-3.615518,-9.967117,-1.467063,10.650965,7.408362,-1.954574,7.120516,-4.653696,24.970062,0.549020,1.595605
-4.130465,-8.571878,0.348516,6.945892,0.136294,-14.953628,-8.227131,-3.788602,-3.883406,-11.133059,0.391119,9.080385,6.489647,-2.182620,6.899016,-3.038682,24.102998,-4.392157,10.052003
-4.033234,-7.541466,-1.480125,2.911559,4.226108,-10.466194,-5.091630,-1.338155,-3.972702,-11.759213,-1.272602,8.295094,8.249439,-5.948638,3.856306,-1.514305,19.786130,-8.015686,15.177615
-1.310780,-2.143008,-1.360494,3.276570,5.589380,-8.355138,-11.596017,2.619547,-2.519615,-11.197833,-1.964019,8.687739,2.064286,-6.854307,2.492332,-3.903868,19.767681,-2.368627,9.223621
-5.078462,4.577066,-1.719387,3.391836,1.375631,-12.461891,-15.462119,-4.528359,-1.480537,-10.226215,-2.936324,18.083177,4.509880,-4.059113,2.877043,-2.882124,19.915267,-0.925490,7.169924
-2.428931,3.065049,-0.941787,5.274525,1.127764,-13.188647,-9.394064,-7.903502,0.589502,-8.844358,-2.136873,14.212818,4.716915,-3.205570,5.354345,-3.063401,19.490959,-10.870588,8.188144
-6.172305,-4.002228,-2.249180,4.794247,2.181201,-13.580865,-11.027771,-3.363241,-0.246632,-7.764782,-0.991714,10.791196,5.169802,-2.332479,7.639292,-0.517281,19.989059,-9.850980,11.622477
-7.290455,-6.186252,-1.710842,3.161303,-3.147951,-13.707759,-14.721370,-5.813687,-1.407477,-5.584039,-0.667613,9.809583,8.844663,-3.159960,8.058976,-1.728542,19.454063,5.176471,10.742321
-7.314763,-5.536645,0.767224,6.331136,-0.049607,-14.307622,-8.308309,-5.009201,-0.011215,-4.202182,0.434333,6.079454,6.735500,-1.733043,6.887358,-1.983978,20.542504,-6.635294,7.428794
-0.095399,-0.048585,3.347829,5.409003,3.296605,-14.895949,-13.696498,-0.700114,2.700130,-3.856718,-0.516365,7.650034,2.387778,-5.042969,5.074556,-0.492561,19.177340,-10.839216,1.267704
-1.213550,1.900237,4.595407,8.886213,3.358572,-18.414374,-15.025788,0.437263,2.489067,-5.843137,-0.494759,7.341527,1.365545,-7.701335,5.913924,-1.835660,15.432364,0.815686,-1.855985
-7.655070,-5.346242,2.860761,9.328069,5.031678,-16.568643,-2.554818,-9.133349,-1.269474,-8.779583,-0.473152,7.986587,4.794553,-6.991135,5.027924,-1.291829,12.259281,4.000000,8.912978
-5.054154,-10.655100,5.475547,13.170291,0.817929,-15.207416,-9.678187,-12.166354,-1.513008,-6.426108,1.428244,4.368643,12.053696,-3.713787,5.645792,-4.076905,11.041703,5.725490,8.878462
-11.714443,-7.496666,3.527276,9.232013,4.350042,-13.442435,-17.582895,2.610300,-1.472419,-6.857939,0.261479,1.255528,17.980056,-2.384604,6.852384,1.608606,12.591348,2.007843,-1.251957
-10.717830,-4.763836,2.792401,5.351369,5.651347,-12.242710,-5.923705,6.697459,-0.969116,-7.527276,-1.791165,7.257389,5.635630,-4.033051,4.602411,0.792859,15.395468,-0.705882,-5.393866
-6.002152,-5.693446,5.586633,8.348302,2.429068,-16.360998,-6.725338,4.515175,-1.366888,-6.965896,-1.078141,12.389822,-2.645747,-4.678096,4.946319,-1.341268,17.517006,-7.450980,4.719295
-9.721218,-1.795804,5.492638,9.808347,3.234638,-12.761822,-9.840543,3.294575,-2.746914,-6.814755,0.650401,17.213748,-4.638453,-5.681498,6.141253,0.331426,19.933715,-19.419608,7.463310
-11.884596,1.967437,5.467002,11.479713,4.226108,-16.176425,-8.156100,1.657862,-2.746914,-4.785153,2.465370,12.081315,-7.045228,-4.006989,9.825147,-0.171206,13.938064,-13.129412,5.116228
-9.502449,3.389853,4.569772,7.964080,4.164141,-16.014923,-9.262150,0.187594,-2.957977,-5.152209,0.477546,2.461509,-4.340841,-7.792554,6.374411,2.168917,9.639643,1.537255,12.243763
-15.773816,6.682689,6.295872,11.153124,4.288075,-19.498741,-7.547265,-3.548180,-2.560204,-3.921492,0.909682,4.200366,0.084520,-6.202747,3.465766,1.353170,14.270130,-2.682353,9.137331
-9.964294,-2.714214,8.312505,12.209735,5.217578,-18.437446,-9.982605,-5.610254,-1.853956,-3.791943,1.471458,5.125887,-0.277790,-5.231922,5.447608,1.394369,11.097047,-1.333333,9.051041
-11.058137,-11.584710,7.705806,12.862913,3.482506,-14.480659,-6.146944,0.030396,-2.414084,-5.152209,1.968414,2.349325,0.653864,-5.772717,5.622477,1.007095,15.543053,-3.529412,8.964752
-14.777203,-2.691814,8.833753,14.515068,3.978241,-20.363928,-6.644160,1.944518,-3.152804,-3.921492,3.956237,1.507942,5.583871,-4.046082,6.339437,1.155413,11.853422,-12.078431,8.119112
-10.571984,-8.683879,7.705806,16.589868,4.288075,-19.902495,-4.939422,-1.079240,-5.166018,-4.180591,3.459281,-4.690242,6.515526,-5.316625,4.095293,3.495537,9.731884,-1.662745,10.466194
-10.304601,-11.427909,6.082246,15.590890,3.482506,-20.917647,-9.779660,1.084550,-3.867170,-2.280537,2.789471,-8.167956,9.815137,-0.508110,7.493568,1.592126,15.174090,0.219608,3.977203
-2.283085,-5.211841,8.944839,16.781979,4.907744,-16.164889,-15.350500,1.260243,-1.943252,-0.553216,2.767864,-8.139910,2.064286,-1.980636,6.158740,-1.159991,10.045502,-2.117647,2.096086
-7.363378,-7.407065,6.868391,17.223835,4.288075,-15.126665,-7.587854,2.277409,-2.560204,-3.230564,0.650401,0.245869,-2.361074,-5.466484,1.670451,0.899977,11.226184,-2.274510,8.101854
-5.151385,-2.042206,5.202106,11.153124,0.446128,-15.888029,-9.546273,4.431952,-1.504891,-4.418097,-1.942412,11.071656,-4.159686,-6.293965,2.457359,-2.725566,11.853422,0.188235,6.980087
-8.797528,-0.899794,5.578088,15.110613,1.065797,-12.242710,-5.730907,6.457038,-3.201511,-6.814755,-2.785077,5.574624,-8.119219,-5.714076,2.218372,-1.184710,11.798077,0.078431,7.704921
-13.537514,-4.069429,4.185245,13.842679,5.093645,-13.926940,-5.253986,5.643305,-2.868681,-8.261387,-3.995056,13.623850,-0.873014,-4.586877,0.761135,1.501488,16.262531,-10.101961,6.634928
-12.735363,-7.832670,5.176471,15.610101,5.775280,-17.479973,-3.427481,6.207370,-4.476005,-6.663615,-2.590616,10.875334,4.095811,-3.961379,0.994293,1.171893,16.391669,-14.996078,7.946532
-6.512612,-11.293507,3.219654,15.091402,5.713313,-16.291783,0.905394,5.782010,-10.150347,-7.570459,-2.028840,1.367712,6.877836,-2.593103,3.920424,4.105287,11.152392,-12.784314,11.173770
-11.082444,-9.803891,4.552682,11.787091,3.110704,-14.376837,-5.558404,5.976196,-9.679515,-6.145418,-1.985626,3.274846,4.587518,-4.697642,6.269490,1.600366,10.949462,1.443137,9.862165
-20.100572,-3.218219,5.167926,12.113680,3.172671,-12.658000,-6.725338,7.289265,-6.659693,-4.677195,-2.547402,-2.811154,-1.765850,-5.942123,5.768200,2.778668,10.396017,5.411765,15.125841
-2.720623,-5.223041,1.527733,10.961013,6.147082,-8.366674,-7.598001,0.779400,-4.768246,-5.691997,-4.362371,0.582422,-3.499763,-3.902739,6.304463,5.365988,11.834974,0.250980,2.493019
-5.127077,-9.859892,1.117571,12.228946,4.597910,-11.562097,-6.299153,-3.400229,-4.200000,-7.181811,-4.945754,7.117159,0.123339,-2.058824,7.481910,2.976425,13.808927,4.172549,1.164157
-8.311376,-4.203830,-0.266728,7.272480,2.429068,-15.092058,-6.025177,6.900893,-5.287785,-8.973907,-6.890364,4.901518,5.312139,-3.550896,4.287648,-0.022889,14.030304,-1.490196,15.108583
-12.322133,1.396231,1.912261,8.002502,2.429068,-12.681071,-2.788205,5.855985,-3.769757,-7.700008,-4.880934,-7.074159,9.478706,-4.886595,4.590753,1.155413,15.819776,-11.027451,16.610025
-10.717830,8.609110,2.826581,8.732525,1.251698,-10.154726,-4.492943,-9.114855,-3.680461,-8.088655,-5.810025,2.966339,5.286259,-8.535332,2.340780,0.743420,17.240284,-2.823529,13.520851
-2.404623,-2.187808,0.681773,6.273503,2.986770,-11.412131,-14.183566,1.158526,-5.709911,-10.420539,-8.273198,9.024292,1.689036,-8.040146,2.684688,1.386130,18.365621,4.345098,14.176654
-6.172305,-11.371908,0.656138,7.964080,6.023148,-12.542641,-8.247425,5.421378,-5.060487,-10.981918,-6.544656,-2.053910,2.116045,-5.648920,4.660700,4.261845,15.838224,4.909804,16.851637
-3.304005,-8.359075,-1.138323,8.905425,3.854307,-10.304692,-5.507668,4.376471,-4.532830,-10.010300,-7.192859,4.396689,2.336019,-4.098207,3.191806,0.100710,17.719936,-1.301961,10.914900
-3.863081,-7.765469,-1.146868,9.347280,5.837247,-6.993912,-4.868391,5.338155,-6.375570,-8.412528,-5.226642,1.788403,1.067933,-3.505287,6.141253,-0.533761,17.314076,-8.988235,10.949416
-3.304005,-4.080629,-1.181048,9.270436,5.961181,-7.639918,-4.066758,2.286656,-8.153368,-9.621653,-5.831632,0.862882,3.565286,-5.746654,3.967056,-1.703822,12.978759,3.843137,8.705882
-6.196612,-6.970260,-2.249180,8.655680,5.775280,-10.858412,-6.268711,5.550835,-6.010269,-11.133059,-8.878187,3.499214,11.678447,-0.671000,2.772122,-1.786221,14.657542,-2.101961,10.656031
-11.738750,0.769024,-0.617075,8.713313,8.377890,-8.424353,-10.449378,1.879789,-5.239078,-10.312581,-7.689815,-2.053910,3.888777,-1.908965,1.798688,0.216068,20.081300,-2.384314,15.229389
-8.141222,1.967437,-0.172732,8.482780,6.704784,-11.054520,-17.075532,5.929961,-5.904738,-10.269398,-7.214466,1.311620,-1.338842,-5.642405,1.763714,-1.604944,19.103548,10.352941,12.951339
-2.501854,-5.189441,-2.702068,6.062181,3.358572,-13.650080,-9.049058,3.044907,-6.521691,-12.299001,-9.288716,12.277638,0.252735,-8.079240,2.230030,-1.506065,20.856123,7.137255,15.695354
-7.509224,-4.775036,-0.693980,9.116747,1.685466,-22.994095,-8.227131,-4.694804,-5.377081,-9.427329,-7.733028,14.549371,-0.562463,-7.538445,1.379004,-2.404211,23.291279,10.462745,21.580316
-14.631357,-6.959060,1.638819,14.726390,4.845777,-27.204669,-11.382925,2.277409,-3.883406,-5.454490,-3.973449,3.751629,-0.756558,-3.518318,4.835569,-1.374228,18.937514,8.203922,20.009842
-4.227695,-9.635889,-0.745251,9.597024,2.243168,-5.909545,-4.452354,3.350057,-5.133547,-7.721599,-7.106432,4.845426,-0.368368,-6.170169,1.938582,-4.109865,14.768231,4.972549,14.004074
6.905196,-9.187884,0.211795,5.293736,2.181201,0.158297,-3.295567,0.862623,-4.167529,-7.332952,-7.819455,7.201297,-2.788083,-4.684611,2.503990,-4.645457,13.218585,-5.725490,11.225544
5.835660,-5.279042,2.655680,7.349325,3.110704,-2.737194,-3.204242,1.472923,-3.785992,-7.030671,-6.177340,-1.745403,-1.507057,-5.766201,3.634806,-3.195239,14.473060,-9.709804,11.708766
4.352895,-6.018250,3.236744,7.964080,-0.049607,-1.468254,-2.321431,-5.656489,-3.631754,-7.807965,-7.754635,-1.549081,0.498589,-7.662242,0.761135,-2.173495,14.067201,-0.062745,15.367453
7.464271,-2.949416,1.587549,6.407980,-0.297475,-4.513710,-7.192111,-4.667063,-2.779385,-9.578470,-11.730282,8.631647,1.326726,-8.913237,-3.196719,-5.296407,16.428565,6.635294,12.778759
9.068574,-2.445411,2.074617,5.735592,-1.536812,-5.228931,-4.919127,0.705425,-0.709346,-9.945525,-12.292058,15.643168,6.735500,-7.688304,-5.277653,-10.759442,15.247883,-3.858824,9.568780
5.252277,-0.104585,1.818265,7.541436,1.189731,-5.332753,-2.930266,2.499336,-0.425223,-10.075074,-10.347448,16.708919,-0.847135,-7.167056,-3.913680,-6.408789,15.155642,-11.827451,9.344427
7.415656,6.537087,0.433967,6.254292,2.924804,-3.521630,-6.694896,0.067384,-1.342535,-11.953536,-11.082078,12.558099,0.485649,-11.017777,-5.522469,-9.136187,16.410117,-0.549020,7.877501
3.623667,1.642634,3.296559,8.271458,3.234638,-6.221012,-4.381323,-6.553445,-0.822995,-7.635233,-6.890364,2.629786,7.447181,-6.033341,0.341451,-7.232776,12.462211,4.956863,-2.011307
-2.258778,-5.077440,1.724269,10.154147,3.730373,-4.767498,-3.173800,-3.243030,-3.436927,-7.009079,-7.149645,2.910246,12.001938,-2.104433,-0.328878,-5.181048,11.373770,7.450980,-5.462898
4.255665,0.847425,2.758221,7.387747,0.632029,-3.164019,-6.045472,-1.560082,-0.254749,-6.059052,-9.936919,3.583352,13.464118,-2.078370,-4.374166,-8.674754,11.244633,-10.211765,8.326207
5.106432,5.921080,4.715038,8.002502,-2.714183,-8.724285,-7.019608,-0.589151,2.407889,-5.670405,-11.103685,5.827039,3.668803,-6.209262,-4.018601,-7.941405,10.174640,-3.749020,12.019409
-2.112932,6.357885,1.596094,7.791180,-1.598779,-7.224628,-8.430076,-6.229801,1.287633,-7.181811,-11.687068,9.388891,1.197330,-7.903319,-4.146838,-7.265736,14.768231,9.364706,12.157473
-3.984619,11.073136,2.630045,6.023758,-3.271885,-6.071046,-10.956741,-11.851957,3.998978,-6.145418,-11.060472,5.546578,5.027466,-7.375555,-3.004364,-7.537652,20.579400,7.513725,8.999268
3.891051,5.338674,3.646906,5.620325,-2.652216,-8.159030,-7.699474,-5.240375,2.245533,-6.577249,-11.579034,14.970062,-0.795377,-6.548074,-3.715496,-8.715953,18.402518,3.090196,4.598489
-0.289860,-5.211841,4.415961,7.695125,0.384161,-4.306065,-4.817655,-4.445136,1.458106,-4.029450,-10.520302,17.858808,-1.895247,-2.710384,-2.788693,-7.414054,17.517006,-12.266667,11.484413
-1.213550,-8.728679,4.356146,8.847791,-0.793210,-0.199313,-0.910964,-4.371160,-1.439948,-5.001068,-11.773495,12.586145,0.951476,-5.688014,-5.219364,-8.823072,16.059602,-0.517647,11.984894
6.467659,-3.991028,3.356374,10.173358,3.048737,-4.432959,-1.103761,-7.598352,-3.185275,-6.059052,-10.693156,14.885924,-7.989822,-6.847791,-3.208377,-7.125658,14.657542,-1.192157,11.018448
2.213825,1.295430,3.270924,9.289647,2.367102,-2.252689,-1.022583,-2.900893,-0.165454,-5.670405,-10.930831,11.352117,-3.279789,-6.893400,-0.229786,-9.350423,13.642893,-5.192157,4.615747
6.054429,2.639445,1.835355,4.678981,0.384161,0.735088,-1.398032,6.780682,-1.172061,-7.440909,-14.409522,5.827039,3.862898,-8.835050,-5.265995,-11.962463,10.562051,1.129412,6.099931
3.356283,8.519509,4.868849,6.965103,1.933333,-5.344289,-4.543679,-2.087160,2.545892,-4.720378,-11.471000,4.312551,5.687388,-6.600198,-5.918837,-10.800641,7.702586,0.078431,5.668482
-8.141222,12.103548,7.030747,9.135958,2.553002,-2.944839,-3.397040,0.187594,3.950271,-2.582818,-6.631083,4.424735,1.818433,-3.172992,-2.269917,-7.587091,4.345022,-9.709804,1.043351
-2.137240,5.641077,1.570459,7.387747,3.234638,-6.486336,-1.184939,4.496681,-1.188296,-5.691997,-6.523049,5.097841,-1.028290,-4.476112,-0.801022,-5.527123,10.432914,-6.823529,4.184298
4.377203,9.796323,1.331197,6.369558,3.296605,-12.588785,-2.960708,-3.770108,-1.853956,-5.195392,-5.313069,6.107500,4.406363,-4.625971,0.918517,-6.491188,11.705837,7.388235,-12.797528
0.342138,6.044282,4.723583,9.923613,3.482506,-7.789883,-11.849699,-1.171710,-2.324788,-4.223774,-4.038270,8.379232,1.611398,-3.368460,0.720333,-3.145800,10.801877,1.772549,-9.794644
-2.720623,-8.146273,4.415961,11.018647,8.068055,-6.221012,-6.420920,-1.153216,-2.876799,-5.195392,-5.226642,6.359915,-4.703151,-5.192828,-1.372259,-1.835660,12.849622,3.419608,5.064454
-2.720623,-1.975006,5.492638,10.961013,9.741161,-4.202243,-0.312276,-7.903502,0.459617,-4.051041,-4.578439,7.565896,-5.647745,-4.124269,-0.375509,-0.772717,9.418265,-6.541176,-0.337285
3.404898,0.948226,3.937438,12.075257,6.518883,-0.256992,-7.618296,-5.961639,1.685405,-6.620432,-5.853239,12.502007,0.136278,-7.369039,-0.655299,-1.909819,11.964111,-16.501961,-0.302770
6.783658,6.089082,3.185473,5.831647,6.766751,-1.675898,-10.084077,1.093797,4.575341,-7.030671,-8.381231,13.848219,-0.847135,-7.466773,-4.036088,-6.243992,12.794278,-16.800000,1.681895
9.068574,6.066682,3.570001,5.697169,5.589380,-4.167636,-3.873960,-1.375143,5.971603,-6.318151,-9.526390,10.847288,1.326726,-5.251469,-4.543206,-8.056764,9.990158,-16.172549,1.267704
9.214420,-0.462989,2.647135,5.505058,5.403479,-4.744427,-3.894255,-4.972213,4.908171,-7.894331,-10.822797,3.555306,5.635630,-7.460258,-5.271824,-4.645457,11.189288,-1.160784,3.442206
-1.310780,5.921080,5.706264,5.485847,6.518883,-7.582238,-12.539712,-8.735729,5.062409,-5.821546,-9.483177,0.918975,15.327428,-4.567330,-3.907851,-3.887388,8.569650,4.752941,-0.268254
-3.595697,-0.149386,5.988251,8.098558,7.944121,-4.698283,-4.807507,-6.118837,0.889860,-5.713588,-7.192859,2.770016,9.543404,-5.570733,0.411398,-5.321126,8.311376,4.815686,-5.462898
-2.161547,-1.280598,4.287785,6.965103,3.544472,-4.075349,5.096208,2.536324,-3.647990,-8.088655,-8.251591,9.332799,-8.986175,-8.750347,-1.733654,-5.362325,12.240833,3.450980,5.029938
-6.682765,1.866636,5.595178,9.500969,0.508095,-7.582238,1.757763,1.250996,-4.540948,-8.628443,-9.094255,11.997177,-4.806668,-7.968475,-1.926009,-4.282902,12.904967,-1.066667,11.329091
-3.231083,1.441032,4.603952,8.463569,1.065797,-2.898695,4.385901,5.208698,-2.625147,-9.081865,-11.211719,9.164523,-6.980529,-7.408133,-2.724575,-4.282902,13.642893,-5.349020,7.912016
7.658732,7.063493,4.885939,8.867002,-2.900084,-0.626139,1.635996,1.639368,0.281025,-8.865949,-13.350790,7.173251,-8.856779,-8.059693,-6.356008,-7.628290,10.931014,-1.129412,7.704921
-0.314168,4.924269,4.877394,9.366491,-3.209918,0.285191,-0.860227,-0.099062,2.562127,-9.729610,-13.134722,12.137407,-7.769848,-10.014374,-6.332692,-9.836576,13.403067,6.619608,7.221698
-6.731380,2.885847,3.980163,5.812436,-5.688594,-4.236851,-0.758755,1.167773,2.886839,-7.548867,-12.205631,12.417868,1.546700,-7.590570,-2.887785,-9.787137,10.396017,4.407843,12.071183
-0.095399,-4.539834,4.458686,3.603159,-6.122362,-6.624765,-0.616693,-1.523095,3.536263,-6.534066,-11.535821,6.107500,10.242145,-2.547494,0.901030,-7.026780,6.853971,-1.333333,12.951339
-0.265553,-0.227787,4.979934,4.640558,-5.688594,-3.971527,-0.880522,-0.968276,3.982742,-7.592050,-11.038865,-0.118730,14.486351,0.547417,-0.130694,-8.402838,6.872419,-8.533333,12.364569
3.015976,4.285863,7.295644,6.792203,-6.865965,-5.955688,-12.215000,-1.560082,4.437339,-5.843137,-10.995651,0.077592,19.817487,0.566964,-1.389746,-10.273289,11.779629,-5.772549,2.924468
-6.269535,-4.147829,5.091020,3.968170,-5.936461,-0.233921,-2.930266,2.425360,0.906096,-7.894331,-12.227237,16.063859,7.421302,-5.349203,-1.984298,-10.800641,22.239734,8.470588,-8.638361
-9.794141,-1.045396,7.022202,5.831647,-9.592508,4.253513,3.289998,1.648615,-3.144686,-6.339742,-10.152987,13.175113,-1.869368,-7.538445,-0.381338,-13.223163,12.738933,13.647059,1.612863
0.026139,-1.560601,10.500038,7.406958,-8.353170,-0.349279,0.286412,1.759579,-0.709346,-3.921492,-8.143557,5.911177,-9.775494,-7.369039,-0.643641,-12.259098,11.392218,7.341176,8.585077
3.259052,1.060227,8.500496,5.389792,-7.175799,-2.068116,4.385901,-0.829572,1.872114,-3.057832,-7.322499,3.218753,-9.607279,-7.812100,0.557122,-12.563973,14.048753,7.027451,1.181415
5.495354,2.841047,8.244144,3.622370,-10.212177,2.165530,0.966278,-7.441154,4.851347,-2.323720,-9.288716,2.938293,-3.008057,-4.854017,-0.218128,-13.503319,12.978759,4.094118,2.769146
4.911971,1.676234,6.945296,1.144137,-14.301991,2.338567,0.763333,-7.034287,5.906661,-3.683986,-10.239414,12.417868,-0.523644,-6.118044,-3.359930,-14.846418,13.071000,3.654902,7.394278
2.189517,1.933837,5.458457,1.067292,-15.727230,1.565667,-0.342718,-6.664408,3.998978,-3.511254,-8.618906,10.118090,7.809491,-3.231632,0.650385,-14.994736,12.130144,1.411765,4.857359
1.119982,-2.456611,6.048066,2.623392,-14.611826,1.980957,4.598993,-15.726436,4.177569,-3.122606,-8.943008,13.736034,13.205325,-1.283467,0.592096,-14.055390,19.896818,-11.482353,3.787366
5.155047,-4.360632,4.518502,2.681025,-12.814786,-1.883543,3.553826,-4.879744,1.238926,-5.584039,-9.202289,12.614191,4.367544,-4.391409,-0.084062,-13.536278,20.726986,-6.352941,8.326207
-0.265553,-8.224674,3.424735,2.969192,-7.919402,-0.245457,-2.362020,5.254932,-2.454673,-5.951095,-9.396750,4.789334,-1.416480,-1.048905,0.510491,-8.312200,18.088899,1.788235,10.897642
1.387366,-0.250187,7.270008,4.582925,-11.451514,4.322728,0.814069,-8.892927,-1.707836,-4.677195,-9.202289,11.884993,-6.786435,-2.827665,-0.550378,-10.561685,16.686839,8.501961,1.561089
3.210437,6.906691,7.458000,0.894392,-12.504952,6.387640,1.422904,-5.610254,-1.277592,-6.663615,-10.866011,7.369574,4.471061,-5.082063,-1.669535,-13.173724,11.336873,0.925490,6.548638
-1.286473,6.671489,7.184558,2.488914,-9.592508,0.527443,1.788205,2.924697,1.003510,-5.735180,-9.980133,4.677150,14.111101,-7.421164,-2.456443,-10.602884,8.735683,-8.768627,5.841062
2.432593,6.469886,5.646448,4.851881,-5.874495,-7.686061,-1.296559,2.342138,1.320104,-6.814755,-9.720851,8.631647,-4.314961,-12.275288,-2.876127,-7.356374,15.875120,3.670588,7.135409
4.911971,1.799435,5.714809,5.178470,-6.308263,-1.791257,-5.619287,-6.803113,4.023331,-6.361334,-11.514214,3.471168,7.938888,-8.294255,-5.131930,-9.160906,13.716686,7.858824,6.514122
10.235340,-0.720592,7.799802,5.312947,-10.583978,-1.502861,-7.455940,-8.023713,6.523613,-4.871519,-10.952438,11.913039,13.386481,-5.961669,-4.362509,-13.173724,9.104646,3.623529,-0.130190
6.078737,-2.557412,5.082475,0.721492,-7.919402,-2.990982,-2.179370,0.437263,1.774701,-5.713588,-10.001740,17.185702,1.585519,-9.786328,-2.240772,-10.256809,16.410117,1.443137,3.045274
2.189517,3.143450,8.338140,4.851881,-7.299733,0.908125,-7.384909,1.093797,2.497185,-3.316930,-6.501442,9.557168,1.766674,-7.649210,1.781201,-11.295033,17.627695,5.349020,-15.558801
-0.848936,5.137072,8.773938,5.754803,-5.998428,1.761776,-12.894865,-1.976196,1.433753,-4.396506,-6.717510,10.426596,-3.318608,-4.437018,1.355688,-9.729458,16.742184,4.345098,-5.342092
-2.161547,5.965881,8.039063,4.410025,-7.175799,5.626276,3.026169,-10.224491,-2.941741,-7.095445,-8.726940,11.352117,-6.877012,-5.818326,1.163333,-9.284504,15.063401,2.949020,2.786404
-2.672007,3.333852,8.098878,5.927703,-7.175799,0.458228,3.726329,-4.685557,-2.284199,-8.110246,-8.381231,7.790265,3.306493,-1.348623,4.701503,-8.905470,13.882719,-4.392157,-3.150332
-0.095399,-5.715846,3.715267,3.065248,-4.201389,-3.890776,0.580682,2.638041,-4.516594,-11.435340,-8.943008,10.594873,12.001938,-2.247776,-0.806851,-6.977340,19.989059,-12.847059,9.206363
3.939666,-4.047028,3.663996,3.891325,-4.883024,-5.148180,3.137789,-4.260197,-4.378592,-11.543297,-7.430533,8.968200,8.909361,-7.818616,-2.561364,-8.411078,20.653193,-1.160784,8.602335
-7.752300,-1.202197,3.535821,3.180514,-4.263355,-4.825177,-2.686732,-2.540261,-1.853956,-10.118257,-8.121950,13.511666,11.096162,-7.642695,-2.246601,-7.908446,17.443214,7.419608,5.081712
1.338750,-4.651835,2.612955,2.565759,-3.643687,-3.660060,-4.411765,-2.124147,-4.167529,-10.075074,-8.381231,16.316274,2.827726,-7.531930,-2.380667,-6.969100,18.218036,4.847059,9.413458
10.697185,-10.655100,4.356146,2.412070,-5.130892,-5.263539,-7.506676,-9.142596,-3.420691,-6.490883,-6.458228,18.531914,1.430243,-3.752880,0.627070,-6.211032,20.265782,-0.517647,6.307027
2.043671,-10.419898,5.552453,1.643626,-6.680064,-5.667292,-6.187533,-8.005219,-4.346120,-6.771572,-6.847150,21.420661,9.025818,-1.648341,1.075898,-8.312200,23.512657,-3.545098,4.253330
5.859968,-5.917449,3.860533,0.779126,-4.201389,-6.417121,-2.595407,-2.882399,-5.182254,-7.635233,-5.464317,10.538781,-0.381308,-3.857130,1.862806,-7.817807,20.690089,-0.549020,9.413458
10.040879,-1.650202,2.800946,-0.392752,-5.688594,-4.663676,-14.508278,-4.620829,-2.405966,-8.973907,-6.069306,15.474891,0.847959,-3.485740,0.662043,-9.243305,23.992309,6.823529,1.181415
9.992264,1.900237,2.348058,2.412070,-4.697124,-7.501488,-20.921340,-6.516457,-1.878309,-10.960327,-7.473747,12.473960,7.550698,-3.857130,0.364767,-6.927901,22.129046,8.282353,3.407691
10.040879,-7.351064,-0.172732,1.547570,-0.607309,-3.337057,-13.777676,-5.665736,-0.644404,-10.787594,-7.776242,12.810513,7.550698,-2.971008,1.909438,-4.093385,15.690639,2.698039,5.064454
6.589197,-10.509499,-3.180591,-1.180407,-3.643687,-6.336370,-9.708629,-8.199405,-1.764660,-12.730831,-8.424445,26.805509,10.733852,-2.866758,3.838819,-5.337606,20.929915,1.929412,3.183337
7.221195,-4.898238,-4.710155,-4.042863,-4.387289,-8.043671,-17.806134,-9.059373,-1.935134,-11.500114,-8.424445,29.469886,7.524819,-2.567041,6.007187,-2.239414,25.744884,-1.254902,5.029938
18.427008,-7.843870,-4.658885,-7.885084,-10.336110,7.206683,-22.078126,-19.637903,0.435264,-11.392157,-10.779583,39.790845,10.125689,-3.381491,0.254017,-9.202106,34.950515,-3.639216,-0.250996
30.459281,-7.463066,-4.453803,-8.999329,-13.186587,4.322728,-15.370794,-27.016983,1.596109,-10.269398,-11.168505,51.822614,6.217914,-4.541268,-4.519890,-14.022431,37.127398,-5.443137,-4.893385
34.470039,3.434653,-2.796063,-8.922484,-14.921660,-1.848936,-18.800565,-19.129320,4.883818,-8.757992,-12.400092,52.243305,5.920302,-3.531350,-7.434363,-16.642710,40.595651,-14.776471,-11.451408
27.785443,12.372351,-1.881743,-9.710140,-16.532799,-1.768185,-17.268330,-17.335409,6.604791,-9.513695,-12.940261,51.626291,13.904067,-8.216068,-9.357916,-19.559625,41.407370,-10.180392,-19.286519
36.195880,-0.317388,-1.223774,-7.404807,-18.577707,-0.199313,-14.690929,-21.986633,5.176059,-8.865949,-10.131380,53.337102,16.039109,-7.219181,-6.134508,-20.820325,38.916869,-7.952941,-24.049714
49.540764,-5.883848,-1.821927,-5.579751,-22.419654,10.090639,-15.127260,-19.591669,2.586481,-12.385367,-11.946349,57.684245,20.697383,-9.786328,-10.354665,-23.729000,36.906020,-23.184314,-15.524285
44.800778,-2.848615,-3.368582,-8.672740,-14.240024,17.542779,-8.521401,-10.409430,0.110552,-16.358206,-14.085420,63.938521,11.950179,-13.102770,-13.508125,-21.051041,33.216388,-30.384314,-14.833967
49.929686,-2.434211,-2.855879,-7.193484,-13.558389,12.559304,-13.310903,-11.380362,-0.766171,-16.768444,-14.798444,64.527489,13.813489,-11.460838,-12.931060,-21.520714,35.706889,-26.086275,-21.322957
48.228153,-0.810193,-5.077592,-5.733440,-12.876753,4.749554,-17.613336,-14.376379,-3.014801,-17.696880,-16.418952,68.622217,15.223911,-12.614099,-11.794415,-19.188830,32.386221,-13.584314,-18.268299
48.422614,2.090639,-6.393530,-7.500862,-15.107561,14.808789,-14.751812,-17.307668,-2.373495,-19.316243,-18.190707,66.855314,7.033112,-12.197101,-11.427192,-20.795605,35.098100,-11.560784,-17.319112
59.628428,3.748257,-6.265354,-9.441184,-18.453773,17.139025,-18.617914,-19.600916,1.198337,-18.690089,-18.795697,63.601968,8.922301,-11.649790,-11.514626,-22.633097,31.260883,-14.149020,-15.627832
59.798581,2.527443,-7.324941,-12.246006,-15.727230,13.816709,-25.852903,-18.583749,4.818875,-18.085527,-20.977981,71.539010,12.325429,-9.467063,-12.476402,-21.372396,31.094850,-16.329412,-17.370886
55.569055,14.769177,-4.727245,-12.956817,-19.383276,16.458412,-29.556649,-30.401373,9.064485,-14.047913,-21.539757,76.727535,14.266377,-8.313802,-15.227665,-25.261616,37.791531,-21.286275,-21.788922
62.132113,12.125948,-3.821469,-15.262150,-24.712428,15.916228,-16.578317,-29.994507,10.103563,-12.558099,-21.280476,76.559258,10.656214,-10.014374,-17.372717,-30.897688,34.950515,-16.219608,-23.601007
69.691783,11.129137,-3.445487,-16.299550,-30.041581,19.723049,-13.848707,-24.307622,9.819440,-14.501335,-22.036713,79.588235,15.042756,-15.780682,-19.640177,-33.081254,33.806729,-24.188235,-21.512795
66.240101,13.906767,-1.317769,-14.051850,-28.740276,17.738888,-15.299763,-25.361776,6.929503,-15.062715,-20.178531,77.737194,13.761730,-14.998810,-17.774914,-29.257954,29.286931,-22.541176,-20.908766
71.393317,8.485908,-3.642023,-14.205539,-28.678309,26.875257,-13.919738,-22.125338,3.446967,-18.107118,-21.258869,79.896742,9.646921,-13.050645,-18.987335,-29.571069,31.205539,-29.050980,-18.182010
66.604715,10.132326,-0.711070,-9.518029,-21.738018,29.540032,-18.120699,-30.059236,4.055802,-15.149081,-17.110369,75.016724,9.323430,-14.073594,-15.758099,-24.083314,25.671092,-32.815686,-21.098604
62.205035,4.532265,-2.437171,-10.151995,-19.197375,29.020920,-7.141375,-23.299702,1.977646,-16.315023,-16.764660,62.087480,15.728557,-10.887465,-11.065797,-24.734264,20.468711,-16.549020,-37.355596
62.107805,9.101915,-7.077134,-12.649439,-22.481621,35.492515,-14.609751,-14.783246,0.865507,-19.618524,-19.789609,71.174411,20.425650,-12.340444,-13.945296,-28.738842,21.095949,-25.647059,-28.433234
61.354269,12.181949,-1.830472,-7.135851,-14.363958,23.414511,-21.256199,-20.497871,5.403357,-15.127489,-13.458824,66.967498,2.750088,-14.014954,-13.117586,-22.674296,11.964111,-22.368627,-18.078462
66.483177,5.159472,-2.582437,-7.596918,-15.727230,20.553628,-22.808728,-23.882261,6.271962,-13.810407,-13.199542,59.507240,3.914656,-12.405600,-10.949218,-20.729686,13.384619,-12.878431,-18.596201
64.101030,5.573877,-6.051728,-10.536217,-17.276402,25.375601,-20.830014,-24.585031,5.931014,-14.371786,-15.295399,64.078752,-0.070756,-9.864515,-11.858534,-19.559625,16.908217,-14.901961,-16.611536
60.770886,3.535454,-6.547341,-13.302617,-16.160998,25.698604,-12.976043,-18.213870,6.994446,-13.141070,-14.733623,60.292531,-7.601633,-7.681788,-7.667521,-17.985809,15.284779,-15.450980,-21.012314
54.621057,7.903502,-4.231632,-10.593851,-18.639673,31.512657,-9.799954,-11.380362,5.890425,-13.551308,-16.224491,48.737545,0.136278,-13.207019,-9.422034,-19.024033,12.591348,-15.827451,-19.355550
52.238911,9.986725,0.280156,-9.153017,-17.524269,33.819821,-3.386893,-8.199405,6.060899,-13.184253,-16.224491,48.176623,1.701976,-14.861982,-14.825467,-22.031586,8.440513,-20.972549,-20.201190
46.210620,15.239582,1.997711,-9.037751,-17.710170,29.470817,-11.616312,-9.632685,6.166430,-12.536507,-15.576287,50.812955,7.680095,-13.304753,-14.656428,-21.322957,4.898466,-15.670588,-21.322957
46.964157,29.161334,4.022889,-2.755718,-16.099031,24.925704,-10.723354,-10.446418,7.814343,-12.968338,-14.992905,36.537499,5.118044,-12.047242,-16.842283,-19.287709,7.518105,-29.207843,-16.559762
51.825681,21.164446,5.373007,-2.198596,-14.797726,21.822568,-7.202258,-14.145205,9.251194,-12.471733,-15.165759,37.519112,8.081224,-12.027695,-16.370138,-20.235294,14.675990,-37.082353,-17.888624
52.506294,12.663554,2.706950,-7.078218,-17.090501,22.284001,-5.964294,-13.248249,8.918364,-14.458152,-17.736965,43.745342,14.952178,-14.816373,-18.783322,-23.687800,14.251682,-18.211765,-20.856992
51.217990,5.394675,2.407874,-8.192462,-17.090501,21.730282,-4.127642,-10.104280,8.902129,-12.018311,-16.851087,45.876844,8.611749,-9.043549,-14.015244,-23.597162,10.008606,-22.556863,-16.456214
41.154635,0.119417,2.869306,-5.310796,-13.930190,22.756970,-5.274281,-10.455665,4.826993,-10.355764,-14.236667,51.429969,4.949828,-10.424857,-11.363073,-22.048066,6.614145,-16.015686,-15.213642
41.810941,6.301884,5.774624,-3.677852,-14.549859,20.519020,-2.280842,-9.198077,4.502281,-10.334173,-13.502037,46.802365,-1.791730,-12.535912,-14.120165,-25.591211,6.798627,-7.419608,-17.405402
35.977111,9.370718,6.201877,-2.544396,-15.479362,18.015747,2.731899,-6.969558,7.221744,-8.628443,-12.724193,33.284154,-4.832547,-8.020600,-10.453758,-25.030900,7.222934,-7.733333,-17.526207
33.157427,11.162737,1.766995,-4.158129,-13.992157,23.033829,-0.921111,-9.512474,6.426200,-10.981918,-12.767407,29.750347,5.985000,-6.280934,-7.655863,-23.012131,4.584848,-14.556863,-11.900114
34.713115,13.917967,4.527047,-7.539284,-18.515740,20.011444,-6.075914,-9.521721,7.197391,-8.693217,-13.221149,29.918624,8.288258,-3.472709,-6.256916,-25.937285,4.492607,-9.850980,-13.884779
30.021744,14.074769,3.006027,-8.903273,-16.408865,20.022980,0.174792,-6.627420,8.317647,-6.382925,-13.069902,21.813306,11.898421,-1.967605,-7.131258,-20.498970,1.928313,-17.098039,-13.090913
43.779858,11.913146,2.467689,-7.212696,-14.859693,22.768505,-6.015030,-10.548135,9.543435,-6.663615,-12.594553,27.955398,8.417655,-2.892821,-6.437613,-16.823987,4.049851,-30.964706,-15.765896
44.411856,10.255528,5.108110,-5.983185,-15.355428,18.673289,-6.684749,-10.316960,9.234958,-4.849928,-10.801190,29.554025,-0.717739,-4.293675,-7.090455,-17.516136,6.614145,-14.870588,-25.257771
29.268208,4.341863,4.988479,-5.406851,-13.000687,16.112337,-6.096208,-9.521721,6.328786,-4.353323,-8.013916,31.068513,-1.752911,-6.639292,-3.587259,-14.961776,3.883818,-7.905882,-14.609613
29.705745,12.730755,9.483177,-2.371496,-16.160998,14.047425,-5.781643,-6.784619,4.867582,-2.949874,-5.399496,32.583001,-2.296376,-7.329946,-5.843061,-20.400092,3.459510,-15.074510,-16.369924
19.472236,19.540429,13.490806,3.680003,-10.645945,11.048112,1.463493,-9.420005,3.584970,-0.898680,-0.905287,19.541573,5.350958,-5.961669,-6.536706,-16.016480,-6.816114,-23.749020,-16.093797
12.909178,8.373907,14.413672,6.023758,-7.609567,8.879377,5.806516,-4.121492,1.490578,-0.790723,-1.445457,18.840421,3.940536,-8.587457,-5.207706,-14.426184,-10.911604,-18.149020,-9.311421
27.007599,5.439475,13.157549,4.121859,-9.964309,10.978897,6.110933,1.583886,1.320104,-0.639582,-3.238819,13.062928,-1.403540,-9.486610,-7.049653,-18.241245,-8.107485,-10.431373,-14.109133
30.580819,8.709911,12.115053,1.413092,-9.964309,15.996979,-5.974441,-1.088487,2.318593,0.418402,-2.223301,15.194430,-4.664332,-6.144106,-2.695430,-17.829252,-3.919753,-12.847059,-19.303777
32.695583,4.789868,10.312047,-4.465507,-12.319051,20.438270,0.276265,-6.978805,5.468299,0.461585,-3.130785,25.038605,-1.843488,-3.290272,-4.076890,-22.905013,0.969009,-21.678431,-19.648936
24.212222,5.204273,7.936522,-3.831540,-16.780667,19.123186,5.948577,-16.022339,8.520592,-1.416876,-3.973449,24.870329,7.473060,-0.045502,-4.735561,-24.536507,-0.654429,-17.223529,-13.936553
23.166995,9.493919,6.876936,-6.367407,-19.569177,16.827558,1.219959,-12.249577,9.015778,-1.827115,-5.593957,29.722301,4.923949,1.192462,-7.148745,-26.299840,6.171389,-16.235294,-13.228977
27.785443,8.889113,8.184329,-6.597940,-19.940978,20.991989,-2.859236,-13.072557,9.640848,1.238880,-3.843809,22.318135,3.888777,2.547707,-7.772442,-24.025635,5.765530,-16.925490,-16.042023
17.503319,8.082704,8.697032,-1.026719,-18.391806,17.208240,-2.818647,-12.619455,6.564202,1.735485,-0.235477,19.990311,4.458122,0.371496,-5.190219,-20.235294,-0.451499,-7.607843,-15.938476
17.600549,7.108293,10.594034,0.740703,-10.645945,11.001968,-2.879530,-11.472831,4.169451,2.987793,4.129091,15.250523,0.835019,-4.182910,-4.904601,-17.260700,-5.192676,-6.933333,-10.795605
13.152255,11.543542,14.097505,4.736614,-3.953521,8.833234,-10.875563,-6.350011,3.268376,4.563973,6.527443,3.639445,2.879484,-5.271015,-3.896193,-14.005951,-7.941451,-9.364706,-11.416892
9.530419,13.884367,14.541848,7.310903,0.508095,2.880751,-3.599985,-16.484688,4.218158,2.296864,5.511925,5.686809,2.775967,-8.378958,-5.050324,-11.385672,-2.831312,-10.070588,-11.227054
10.915953,13.716365,15.353628,9.001480,2.614969,4.438087,-4.614710,-20.941726,6.044663,2.728695,5.058183,-0.763790,4.315785,-5.994247,-4.764706,-10.248569,-5.727672,-10.447059,-10.571252
14.319020,8.631510,12.294499,5.543481,1.623499,12.513161,-4.391470,0.733165,2.042588,-1.071412,1.060929,7.173251,3.099458,-9.486610,-6.799008,-13.528038,-7.424903,-13.474510,-12.711238
18.013779,4.969070,9.970245,4.832670,2.491035,16.077729,2.041886,3.858640,0.500206,-6.512474,-2.677043,17.185702,-5.945357,-11.806165,-9.532784,-14.805219,-1.060288,-13.427451,-13.988327
23.628840,3.457053,7.765621,4.775036,5.527413,14.716503,1.625849,8.972213,0.134905,-7.592050,-4.643259,16.961334,-11.871717,-8.717769,-6.676600,-14.912337,1.430213,-16.486275,-17.957656
24.746990,7.052293,3.450370,1.105715,6.332982,18.108034,0.428473,10.544198,-1.001587,-10.658045,-8.446052,19.681804,-13.295079,-13.291722,-11.071626,-14.121309,1.614694,-6.807843,-14.195422
16.555322,17.636408,3.775082,1.240192,2.181201,19.261616,0.103761,4.404211,0.483970,-8.628443,-9.526390,11.099702,-1.105928,-10.763668,-13.939467,-15.752804,1.153491,-7.701961,-10.381415
18.621469,13.391562,6.013886,-1.314885,0.136294,13.862852,2.214389,2.249668,2.107530,-3.230564,-5.810025,8.491417,7.641276,-7.069322,-6.670771,-13.692836,2.002106,-18.760784,-20.045869
24.479606,9.236316,6.124971,-4.811307,-7.981369,15.639368,0.195087,-0.320989,3.122255,-4.331731,-6.847150,15.110292,5.260380,-9.037034,-7.107942,-13.857633,8.089998,-10.949020,-21.926986
23.531609,5.405875,5.202106,-3.946807,-15.293462,15.039506,0.722744,-0.496681,3.471321,-5.648814,-8.554086,19.737896,2.348959,-10.809277,-6.554192,-17.021744,4.234333,-1.239216,-10.036255
14.586404,10.165927,6.056611,-2.313863,-12.876753,11.117327,-2.849088,-3.936553,4.883818,-6.102235,-5.831632,12.081315,1.766674,-6.952041,-2.520562,-10.677043,4.713985,-8.219608,-2.960494
15.194095,15.340383,6.347143,-3.043885,-12.009216,10.552071,-2.808499,-6.627420,4.453574,-9.384146,-6.933577,6.808652,1.016175,-5.785748,-2.689601,-6.688945,3.773129,-9.505882,2.078828
15.339940,6.145083,5.766079,-1.987274,-10.336110,9.940673,-4.147936,-8.707988,-0.368399,-12.234226,-6.652689,9.725444,-3.422126,-7.701335,0.831083,-1.473106,-2.480797,5.803922,6.048157
11.669490,0.332219,4.979934,-0.219852,-8.167269,12.628519,-5.193103,-6.932570,-4.849424,-12.989929,-5.248249,10.566827,-4.146746,-9.753750,2.748806,0.611582,1.577798,2.729412,9.793133
11.888258,-0.014984,6.159152,1.067292,-5.750561,9.790707,-4.026169,-2.577249,-4.849424,-10.830777,-4.794507,6.500145,0.990295,-8.867628,0.731991,-3.252918,-1.300114,1.803922,7.446052
9.335958,1.530632,6.646220,2.181537,-4.944991,8.060334,-4.432059,0.594461,-4.841306,-8.844358,-4.535225,3.947951,-0.497765,-9.004456,0.796109,-3.071641,4.880018,3.560784,-1.234699
9.457496,0.489021,3.663996,0.663859,-2.032547,7.933440,-1.844511,3.155871,-5.831678,-8.909133,-6.134127,7.481758,-8.597986,-11.558572,0.055833,1.616846,3.533303,2.023529,4.995422
10.721492,3.658656,4.424506,0.644648,-2.962051,4.230442,-15.147555,0.742412,-2.048783,-6.598840,-6.090913,8.351186,2.931243,-8.470176,-0.795193,-0.772717,-0.728222,0.517647,7.480568
16.166400,7.209094,5.894255,-2.083330,-7.423667,7.760403,-20.373388,0.030396,1.587991,-5.519265,-7.408927,9.529122,8.288258,-10.288029,-1.284825,-8.386358,1.356420,3.623529,1.457542
15.364248,8.541909,4.740673,-3.581796,-8.167269,9.686885,-8.734493,-1.171710,2.554009,-6.382925,-7.581781,9.473030,6.994293,-7.877256,-0.958404,-8.163882,-1.613733,-4.533333,1.561089
12.544564,6.581888,5.355917,1.778103,-9.406607,9.063951,-0.342718,1.953765,1.474342,-7.289769,-6.825544,7.958541,8.495293,-7.349493,-1.593759,-8.674754,4.750881,-20.784314,2.458503
14.051637,1.844236,5.783169,-0.719341,-5.192859,6.929824,-0.403601,3.294575,-1.066529,-8.326162,-7.041611,5.294163,-0.898894,-9.910124,0.498833,-7.883726,7.333623,-5.098039,1.630121
4.887663,-1.874205,5.697719,-1.545418,-2.838117,7.702724,-2.504082,1.278737,-0.985351,-7.009079,-4.988968,8.771878,-0.510704,-9.851484,1.985214,-7.331655,5.654841,4.313725,-0.716960
1.873518,1.183429,5.065385,-0.796185,-4.883024,6.975967,-4.584268,4.718608,-0.969116,-7.397726,-3.087572,10.819242,-1.972885,-10.457435,0.102464,-6.829023,4.621744,1.349020,4.374136
6.978119,1.799435,5.663539,-1.141985,-5.068925,2.523140,-4.127642,1.722591,-0.376516,-5.324941,-0.321904,10.875334,-6.217090,-8.587457,3.255924,-8.592355,2.961410,3.341176,0.784482
8.776883,-4.707836,6.150607,0.106737,-3.333852,3.053788,-6.542687,1.509911,0.167376,-2.993057,-0.818860,14.381094,3.992294,-7.974990,1.314885,-11.105516,0.802976,0.250980,-2.943236
10.988876,-1.392599,7.859617,0.721492,-0.793210,5.880064,-15.736095,-3.705379,2.675776,-1.049821,-1.402243,9.473030,14.331075,-4.482628,-2.328206,-8.328679,-1.761318,-11.450980,0.611902
13.176562,1.709834,10.559854,2.431281,0.322194,9.167773,-5.111925,-2.882399,4.559106,-0.941863,-2.115267,4.761288,7.382483,-8.352895,-4.822995,-9.383383,-4.805264,-12.407843,-3.167590
17.965164,5.417075,7.765621,-1.045930,-3.024018,7.298970,-0.697871,2.628794,2.765072,-3.770352,-5.572351,5.069795,-1.080049,-12.933364,-4.170153,-11.352712,-2.148730,-0.941176,-2.011307
14.367636,8.721111,7.022202,-2.909407,-7.113832,6.687572,-7.922713,2.804486,6.207019,-3.662394,-6.242161,9.332799,-3.564462,-10.991714,-0.812680,-12.020142,-1.410803,0.125490,1.509316
15.777478,2.337041,6.646220,-2.390707,-5.440726,7.391257,-6.248417,4.829572,7.416571,-5.627222,-6.393408,17.830762,-6.760555,-12.477272,-2.975219,-11.608148,-1.466148,-0.345098,-0.406317
14.537789,3.042649,4.262150,-1.334096,-2.280415,6.030030,-9.211414,-4.916732,5.370886,-6.490883,-6.220554,19.289158,-5.544228,-12.184070,-2.619654,-8.600595,4.492607,-1.772549,4.253330
7.172580,5.271473,4.193790,-0.680919,-0.607309,2.557748,-7.679179,-1.689540,6.280079,-5.109026,-4.103090,12.165454,-1.662333,-11.747524,-1.378088,-5.148089,4.769329,1.270588,-3.719844
12.301488,4.756268,4.202335,-1.968063,-0.359442,3.549828,-8.440223,3.581231,7.838697,-3.489662,-2.417762,9.753491,4.212268,-10.972168,-0.084062,-6.565347,5.396567,-6.149020,-15.041062
15.971939,7.657099,4.638132,-3.639429,-4.387289,4.495766,-9.536126,-2.281346,9.786969,-2.453269,-3.519707,15.222477,8.314137,-8.105303,-0.078233,-11.426871,6.171389,-21.490196,-5.186770
14.173175,2.057038,6.253147,-0.604074,-1.722713,-0.579995,-11.880140,-2.715953,8.837186,-1.675975,-1.402243,13.679942,6.696681,-7.831647,-0.602838,-8.699474,2.002106,-13.662745,-2.183886
8.752575,0.197818,6.911116,0.606226,2.243168,7.818082,-17.674220,0.418769,7.270451,-2.798734,-1.726345,8.379232,4.212268,-7.720882,-0.696101,-6.763104,-1.964248,-3.200000,-4.185809
7.099657,2.314641,5.731899,-1.795163,-3.891554,15.454795,-7.547265,1.214008,5.021820,-4.698787,-4.189517,8.799924,3.500587,-6.743542,-2.042588,-10.907759,-1.890455,-2.400000,-2.925978
11.936873,2.617044,4.578317,-1.430152,-6.060395,20.115267,0.611124,-3.409476,3.382025,-7.073854,-3.757382,7.621988,4.923949,-8.483207,-3.161746,-12.596933,-2.665278,-6.211765,-0.785992
17.819318,5.809079,5.415732,0.068315,-5.564660,23.945159,3.269703,2.203433,3.300847,-9.405737,-3.670954,1.844495,1.947829,-11.890867,-4.187640,-13.149004,-8.181277,-7.827451,-1.562600
19.180545,5.977081,8.449226,-1.065141,-2.590249,19.734585,2.539101,3.516503,3.024842,-6.534066,-1.920806,2.012772,-0.756558,-11.565087,-3.103456,-11.319753,-9.472648,-10.854902,-5.100481
18.864546,8.329107,10.688029,0.548592,-4.077455,19.573083,0.195087,0.159854,4.688991,-5.152209,-1.726345,5.855085,-1.338842,-11.135058,-4.572351,-10.685283,-6.133532,-14.603922,-9.363195
15.558709,12.293950,12.371405,4.294759,-5.626627,18.696361,1.544671,-8.060700,5.200412,-5.281758,-2.180087,3.443122,-4.521996,-13.597955,-6.052903,-11.146715,-9.066789,-3.717647,-4.013230
13.152255,19.910033,11.217823,-1.526207,-3.953521,21.776425,2.285420,-8.504555,5.305943,-5.476081,-3.908629,0.526329,5.933242,-12.483787,-6.204456,-13.371481,-14.416754,-6.431373,-3.719844
4.741817,23.617273,9.611353,-4.388663,-5.998428,19.434653,3.066758,8.953719,6.718441,-4.353323,-4.470405,-7.270481,17.436591,-8.815503,-5.621561,-15.629206,-14.066239,-16.768627,-6.066926
2.529824,13.514763,10.628214,-0.584863,-1.598779,15.789334,3.361028,13.512474,5.119234,-3.705577,-2.590616,-8.224048,6.541405,-10.059983,-2.742061,-11.468070,-17.774319,-8.956863,-3.150332
11.231952,9.001114,8.902113,0.529381,0.817929,18.938613,5.045472,14.095033,0.930449,-7.289769,-4.189517,2.181048,-3.887953,-13.096254,-3.208377,-10.298009,-15.929503,-4.752941,-8.897230
17.333165,3.053849,7.381094,2.219959,5.403479,17.796567,5.857252,20.124056,-0.790524,-9.578470,-3.282033,6.864744,-11.043580,-12.835630,-5.405890,-7.142138,-15.007095,-15.278431,-5.566445
20.614694,-3.531823,6.193332,6.388769,13.645075,19.411582,3.908980,22.491279,-3.022919,-12.104677,-0.797253,3.358984,-24.656092,-15.500511,-3.365759,2.045319,-14.859510,-22.745098,2.631083
8.922728,0.332219,4.415961,4.486870,11.352300,21.684138,2.123064,11.274708,-4.411063,-13.313802,-1.683131,1.031159,-14.149096,-14.529686,-1.838575,0.380865,-8.882307,-14.101961,7.014603
9.870726,-2.445411,4.894484,3.276570,10.546731,19.596155,2.386893,9.258869,-3.160922,-11.716030,-1.034928,-0.735744,-5.013703,-11.832227,-2.835325,-3.953307,-16.298466,-5.098039,4.425910
8.290730,3.255451,5.202106,1.643626,9.989029,17.888853,-1.103761,13.161089,-2.276081,-9.902342,-1.575097,-3.091615,-7.549874,-12.164523,-2.707088,-3.854429,-14.213825,-4.925490,4.063493
6.735042,5.876280,7.466545,-0.642496,6.332982,18.719432,-1.712596,7.779355,0.143023,-6.512474,-0.862074,1.704265,-3.849134,-8.398505,-3.884535,-6.639506,-10.837812,-8.329412,-2.960494
11.159030,0.668223,8.714122,0.510170,7.324453,19.146258,-6.025177,2.795239,1.587991,-4.849928,1.449851,0.582422,-7.692210,-6.789151,-1.523812,-6.441749,-11.963149,-6.133333,-2.425498
13.784253,6.458686,5.851530,-2.986252,3.110704,23.449119,-2.037308,3.988098,-0.644404,-7.505684,0.153445,-1.717357,-6.682918,-6.300481,0.382254,-7.570611,-13.918654,-6.729412,-0.975830
19.180545,5.069871,4.903029,0.875181,2.491035,19.676905,5.491951,4.709361,-0.173571,-7.505684,0.650401,4.172320,-7.342840,-9.037034,-0.573693,-6.408789,-13.088487,-6.180392,-16.801373
9.335958,4.969070,2.706950,3.007614,4.969711,12.778485,-3.569543,2.416114,1.165866,-7.894331,-0.235477,0.358053,7.123690,-4.847501,1.769543,-4.324102,-7.978347,-9.035294,-12.607691
10.113802,6.783490,0.545052,-2.102541,5.279545,15.893156,-3.965286,4.293248,-0.027451,-10.161440,-2.720256,-3.456214,20.503288,-1.029358,0.015030,-3.747311,-13.199176,-23.968627,1.077867
16.555322,1.665034,0.750134,-3.255207,4.226108,20.242161,1.027161,3.202106,0.954803,-11.197833,-3.973449,5.518532,2.103105,-12.386053,-5.137758,-4.653696,-7.609384,-8.611765,0.715450
16.749783,6.996292,0.681773,-3.485740,0.755962,22.307073,-0.850080,8.093751,-0.465812,-11.996719,-4.837720,7.986587,-7.213443,-14.822889,-4.939574,-8.427558,-7.111284,2.556863,-1.873243
15.121172,10.087526,4.877394,0.414115,-0.111574,23.656764,1.960708,7.344747,0.630091,-8.131838,-2.028840,6.724514,-7.743969,-13.441581,-4.356680,-8.032044,-11.557290,-15.388235,0.059648
15.704555,8.149905,6.945296,3.526314,0.012360,22.053285,0.002289,6.272099,1.693523,-6.102235,-0.300298,4.368643,-7.006409,-13.454612,-4.677272,-7.760128,-9.564889,-14.431373,-5.290318
8.582422,8.183505,6.825666,3.084459,7.572320,16.735271,-14.640192,8.583841,-1.967605,-4.353323,2.400549,-0.343099,-5.194858,-9.669047,-0.025772,-2.264134,-10.837812,-8.956863,-3.616297
2.894438,-1.907805,5.962615,2.296803,12.901472,17.104417,-9.820249,7.723873,-3.518105,-6.274968,3.675349,-3.175753,-3.913832,-10.027405,-0.235615,2.218357,-10.764019,-9.003922,3.942687
2.967361,-3.375021,3.159838,1.413092,12.963439,17.438956,0.580682,6.272099,-4.370474,-9.664836,1.449851,-3.540352,-6.074754,-12.816083,-1.448035,4.072328,-10.616434,-4.956863,6.600412
9.919341,-0.048585,3.262379,2.316014,11.971969,11.567224,-2.717174,5.569329,-5.782971,-9.535286,1.773953,-0.090684,-11.483528,-13.930251,0.026688,6.058137,-9.730922,-5.568627,6.496864
20.250080,-1.997406,0.476692,0.394903,11.042466,10.967361,-4.695888,4.357977,-5.588144,-11.910353,-0.667613,-2.446555,0.744442,-13.278691,-2.369009,3.619135,-7.258869,-6.368627,4.822843
8.290730,3.591455,1.365377,0.164370,8.997559,20.415198,-4.908980,-6.183566,-2.860563,-9.794385,-2.525795,-3.147707,5.402716,-10.985199,-3.418219,0.850538,-5.783017,-2.964706,3.563012
5.568276,6.380285,4.005798,1.451514,3.978241,22.526253,1.889677,0.354040,-2.113725,-8.153429,-2.936324,2.966339,3.241794,-10.542138,-5.854719,-5.906157,-6.945251,-7.074510,-2.701625
9.214420,3.849058,2.305333,-1.180407,1.251698,22.964614,5.441215,11.015793,-1.610422,-8.520485,-3.109178,6.247730,3.526467,-13.154894,-6.146166,-9.465782,-8.384207,-11.074510,-3.064042
8.436576,3.401053,4.433051,-1.084352,-1.103044,24.083589,3.706035,6.346075,0.175494,-7.160220,-1.337423,-3.876905,1.753735,-10.470466,-4.269245,-10.232090,-8.125933,-3.325490,-1.251957
10.794415,-0.194186,2.066072,-2.044907,-1.598779,20.772808,4.943999,12.254887,0.069963,-7.980697,-3.001144,-7.887495,4.238148,-7.844678,-4.508232,-11.855344,-5.045090,-2.556863,-0.509865
13.200870,1.765835,1.040665,-2.525185,-1.165011,21.361135,-3.336156,4.672374,-0.920409,-8.002289,-4.794507,3.330938,-2.645747,-8.281224,-3.692180,-10.124971,-5.118883,0.392157,4.943648
13.662715,0.959426,4.176699,-0.565652,0.384161,18.673289,-8.085069,-2.863905,-1.667247,-6.339742,-3.130785,10.146136,-5.712444,-5.655436,-1.628733,-7.545892,-4.989746,-6.760784,7.049119
7.853193,-1.941405,2.125887,-0.488808,2.614969,15.201007,-0.119478,12.088441,-3.006683,-8.002289,-1.510277,6.976928,-1.778790,-2.984039,1.728740,-8.271000,-1.355459,-25.192157,6.168963
4.814740,2.919448,2.724041,1.931792,3.234638,17.519707,-0.505074,10.165072,-3.209628,-9.427329,-0.624399,0.217823,-0.187213,-6.652323,0.656214,-9.268025,-7.923003,-13.019608,6.790249
0.147677,3.378653,2.604410,-0.123796,0.941863,18.315679,-5.071336,3.710689,-3.680461,-10.355764,-1.207782,2.601740,2.646571,-9.115221,0.224872,-8.847791,-10.579538,7.200000,7.307988
8.703960,10.669932,2.903487,-0.873030,-2.528283,17.542779,-5.345312,5.319661,-2.008194,-10.010300,-1.531884,-1.436896,0.977356,-6.991135,-1.366430,-9.918975,-6.779217,5.443137,-2.667109
22.340536,6.425086,3.920348,-1.103563,-4.387289,17.969604,-4.553826,3.229847,1.490578,-4.936294,0.347906,-6.793698,2.439536,-2.482338,-0.276417,-11.385672,-6.963699,-0.784314,-14.350744
13.735637,-1.067796,2.681315,-4.696040,-5.316793,15.881621,-5.690318,-0.219272,0.126787,-3.446479,-0.408331,6.920836,2.957122,-0.918593,3.792187,-14.871138,-2.978897,1.568627,-7.913527
12.544564,-2.535012,2.963302,-4.042863,-8.539071,16.700664,-4.391470,2.277409,-1.780896,-2.474861,-0.905287,11.941085,-0.226032,-5.029938,-1.238193,-14.475624,-5.856809,2.133333,3.114305
9.141497,-5.469444,3.245289,-4.753674,-12.319051,17.092882,-1.113909,-3.807095,-1.423713,0.763867,-0.213870,2.770016,8.676448,-1.452873,-1.529641,-13.363241,-6.853010,2.588235,8.136370
2.383978,-0.496590,3.894713,-2.832563,-10.769879,20.288304,-2.605554,-5.101671,-3.047272,-0.531624,-1.812772,2.517601,9.595163,-0.807828,-1.797772,-13.791714,-8.144381,3.137255,10.017487
7.999039,2.908248,5.167926,-1.334096,-10.398077,15.420188,-4.980011,3.793912,-1.496773,-0.013428,-0.948501,1.031159,2.827726,-1.329076,-2.812009,-14.352026,-11.704875,1.992157,8.343465
5.665507,13.783566,8.278325,1.489937,-11.265614,12.582376,-4.229114,1.278737,1.482460,-0.963455,-0.062623,-1.689311,-2.335195,-3.746365,-2.363180,-16.700389,-6.502495,0.203922,5.202518
15.412863,13.447562,10.192416,4.486870,-11.823316,23.310689,3.026169,1.861295,0.906096,-5.152209,-0.905287,-7.326574,-5.673625,-10.392279,-5.231022,-17.343099,-7.129732,-4.203922,2.631083
17.479011,12.450752,9.807889,-0.584863,-10.522011,24.095125,7.602579,9.822934,5.314061,-4.461280,-1.034928,-9.822675,2.918303,-9.121736,-4.438285,-16.082399,-16.150881,-16.878431,-0.285512
11.183337,12.719554,10.482948,-0.277485,-7.981369,22.630076,4.639582,15.241657,4.672755,-3.532845,-0.905287,3.667491,2.504234,-9.897093,-5.254337,-13.742275,-15.080888,-28.188235,-2.770657
14.489174,3.042649,10.072786,0.529381,-7.113832,19.723049,7.298161,11.635340,-0.068040,-3.381704,-0.494759,5.097841,-8.610925,-11.135058,-5.499153,-14.121309,-6.539391,-11.309804,-3.460975
11.572259,6.077882,10.910201,1.874159,-3.209918,20.276768,-3.640574,9.970886,-1.748425,-2.043030,1.104143,-3.372076,-10.461295,-8.984909,-2.211627,-12.638132,-8.291966,-5.019608,-0.061158
8.703960,5.047471,12.422675,5.024781,-1.412879,20.415198,-8.156100,5.504601,-3.745403,0.094530,4.085878,-3.961044,-10.448356,-6.248356,1.950240,-9.243305,-9.860060,-12.329412,2.268666
2.189517,3.031449,9.218280,1.451514,-3.271885,16.423804,6.709621,8.528359,-2.966094,-0.617990,3.567315,-10.103136,-12.337545,-5.772717,2.597253,-9.103227,-14.361410,-1.207843,6.186221
1.727672,5.797879,8.013428,2.661814,-3.457786,16.827558,1.453346,11.246967,-1.399359,-2.258946,1.385031,-15.067292,1.003235,-3.870161,1.384833,-9.762417,-17.940352,-6.807843,9.154589
3.963973,3.177050,6.962387,-2.179385,-5.254826,14.912612,-2.717174,5.643305,-0.043687,-2.863508,1.104143,-5.419440,5.687388,-1.022843,4.975463,-6.894942,-16.372259,-6.917647,3.390433
8.898421,6.514687,7.064927,-3.869963,-8.539071,17.900389,-0.413748,2.166445,-0.546990,-5.260166,-0.602792,1.423804,-5.324254,-4.945235,0.574609,-8.188602,-14.121584,4.956863,2.458503
8.120577,17.166003,9.577173,-0.776974,-9.096773,19.307759,-0.058595,-0.154543,1.880232,-4.396506,-1.099748,2.770016,-2.710445,-8.131365,-3.085969,-10.388647,-12.221424,1.019608,-7.620142
9.117189,13.738766,10.115511,-1.679896,-9.220706,15.743191,-0.687724,-1.948455,4.047684,-0.790723,0.844862,3.330938,0.446830,-6.535042,-0.369680,-9.169146,-13.254520,0.862745,-14.488808
15.048249,2.852247,10.423133,3.046036,-5.874495,18.419501,2.305715,0.215335,-0.222278,-1.114595,0.693614,-4.858518,0.537407,-8.730800,-1.278996,-8.650034,-15.523644,-3.921569,-3.271138
2.383978,1.250629,11.516899,4.352392,-2.838117,13.032273,4.812085,7.742367,-3.639872,0.072938,1.536278,-5.868177,-3.473884,-8.958846,-0.474601,-4.439460,-15.874159,-6.823529,5.789288
0.487984,1.900237,15.584344,8.175402,-0.917144,14.497322,0.966278,-2.660472,-5.076722,2.210498,3.632136,-8.925200,-5.608927,-7.512383,0.329793,-5.378805,-13.789517,-1.866667,4.063493
5.495354,2.684245,14.319677,6.311925,0.136294,21.557244,1.656291,8.324926,-4.743893,0.677501,2.033234,-19.021790,-0.394247,-8.593973,2.643885,-5.420005,-17.995697,-12.219608,2.665599
4.887663,2.740246,12.798657,5.274525,-2.466316,12.178622,-0.961700,18.801740,-1.878309,-0.207752,1.881987,-15.403845,1.067933,-7.395102,0.539635,-5.708400,-16.187778,-13.709804,3.856397
5.811353,1.978637,10.363317,4.410025,0.879896,14.785718,2.336156,11.949737,-1.139590,-4.374914,-0.105837,-7.719219,-1.390600,-10.183780,-2.986877,-8.468757,-15.634333,-3.278431,2.889952
7.877501,3.289052,8.491951,2.853925,1.995300,17.773495,2.183948,13.050126,0.565148,-6.361334,-3.368460,1.732311,-1.908186,-9.929671,-5.755627,-7.208057,-15.449851,-11.325490,1.612863
7.269810,4.263462,10.482948,5.812436,0.941863,15.212543,2.082475,6.568002,1.831525,-5.713588,-3.130785,3.218753,2.219562,-10.314092,-5.662364,-5.947356,-16.280018,-13.929412,1.198672
8.436576,3.737057,8.449226,0.106737,2.057267,17.508171,2.894255,4.330236,1.782818,-6.987488,-4.643259,0.806790,-0.329549,-14.568780,-4.304219,-5.650721,-13.254520,-4.941176,4.684779
7.828885,4.129061,10.739300,1.067292,-0.111574,15.281758,3.320439,-0.228519,1.230808,-4.202182,-2.612222,-1.408850,-2.529290,-13.089738,-4.292561,-6.301671,-8.992996,-1.521569,1.854475
3.866743,4.946670,12.055238,4.410025,1.933333,12.028656,3.706035,6.327581,-2.381613,-2.302129,0.391119,-8.616693,-5.363073,-12.438178,-1.949325,-3.154040,-18.512245,-1.333333,6.445090
-0.605859,0.903426,15.635615,6.907469,5.651347,12.766949,2.681163,13.484733,-3.217746,0.072938,2.530190,-12.262684,-7.536934,-11.141573,-2.036759,-3.409476,-20.559991,-3.356863,3.614786
-1.675395,-3.083818,18.318761,8.674891,5.961181,16.123873,8.038911,11.533623,-3.647990,2.080949,3.826596,-9.373938,-9.503761,-9.669047,-2.695430,-5.238727,-23.050492,-6.368627,-0.112932
0.998444,2.897047,17.524071,8.501991,7.882155,13.089952,1.443198,13.540215,-3.233982,2.469596,3.696956,-5.924269,-13.269200,-9.519188,-1.850233,-5.955596,-19.951202,-6.729412,-5.497414
-2.817853,2.762646,18.848554,11.268391,9.307393,12.167086,4.436637,11.958984,-2.186786,2.167315,4.885328,-6.429099,-12.311666,-5.479515,0.877714,-5.354086,-21.611536,-14.635294,-7.740948
6.443351,8.351507,16.336309,10.038880,8.253956,15.085649,7.379339,6.290593,-0.408988,-3.360113,0.909682,-0.763790,-6.450004,-7.740429,-6.781521,-7.010300,-23.899107,-19.027451,-3.530007
4.012589,16.650797,14.652934,5.466636,9.431327,17.958068,6.334173,9.573266,3.089784,-5.303349,-3.238819,-1.829541,-6.113573,-12.542428,-12.103349,-10.495766,-22.533944,-9.741176,-3.150332
8.703960,11.196338,12.978103,4.198703,8.377890,17.000595,3.137789,13.216571,3.844739,-4.590829,-3.044358,-4.550011,-6.204150,-9.786328,-8.640955,-8.707713,-26.242023,-8.988235,-1.769696
17.187320,7.925902,11.756161,4.640558,7.138552,17.196704,-3.549248,6.826917,3.073548,-4.439689,-1.639918,0.806790,-1.597635,-9.173861,-4.461601,-7.850767,-16.298466,-11.607843,-15.765896
4.182742,8.452308,11.645075,5.389792,6.332982,14.105104,5.562982,9.046189,0.906096,-1.524834,0.909682,-4.578058,-7.925124,-6.710964,0.597925,-7.109178,-17.700526,-16.172549,-5.324834
5.616892,4.431464,12.533761,5.428214,5.899214,9.294667,3.817655,8.657816,-1.813367,-0.985046,1.687526,-12.935790,-7.316960,-6.352605,1.192477,-6.054475,-21.888258,-8.972549,7.877501
0.755367,-5.984649,12.721752,6.350347,13.025406,10.286748,1.199664,9.554772,-4.362356,-0.812314,2.746258,-9.205661,-12.686915,-7.258274,1.204135,-1.308309,-19.600687,-5.254902,8.723140
-5.297230,-2.882216,15.088731,11.326024,14.512612,10.286748,3.127642,10.239048,-4.427298,0.915007,4.993362,-7.242435,-13.502113,-2.971008,1.285740,1.089494,-22.570840,-18.211765,4.374136
1.630442,-1.067796,15.601434,8.156191,11.786069,13.459098,4.152514,6.327581,-5.011780,-0.704356,2.811078,-12.599237,-1.545876,-9.154314,-0.614496,-0.574960,-26.002197,-12.298039,5.772030
4.547356,2.135439,16.225223,9.577813,8.687724,10.667430,3.797360,2.869215,-2.787503,0.807050,2.378943,-7.438758,-4.573754,-10.112108,-3.010193,-6.482948,-24.323415,-4.517647,1.733669
3.793820,7.231495,19.079271,10.499947,6.580850,14.231998,0.814069,2.453101,0.987274,2.318456,1.730739,-1.913680,-6.864073,-7.284337,-6.111192,-10.594644,-20.523095,-9.035294,-7.257725
7.002426,5.417075,15.345083,6.119814,10.298863,18.015747,5.613718,8.731792,0.467735,-0.142977,-1.769558,-7.298528,-2.865721,-11.271885,-9.690166,-9.556420,-19.969650,-13.003922,-1.286473
7.367041,8.911513,15.336538,5.485847,7.634287,13.297597,4.213397,-4.509865,2.610834,1.541161,-1.855985,-0.118730,-2.296376,-7.193118,-7.708324,-10.792401,-17.608286,-9.819608,-4.392905
14.975326,4.476265,11.961242,-1.161196,0.879896,16.146944,5.045472,-4.879744,-0.132982,-1.697566,-5.269856,11.548440,-7.614572,-9.558282,-6.880613,-13.552758,-12.737972,-3.105882,1.716411
15.631632,2.874647,9.175555,1.662837,2.800870,18.281071,4.578698,8.972213,-4.849424,-3.424887,-3.930236,3.611398,-13.049226,-11.877836,-0.264759,-12.020142,-12.258320,-2.964706,-2.839689
5.276585,-0.149386,13.140459,7.349325,6.828717,15.385580,5.461509,0.714672,-5.466377,-0.510033,-0.192264,-2.194141,-14.356130,-7.694820,1.950240,-7.150378,-16.113985,-1.819608,-0.354543
8.801190,0.847425,12.029603,6.619303,6.828717,13.355276,10.159686,4.515175,-6.773342,-0.833906,-2.677043,-8.953246,-7.769848,-8.027115,-5.126101,-8.575875,-16.040192,-4.925490,6.652186
0.731060,9.549920,16.020142,7.272480,7.262486,12.755413,-1.398032,9.360586,-2.113725,3.333257,-1.250996,-20.760647,-2.995117,-3.700755,-2.392325,-7.801328,-16.556741,-8.533333,1.336736
-0.776013,17.513207,19.036545,5.543481,2.553002,9.479240,-2.088045,6.225864,0.979156,4.326467,-1.121355,-12.459007,-6.100633,-4.665064,-2.677943,-11.369192,-18.161730,-11.403922,5.271550
9.700572,11.890745,16.438849,4.294759,1.003830,12.916915,3.026169,7.048844,-0.652522,2.534371,-3.001144,-2.306325,-1.545876,-5.023423,-1.512154,-10.701762,-17.423804,-23.529412,-3.046784
14.294713,-0.731792,15.772335,2.258381,-2.714183,18.200320,-2.362020,1.713344,0.248554,2.858244,-4.103090,3.863813,-3.240970,-2.006699,-0.812680,-12.102541,-13.457450,-7.011765,-10.536736
15.412863,4.140261,13.584802,-0.700130,-5.750561,19.919158,-0.515221,0.844129,0.207965,0.871824,-6.026093,-0.875975,-4.366720,-4.319738,-3.896193,-16.502632,-17.091737,3.968627,1.233188
12.982101,4.229862,11.781796,0.567803,-5.254826,16.596841,3.787213,-0.015839,0.151141,0.224079,-6.933577,-3.315984,9.414008,-1.133608,-4.578180,-14.310826,-16.243122,-11.011765,3.183337
8.290730,8.004303,9.483177,0.433326,-4.511223,15.858549,4.568551,3.784665,-2.251728,-1.287327,-6.458228,0.722652,-0.704799,-5.388296,-4.659785,-13.404440,-10.616434,-1.380392,-0.371801
2.870130,6.671489,10.183871,1.124926,-1.660746,19.065507,6.598001,3.904875,-3.242100,-2.107805,-4.297551,-4.634150,-14.019699,-7.486320,-0.975891,-9.408103,-11.870909,3.309804,6.099931
9.165805,4.532265,13.029374,1.240192,-3.767620,17.473564,-0.322423,2.462348,-1.569833,-0.315709,-4.816114,-7.971633,-11.121218,-4.580362,-2.048417,-9.927214,-12.295216,2.478431,8.464271
9.967956,7.970703,13.456626,1.163348,-2.466316,19.192401,-5.091630,3.109636,-1.107118,-0.272526,-5.593957,-5.475532,-6.669978,-5.655436,-1.570443,-9.531701,-11.538842,-0.800000,1.026093
12.179950,7.981903,14.046235,3.103670,-4.449256,16.827558,1.230106,0.770153,0.313497,0.310445,-5.637171,5.069795,-4.379660,-3.557412,-1.756970,-13.453880,-11.206775,-10.525490,-6.774502
13.735637,10.378729,13.285725,-1.141985,-2.900084,13.747494,8.799954,0.816388,-0.449577,1.152514,-6.047700,-0.483330,-4.547875,-5.492546,-4.962890,-13.997711,-15.173129,-5.505882,-1.096635
12.520256,9.605921,14.328222,-2.198596,-3.457786,15.154864,3.076905,-3.825589,0.378439,3.009384,-4.988968,1.283574,0.990295,-7.043259,-3.960311,-12.160220,-16.280018,-4.423529,-1.873243
14.051637,10.109926,16.840467,-0.911452,-6.803998,17.392813,-7.557412,-1.079240,2.058824,5.600366,-3.260426,0.582422,-1.778790,-6.528527,-3.802930,-10.042573,-16.907256,-6.149020,-1.700664
13.735637,2.225040,14.712749,0.414115,-6.184329,18.431037,2.386893,-0.117556,0.134905,2.404822,-4.038270,-0.399191,-0.575402,-5.271015,-4.572351,-8.666514,-12.737972,-14.807843,3.045274
14.805173,8.709911,13.362631,-2.025696,-2.404349,19.376974,2.539101,3.322316,-2.276081,-1.222553,-7.257679,5.827039,-3.085695,-7.773007,-7.306126,-10.372168,-13.272969,-15.905882,5.098970
